rank,tier,priority_score,owner,article_id,title,url,status,rewritten_ai_live,gsc_clicks,gsc_impr,ga4_sessions,m_perf,m_lcp,m_cls,m_tbt,m_fcp,d_perf,d_lcp,ttfb,field_lcp,field_cat,word_count,body_len,dom_est,image_count,external_image_count,broken_image_count,hero_url,hero_bytes,hero_w,hero_h,hero_aspect,inline_total_bytes,imgs_missing_dim,imgs_missing_lazy,imgs_over_300k,imgs_over_700k,iframe_count,script_count,table_count,legacy,primary_issue,secondary_issue,issues,m_opp
1,P0,5935.9,CONTENT,1002794878,Cách tải và sử dụng Chat GPT cho máy tính Windows & macOS (Cập nhật 2025),https://sintech.vn/blogs/huong-dan/cach-tai-va-su-dung-chat-gpt-cho-may-tinh-windows-macos-cap-nhat-20,draft_ready,False,0,18,16,32,12218,0.4563,594,3386,82,2320,,1678,AVERAGE,4044,23945,412,5,0,0,https://cdn.hstatic.net/200000860097/file/19_975ae3dd7b8a46f481c5ccbc8bcbe94c_grande.png,164328,,,,649427,5,4,0,0,0,0,1,True,BODY_HTML_LEGACY,IMAGES_MISSING_DIMENSIONS,BODY_HTML_LEGACY|IMAGES_MISSING_DIMENSIONS|IMAGES_MISSING_LAZYLOAD|CLS_LAYOUT_RISK,
2,P0,5610.5,THEME_CODE,1002399773,"Cấu hình chơi CS2 - Counter Strike 2 trên PC, Laptop",https://sintech.vn/blogs/news/cau-hinh-choi-cs2-counter-strike-2-tren-pc-laptop,applied,True,8,1095,9,51,4362,0.4721,303,3373,66,2370,,1678,AVERAGE,4245,4361,49,0,0,0,,0,,,,0,0,0,0,0,0,0,0,False,CLS_LAYOUT_RISK,,CLS_LAYOUT_RISK,
3,P0,5146.8,IMAGE,1002753568,PC Bị Giật Điện Có Sao Không: Nguyên Nhân & Cách Khắc Phục Tại Nhà,https://sintech.vn/blogs/huong-dan/pc-bi-giat-dien-co-sao-khong-nguyen-nhan-cach-khac-phuc-tai-nha,draft_ready,False,0,31,13,34,13085,0.2559,709,3473,68,2630,,1678,AVERAGE,4319,47614,858,5,0,0,https://file.hstatic.net/200000860097/file/pc_bi_giat_dien_b585afa874254e6fbaceedd1e75e2baa_grande.png,369302,,,,1299670,5,4,1,0,0,0,1,True,HERO_IMAGE_TOO_HEAVY,BODY_HTML_LEGACY,HERO_IMAGE_TOO_HEAVY|BODY_HTML_LEGACY|IMAGES_MISSING_DIMENSIONS|IMAGES_MISSING_LAZYLOAD|CLS_LAYOUT_RISK,
4,P0,3295.2,IMAGE,1002728313,"PC nào chơi được GTA 5? Gợi ý build PC chơi GTA V mượt mà, giá tốt",https://sintech.vn/blogs/huong-dan/pc-nao-choi-duoc-gta-5-goi-y-build-pc-choi-gta-v-muot-ma-gia-tot,draft_ready,False,2,149,3,32,15155,0.7655,438,3375,77,2672,,1678,AVERAGE,4406,65707,1159,5,5,1,https://shared.fastly.steamstatic.com/store_item_assets/steam/apps/3240220/header.jpg?t=1753974947,57218,,,,436157,5,4,0,0,0,0,4,True,IMAGES_BROKEN,BODY_HTML_LEGACY,IMAGES_BROKEN|BODY_HTML_LEGACY|IMAGES_MISSING_DIMENSIONS|IMAGES_MISSING_LAZYLOAD|CLS_LAYOUT_RISK,
5,P0,3260.3,CONTENT,1002404456,Thu mua máy tính cũ giá cao tận nơi tại Tphcm,https://sintech.vn/blogs/news/thu-mua-may-tinh-cu-gia-cao-tan-noi-tai-tphcm,draft_ready,False,0,19,9,44,13352,0.4675,209,3361,70,2461,,1678,AVERAGE,4377,10210,279,0,0,0,,0,,,,0,0,0,0,0,0,0,7,True,BODY_HTML_LEGACY,CLS_LAYOUT_RISK,BODY_HTML_LEGACY|CLS_LAYOUT_RISK,
6,P1,2528.3,IMAGE,1002420321,"Hướng dẫn 2 cách xóa chữ, logo, watermark trên ảnh bằng Photoshop cực nhanh chóng và đơn giản",https://sintech.vn/blogs/news/huong-dan-2-cach-xoa-chu-logo-watermark-tren-anh-bang-photoshop-cuc,draft_ready,False,2,185,2,46,14576,0.2076,119,8470,70,2781,,1678,AVERAGE,4051,6316,84,13,13,0,https://cdn.tgdd.vn/News/1562666/xoa-chu-tren-anh-1280x720-2.jpg,132097,,,,2077873,13,12,0,0,0,0,0,False,INLINE_IMAGES_TOO_HEAVY,IMAGES_MISSING_DIMENSIONS,INLINE_IMAGES_TOO_HEAVY|IMAGES_MISSING_DIMENSIONS|IMAGES_MISSING_LAZYLOAD|CLS_LAYOUT_RISK,
7,P1,2422.1,IMAGE,1002402249,"Cấu hình chơi ZZZ - Zenless Zone Zero Trên PC, Laptop",https://sintech.vn/blogs/news/cau-hinh-choi-zzz-zenless-zone-zero-tren-pc-laptop,draft_ready,False,2,161,2,50,12756,0.1868,390,3374,81,2573,,1678,AVERAGE,3639,1731,24,1,1,1,https://motgame.vn/stores/news_dataimages/2024/022024/06/15/chrome-7zp38hby3e-1707128883-10031620240206151154.1699660.png?rt=20240206152149,0,,,,0,1,0,0,0,0,0,1,False,IMAGES_BROKEN,CLS_LAYOUT_RISK,IMAGES_BROKEN|CLS_LAYOUT_RISK,
8,P0,2326.9,THEME_CODE,1002398567,"Trung tâm sửa PC uy tín, lấy ngay ở Quận 7",https://sintech.vn/blogs/news/trung-tam-sua-pc-uy-tin-lay-ngay-o-quan-7,draft_ready,False,3,55,4,52,13457,0.1261,92,8764,77,2482,,1678,AVERAGE,4277,6045,205,0,0,0,,0,,,,0,0,0,0,0,0,0,4,False,CLS_LAYOUT_RISK,,CLS_LAYOUT_RISK,
9,P1,2118.4,IMAGE,1002538930,Sửa Chữa Máy Tính Quận 7 - Dịch Vụ Uy Tín Nhanh Chóng,https://sintech.vn/blogs/huong-dan/sua-chua-may-tinh-quan-7-dich-vu-tan-noi-nhanh-chong,draft_ready,False,2,67,2,51,14513,0.1171,184,8169,74,2827,,1678,AVERAGE,4401,5718,78,1,0,0,https://file.hstatic.net/200000860097/file/screenshot_1_a28497f920534013a74a2e3051398173_grande.png,594278,,,,594278,1,0,1,0,0,0,0,False,HERO_IMAGE_TOO_HEAVY,CLS_LAYOUT_RISK,HERO_IMAGE_TOO_HEAVY|CLS_LAYOUT_RISK,
10,P1,2077.1,IMAGE,1002704151,"ASUS ra mắt bộ PC Hatsune Miku ""full gear"": Từ linh kiện đến thời trang, waifu chính thức bước vào thế giới gaming",https://sintech.vn/blogs/news/asus-ra-mat-bo-pc-hatsune-miku-full-gear-tu-linh-kien-den-thoi-tran,draft_ready,False,2,78,2,41,10803,0.2768,503,3373,77,3042,,1678,AVERAGE,4194,20122,331,9,5,0,https://cdn.wccftech.com/wp-content/uploads/2025/07/ROG-Miku-PC-Build.jpg,175435,,,,1803804,9,8,1,0,0,0,0,True,INLINE_IMAGES_TOO_HEAVY,BODY_HTML_LEGACY,INLINE_IMAGES_TOO_HEAVY|BODY_HTML_LEGACY|IMAGES_MISSING_DIMENSIONS|IMAGES_MISSING_LAZYLOAD|CLS_LAYOUT_RISK,
11,P0,2052.2,MANUAL_REVIEW,1002717797,"Top 10 Thương Hiệu Linh Kiện Máy Tính Được Yêu Thích Nhất Tại Việt Nam: Game thủ, dân văn phòng, ai cũng mê!",https://sintech.vn/blogs/news/top-10-thuong-hieu-linh-kien-may-tinh-duoc-yeu-thich-nhat-tai-viet-nam,reverse_copy_defense,False,3,73,2,46,14686,0.1887,149,8632,72,2746,,1678,AVERAGE,4492,0,0,0,0,0,,0,,,,0,0,0,0,0,0,0,0,False,NEED_MANUAL_REVIEW,CLS_LAYOUT_RISK,NEED_MANUAL_REVIEW|CLS_LAYOUT_RISK,
12,P1,1842.8,IMAGE,1002745043,NPU là gì? Vì sao PC 2025 cần có NPU để chạy AI mượt mà hơn,https://sintech.vn/blogs/news/npu-la-gi-vi-sao-pc-2025-can-co-npu-de-chay-ai-muot-ma-hon,draft_ready,False,1,115,2,40,13156,0.4404,338,3372,64,2661,,1678,AVERAGE,4547,35694,551,2,0,0,https://file.hstatic.net/200000860097/file/npu_la_gi_bb84861f2a544978934c84d3f46cdbb4_grande.png,372876,,,,410272,2,1,1,0,0,0,1,True,HERO_IMAGE_TOO_HEAVY,BODY_HTML_LEGACY,HERO_IMAGE_TOO_HEAVY|BODY_HTML_LEGACY|CLS_LAYOUT_RISK,
13,P0,1610.5,IMAGE,1002792621,Top phần mềm test VGA (card màn hình) hiệu quả 2025 Kiểm tra hiệu năng & ổn định GPU,https://sintech.vn/blogs/huong-dan/top-phan-mem-test-vga-card-man-hinh-hieu-qua-2025-giup-kiem-tra-hi,draft_ready,False,0,85,3,38,12599,0.9109,260,3371,83,2440,,1678,AVERAGE,5211,80061,1589,11,0,0,https://cdn.hstatic.net/200000860097/file/13_77529618785240b8baf73c169349a586_grande.png,199069,,,,2137497,11,10,2,0,0,0,1,True,INLINE_IMAGES_TOO_HEAVY,BODY_HTML_LEGACY,INLINE_IMAGES_TOO_HEAVY|BODY_HTML_LEGACY|DOM_TOO_LARGE|IMAGES_MISSING_DIMENSIONS|IMAGES_MISSING_LAZYLOAD|CLS_LAYOUT_RISK,
14,P1,1186.2,CONTENT,1002277948,Giới thiệu về công ty máy tính Sintech,https://sintech.vn/blogs/news/gioi-thieu-ve-cong-ty-may-tinh-sintech,draft_ready,False,1,68,1,46,12493,0.2718,328,3414,74,2610,,1678,AVERAGE,3736,3093,41,1,0,0,https://file.hstatic.net/200000860097/file/z5347294928571_68187e7f6409e367f8824cfd957cbdba_0624be57e55f4baa98c876970fa4ad9f_grande.jpg,82651,,,,82651,1,0,0,0,0,0,0,True,BODY_HTML_LEGACY,CLS_LAYOUT_RISK,BODY_HTML_LEGACY|CLS_LAYOUT_RISK,
15,P1,1163.8,CONTENT,1002601884,"Intel ra mắt CPU Core Ultra 300 (Panther Lake) năm 2026, sản xuất hàng loạt từ cuối 2025",https://sintech.vn/blogs/news/intel-ra-mat-cpu-core-ultra-300-panther-lake-nam-2026-san-xuat-hang,draft_ready,False,1,35,1,47,15154,0.1828,405,3382,62,10553,,1678,AVERAGE,4190,9451,205,2,2,0,https://cdn.wccftech.com/wp-content/uploads/2025/04/2025-04-01_21-37-38.png,0,,,,0,2,1,0,0,0,0,1,True,BODY_HTML_LEGACY,CLS_LAYOUT_RISK,BODY_HTML_LEGACY|CLS_LAYOUT_RISK,
16,P1,1060.9,CONTENT,1002600742,"AMD chuẩn bị ra mắt Radeon RX 9070 GRE với hiệu năng mạnh, giá cạnh tranh hơn",https://sintech.vn/blogs/news/amd-chuan-bi-ra-mat-radeon-rx-9070-gre-voi-hieu-nang-manh-gia-canh-tr,draft_ready,False,1,19,1,54,14227,0.216,126,3348,93,1191,,1678,AVERAGE,4385,9561,265,2,2,0,https://cdn.wccftech.com/wp-content/uploads/2025/04/2025-04-03_11-26-40.jpg,289069,,,,787369,2,1,1,0,0,0,4,True,BODY_HTML_LEGACY,CLS_LAYOUT_RISK,BODY_HTML_LEGACY|CLS_LAYOUT_RISK,
17,P0,1016.9,THEME_CODE,1002420376,"Bật mí cách gắn quạt tản nhiệt cho PC trong 5 bước đơn giản, nhanh chóng",https://sintech.vn/blogs/news/bat-mi-cach-gan-quat-tan-nhiet-cho-pc-trong-5-buoc-don-gian-nhanh-cho,draft_ready,False,0,37,3,39,12594,0.7668,262,3374,77,1930,,1678,AVERAGE,4898,9033,74,5,5,0,https://bizweb.dktcdn.net/100/329/122/files/quat-tan-nhiet-giup-giam-nhiet-luong-toa-ra-tu-he-thong-may-tinh.jpg?v=1701189392090,74318,,,,332518,5,4,0,0,0,0,0,False,IMAGES_MISSING_DIMENSIONS,IMAGES_MISSING_LAZYLOAD,IMAGES_MISSING_DIMENSIONS|IMAGES_MISSING_LAZYLOAD|CLS_LAYOUT_RISK,
18,P0,911.0,THEME_CODE,1002414345,Cách khắc phục lỗi Command Prompt tự mở trên Windows,https://sintech.vn/blogs/news/cach-khac-phuc-loi-command-prompt-tu-mo-tren-windows,applied,True,0,27,3,34,8704,0.792,440,3379,83,2318,,1678,AVERAGE,4656,6681,81,0,0,0,,0,,,,0,0,0,0,0,0,0,0,False,CLS_LAYOUT_RISK,,CLS_LAYOUT_RISK,
19,P1,871.4,THEME_CODE,1002411453,Bảng mã lỗi Mainboard Huananzhi x99,https://sintech.vn/blogs/news/bang-ma-loi-mainboard-huananzhi-x99,draft_ready,False,0,100,2,36,10122,1.0432,327,3367,82,2474,,1678,AVERAGE,9857,35354,615,0,0,0,,0,,,,0,0,0,0,0,0,0,4,False,CLS_LAYOUT_RISK,,CLS_LAYOUT_RISK,
20,P1,863.6,IMAGE,1002746933,So sánh RAM DDR4 vs DDR5 đáng mua năm 2025: nên chọn loại nào?,https://sintech.vn/blogs/huong-dan/so-sanh-ram-ddr4-vs-ddr5-dang-mua-nam-2025-nen-chon-loai-nao,draft_ready,False,0,36,1,50,15893,0.1347,170,8480,70,3327,,1678,AVERAGE,4335,43128,757,3,3,0,https://lh7-rt.googleusercontent.com/docsz/AD_4nXeyn1kr5LlqAwjwi9olIYBM-fvCJs9eUFgku1OzyFqCcf8BQ7lmLuz2dlV0f9Dg-ZcveyQaDMWnggw-xcpV-MjTe9IaSVEFJQI7VR6ZkYpRCNvFUp0jAZwPBWsp036Uu5_nUMJ4og?key=4ShtyhKDg2hhvj3UL57rtw,933545,602,401,1.5,2891226,0,2,3,2,0,0,1,True,HERO_IMAGE_TOO_HEAVY,INLINE_IMAGES_TOO_HEAVY,HERO_IMAGE_TOO_HEAVY|INLINE_IMAGES_TOO_HEAVY|BODY_HTML_LEGACY|CLS_LAYOUT_RISK,
21,P1,857.7,CONTENT,1002758362,DLSS 4 là gì? Cách bật DLSS 4 trên card NVIDIA,https://sintech.vn/blogs/huong-dan/dlss-4-la-gi-cach-bat-dlss-4-tren-card-nvidia,draft_ready,False,1,59,0,43,12594,0.4142,288,3362,78,2294,,1678,AVERAGE,4668,24277,359,8,0,0,https://cdn.hstatic.net/200000860097/file/1_257adc3fc75e4cf185ffa45603cc1898_grande.png,256669,,,,1214679,8,7,0,0,0,0,0,True,BODY_HTML_LEGACY,IMAGES_MISSING_DIMENSIONS,BODY_HTML_LEGACY|IMAGES_MISSING_DIMENSIONS|IMAGES_MISSING_LAZYLOAD|CLS_LAYOUT_RISK,
22,P1,841.1,THEME_CODE,1002430893,Cách khôi phục file đã xóa trên Windows 11 trong tích tắc,https://sintech.vn/blogs/news/cach-khoi-phuc-file-da-xoa-tren-windows-11-trong-tich-tac,draft_ready,False,1,154,0,42,10200,0.4134,313,3381,76,1929,,1678,AVERAGE,4176,6657,112,12,12,0,https://bizweb.dktcdn.net/100/329/122/files/khoi-phuc-file-da-xoa-giup-giu-lai-du-lieu-quan-trong.jpg?v=1703476933595,15824,,,,683957,12,11,0,0,0,0,0,False,IMAGES_MISSING_DIMENSIONS,IMAGES_MISSING_LAZYLOAD,IMAGES_MISSING_DIMENSIONS|IMAGES_MISSING_LAZYLOAD|CLS_LAYOUT_RISK,
23,P1,836.4,THEME_CODE,1002423345,Visual Studio Code là gì? Các tính năng nổi bật của Visual Studio Code,https://sintech.vn/blogs/news/visual-studio-code-la-gi-cac-tinh-nang-noi-bat-cua-visual-studio-code,applied,True,1,15,1,22,8689,0.2944,2314,3479,76,2361,,1678,AVERAGE,4313,4659,42,0,0,0,,0,,,,0,0,0,0,0,0,0,0,False,CLS_LAYOUT_RISK,,CLS_LAYOUT_RISK,
24,P1,806.9,THEME_CODE,1002399833,"Cấu hình chơi Naraka: Bladepoint Trên PC, Laptop",https://sintech.vn/blogs/news/cau-hinh-choi-naraka-bladepoint-tren-pc-laptop,draft_ready,False,1,31,1,38,9972,0.4103,434,3367,82,2511,,1678,AVERAGE,4256,6612,101,7,7,0,https://longhungpc.vn/media/lib/16-11-2022/cau-hinh-choi-naraka-1.jpg,44933,600,400,1.5,369684,0,6,0,0,0,0,0,False,IMAGES_MISSING_LAZYLOAD,CLS_LAYOUT_RISK,IMAGES_MISSING_LAZYLOAD|CLS_LAYOUT_RISK,
25,P1,794.9,THEME_CODE,1002404222,Tổng hợp những kiến thức quan trọng về CPU của Intel,https://sintech.vn/blogs/news/tong-hop-nhung-kien-thuc-quan-trong-ve-cpu-cua-intel,applied,True,2,6,1,50,4289,0.585,296,3385,73,2368,,1678,AVERAGE,4502,5498,48,0,0,0,,0,,,,0,0,0,0,0,0,0,0,False,CLS_LAYOUT_RISK,,CLS_LAYOUT_RISK,
26,P1,739.6,IMAGE,1002398522,"Trung tâm sửa laptop - máy tính uy tín, lấy ngay ở Quận 7",https://sintech.vn/blogs/news/trung-tam-sua-laptop-uy-tin-lay-ngay-o-quan-7,draft_ready,False,0,18,1,37,16578,1.1105,278,3371,78,2748,,1678,AVERAGE,5837,17318,325,11,7,1,https://file.hstatic.net/200000860097/file/234567_b109ad55e17347d1bc5445c85e0acd83_grande.png,394648,,,,1444111,11,10,2,0,0,0,1,True,IMAGES_BROKEN,HERO_IMAGE_TOO_HEAVY,IMAGES_BROKEN|HERO_IMAGE_TOO_HEAVY|BODY_HTML_LEGACY|IMAGES_MISSING_DIMENSIONS|IMAGES_MISSING_LAZYLOAD|CLS_LAYOUT_RISK,
27,P1,722.1,CONTENT,1002728484,Keo tản nhiệt kim loại lỏng là gì? Có nên dùng không?,https://sintech.vn/blogs/huong-dan/keo-tan-nhiet-kim-loai-long-la-gi-co-nen-dung-khong,applied,True,0,59,1,39,12971,0.5614,310,3334,74,2726,,1678,AVERAGE,4661,8280,108,1,0,0,https://file.hstatic.net/200000860097/file/6_cee4fc73cdfb4582a12c1cac185f2d98_grande.png,218363,,,,218363,1,0,0,0,0,0,1,True,BODY_HTML_LEGACY,CLS_LAYOUT_RISK,BODY_HTML_LEGACY|CLS_LAYOUT_RISK,
28,P1,673.0,THEME_CODE,1002423381,CUDA Core là gì? Vai trò của CUDA trong GPU đồ họa NVIDIA,https://sintech.vn/blogs/news/cuda-core-la-gi-vai-tro-cua-cuda-trong-gpu-do-hoa-nvidia,draft_ready,False,0,110,1,43,13108,0.2386,130,8768,77,1111,,1678,AVERAGE,4490,8573,304,3,3,0,https://minhancomputer.com/media/news/2110_nhan-cuda-core-la-gi-nvidia.jpg,63342,700,362,1.93,172604,0,2,0,0,0,0,1,False,CLS_LAYOUT_RISK,,CLS_LAYOUT_RISK,
29,P1,620.4,IMAGE,1002793749,Giảm tiếng ồn quạt PC: Nguyên nhân & cách khắc phục hiệu quả (2025),https://sintech.vn/blogs/huong-dan/giam-tieng-on-quat-pc-nguyen-nhan-cach-khac-phuc-hieu-qua-2025,draft_ready,False,0,34,1,41,8921,0.7575,220,3361,73,2375,,1678,AVERAGE,4692,37629,695,6,0,0,https://cdn.hstatic.net/200000860097/file/13_0d4c4da601554935bf98068c34cd64dc_grande.png,253649,,,,1863535,6,5,3,0,0,0,0,True,INLINE_IMAGES_TOO_HEAVY,BODY_HTML_LEGACY,INLINE_IMAGES_TOO_HEAVY|BODY_HTML_LEGACY|IMAGES_MISSING_DIMENSIONS|IMAGES_MISSING_LAZYLOAD|CLS_LAYOUT_RISK,
30,P1,583.8,IMAGE,1002767311,CORSAIR Ra Mắt WS3000 – Bộ Nguồn 3000W ATX 3.1 Cho Máy Trạm Hiệu Năng Cao,https://sintech.vn/blogs/huong-dan/corsair-ra-mat-ws3000-bo-nguon-3000w-atx-3-1-cho-may-tram-hieu-nang,draft_ready,False,0,6,1,36,13735,0.932,242,3378,76,2342,,1678,AVERAGE,4623,38514,671,4,0,0,https://cdn.hstatic.net/200000860097/file/1_80c9c71da6314a6e9ea47132f1ca8ba0_grande.png,359653,,,,818078,4,3,1,0,0,0,0,True,HERO_IMAGE_TOO_HEAVY,BODY_HTML_LEGACY,HERO_IMAGE_TOO_HEAVY|BODY_HTML_LEGACY|IMAGES_MISSING_DIMENSIONS|IMAGES_MISSING_LAZYLOAD|CLS_LAYOUT_RISK,
31,P1,542.1,THEME_CODE,1002431245,Cách tối ưu card Nvidia chơi game với hiệu năng cao mà bạn có thể chưa biết,https://sintech.vn/blogs/news/cach-toi-uu-card-nvidia-choi-game-voi-hieu-nang-cao-ma-ban-co-the-chua,draft_ready,False,0,52,2,51,5188,0.349,285,3371,68,2740,,1678,AVERAGE,5738,16245,166,15,15,0,https://bizweb.dktcdn.net/100/329/122/files/toi-uu-card-nvidia-giup-tang-hieu-suat-tong-the-cua-may-tinh.jpg?v=1701941486051,43164,,,,1048482,15,14,0,0,0,0,0,False,IMAGES_MISSING_DIMENSIONS,IMAGES_MISSING_LAZYLOAD,IMAGES_MISSING_DIMENSIONS|IMAGES_MISSING_LAZYLOAD|CLS_LAYOUT_RISK,
32,P1,518.5,CONTENT,1002814775,Kiểm Tra Tốc Độ Mạng: Làm Sao Biết Đường Truyền Của Bạn Có Thực Sự Nhanh?,https://sintech.vn/blogs/huong-dan/kiem-tra-toc-do-mang-lam-sao-biet-duong-truyen-cua-ban-co-thuc-su-nha,draft_ready,False,0,5,1,28,9166,0.642,641,3402,72,1764,,1678,AVERAGE,4601,58588,1033,7,0,0,https://cdn.hstatic.net/200000860097/file/tieu_de_98228c9b365c4e90b451623b073cea20_grande.png,139286,,,,775993,7,6,0,0,0,0,1,True,BODY_HTML_LEGACY,IMAGES_MISSING_DIMENSIONS,BODY_HTML_LEGACY|IMAGES_MISSING_DIMENSIONS|IMAGES_MISSING_LAZYLOAD|CLS_LAYOUT_RISK,
33,P2,515.9,IMAGE,1002726483,Tự build PC là làm gì? Tại sao phải tự chọn cấu hình?,https://sintech.vn/blogs/huong-dan/tu-build-pc-la-lam-gi-tai-sao-phai-tu-chon-cau-hinh,draft_ready,False,0,23,0,40,15449,0.5811,272,3389,77,3077,,1678,AVERAGE,5045,29238,410,8,7,0,https://file.hstatic.net/200000860097/file/2o_c3484bbc292342008b2618e7ab1cc497_grande.png,306271,,,,9296060,1,7,8,6,0,0,0,True,HERO_IMAGE_TOO_HEAVY,INLINE_IMAGES_TOO_HEAVY,HERO_IMAGE_TOO_HEAVY|INLINE_IMAGES_TOO_HEAVY|BODY_HTML_LEGACY|IMAGES_MISSING_LAZYLOAD|CLS_LAYOUT_RISK,
34,P1,511.2,IMAGE,1002767147,So sánh 3 VGA tầm giá 5–7 triệu: RTX 3050 vs RTX 3060 vs RX 6600 – card nào đáng mua cho eSports?,https://sintech.vn/blogs/huong-dan/so-sanh-3-vga-tam-gia-5-7-trieu-rtx-3050-vs-rtx-3060-vs-rx-6600-car,draft_ready,False,0,0,1,49,13769,0.1387,163,8633,82,2394,,1678,AVERAGE,4446,54744,1013,1,0,0,https://cdn.hstatic.net/200000860097/file/thiet_ke_chua_co_ten_2a3e5e8b47b64ae7a6be53e0a887604f_grande.png,334221,,,,334221,1,0,1,0,0,0,1,True,HERO_IMAGE_TOO_HEAVY,BODY_HTML_LEGACY,HERO_IMAGE_TOO_HEAVY|BODY_HTML_LEGACY|CLS_LAYOUT_RISK,
35,P1,510.4,CONTENT,1002731020,Cách giảm ping khi chơi game hiệu quả và ổn định,https://sintech.vn/blogs/huong-dan/cach-giam-ping-khi-choi-game-hieu-qua-va-on-dinh,draft_ready,False,0,0,1,48,14717,0.1721,95,8611,91,1011,,1678,AVERAGE,4265,27954,492,7,0,0,https://file.hstatic.net/200000860097/file/1_33fb0742d5194d1c9f5fbac6f1454d10_grande.png,142962,,,,922941,7,6,0,0,0,0,0,True,BODY_HTML_LEGACY,IMAGES_MISSING_DIMENSIONS,BODY_HTML_LEGACY|IMAGES_MISSING_DIMENSIONS|IMAGES_MISSING_LAZYLOAD|CLS_LAYOUT_RISK,
36,P2,499.6,IMAGE,1002989383,Build PC gaming 2026 theo ngân sách 15-40 triệu,https://sintech.vn/blogs/huong-dan/build-pc-gaming-2026-theo-ngan-sach-15-20-30-40-trieu-nen-chon-cau-hinh-nao,draft_ready,False,0,75,0,45,4681,1.0443,299,3331,92,1070,,1678,AVERAGE,7615,37560,226,3,0,0,https://cdn.hstatic.net/files/200000860097/file/10_49524afb2aa64b31aa115506887ebcad.png,1733831,,,,5144505,3,2,3,3,0,0,3,True,HERO_IMAGE_TOO_HEAVY,INLINE_IMAGES_TOO_HEAVY,HERO_IMAGE_TOO_HEAVY|INLINE_IMAGES_TOO_HEAVY|BODY_HTML_LEGACY|IMAGES_MISSING_DIMENSIONS|CLS_LAYOUT_RISK,
37,P2,464.7,IMAGE,1002423407,Tìm hiểu về ép xung: Phương pháp tăng tốc độ và sức mạnh của PC có thật sự an toàn và hiệu quả?,https://sintech.vn/blogs/news/tim-hieu-ve-ep-xung-phuong-phap-tang-toc-do-va-suc-manh-cua-pc-co-tha,draft_ready,False,0,5,0,62,4244,0.1873,339,3378,75,2473,,1678,AVERAGE,6011,18517,166,22,22,0,https://cdn.tgdd.vn/Files/2021/05/27/1355318/lostwatermelon_800x450.png,701264,,,,13834993,22,21,20,10,0,0,0,False,HERO_IMAGE_TOO_HEAVY,INLINE_IMAGES_TOO_HEAVY,HERO_IMAGE_TOO_HEAVY|INLINE_IMAGES_TOO_HEAVY|IMAGES_MISSING_DIMENSIONS|IMAGES_MISSING_LAZYLOAD|CLS_LAYOUT_RISK,
38,P1,425.9,THEME_CODE,1002398614,"Trung tâm vệ sinh PC uy tín, lấy ngay ở Quận 7",https://sintech.vn/blogs/news/trung-tam-ve-sinh-pc-uy-tin-lay-ngay-o-quan-7,draft_ready,False,0,7,1,36,12907,0.3163,404,3370,74,2409,,1678,AVERAGE,4321,5500,109,0,0,0,,0,,,,0,0,0,0,0,0,0,0,False,CLS_LAYOUT_RISK,,CLS_LAYOUT_RISK,
39,P2,402.2,IMAGE,1002726607,Tại sao quạt máy tính kêu to? Nguyên nhân và cách xử lý,https://sintech.vn/blogs/huong-dan/tai-sao-quat-may-tinh-keu-to-nguyen-nhan-va-cach-xu-ly,draft_ready,False,0,0,0,38,15600,0.5843,248,3340,71,2943,,1678,AVERAGE,4359,28456,447,9,9,0,https://lh7-rt.googleusercontent.com/docsz/AD_4nXcojmzQRLllk-zt-dD7GscKwYnchovYCv_IIqxZSvEmsipgYEz05JjyZi-y08Hzv9NXOdfGbF9yDvrQ_HUxgJDqlRYs3AgYUsmq3SFu6kLbUGBZyC76FJdMT5337y0MfVyDaUrTZw?key=4ShtyhKDg2hhvj3UL57rtw,1175598,440,329,1.34,10708983,0,8,9,8,0,0,0,True,HERO_IMAGE_TOO_HEAVY,INLINE_IMAGES_TOO_HEAVY,HERO_IMAGE_TOO_HEAVY|INLINE_IMAGES_TOO_HEAVY|BODY_HTML_LEGACY|IMAGES_MISSING_LAZYLOAD|CLS_LAYOUT_RISK,
40,P2,387.2,IMAGE,1002748952,Cấp cứu laptop dính nước: Làm gì ngay lập tức để cứu máy?,https://sintech.vn/blogs/huong-dan/cap-cuu-laptop-dinh-nuoc-lam-gi-ngay-lap-tuc-de-cuu-may,draft_ready,False,0,0,0,42,14952,0.5174,234,3357,70,3972,,1678,AVERAGE,4080,20532,327,8,8,0,https://lh7-rt.googleusercontent.com/docsz/AD_4nXery4nDOl56S6uTZ5JOrU8qM6pF0ubv-a86vSC5qmdf5tF25wF-e9biuS4KXPh_THRLbOY3ujUqOGILPKD-ldtQ8FIQvEKjbSY5MT5ZL8GV48Ii9ibHIkRxEN5WmHnS9er99lm1?key=4ShtyhKDg2hhvj3UL57rtw,1307775,602,601,1.0,11024917,0,7,8,8,0,0,0,True,HERO_IMAGE_TOO_HEAVY,INLINE_IMAGES_TOO_HEAVY,HERO_IMAGE_TOO_HEAVY|INLINE_IMAGES_TOO_HEAVY|BODY_HTML_LEGACY|HERO_IMAGE_WRONG_DIMENSION|IMAGES_MISSING_LAZYLOAD|CLS_LAYOUT_RISK,
41,P2,381.8,IMAGE,1002750990,HKC Ant Esports ra mắt ANT275PQ Max: Màn hình IPS QHD nhanh nhất thế giới với tần số quét lên đến 540Hz,https://sintech.vn/blogs/news/hkc-ant-esports-ra-mat-ant275pq-max-man-hinh-ips-qhd-nhanh-nhat-the-g,draft_ready,False,0,18,0,41,14242,0.719,188,3370,73,2675,,1678,AVERAGE,4160,19393,335,4,4,0,https://lh7-rt.googleusercontent.com/docsz/AD_4nXcgkVRm_k3DKrrQ9vDnuQ_vehrXs4R6V_P_n7gk-k2sIgyDadAMUZKUOPeBXiz-n4mSJiqmQQj2XFNYkLJG4zVdfhp6x6OMv8QiDjQDPy9StgLGbqBsrk38rmoX9o4B7BhcBc8irA?key=4ShtyhKDg2hhvj3UL57rtw,1105479,602,401,1.5,3831352,0,3,4,4,0,0,0,True,HERO_IMAGE_TOO_HEAVY,INLINE_IMAGES_TOO_HEAVY,HERO_IMAGE_TOO_HEAVY|INLINE_IMAGES_TOO_HEAVY|BODY_HTML_LEGACY|IMAGES_MISSING_LAZYLOAD|CLS_LAYOUT_RISK,
42,P2,380.4,IMAGE,1002719721,List 5 phim chiếu rạp hay đáng xem nhất tháng 8/2025,https://sintech.vn/blogs/news/list-5-phim-chieu-rap-hay-dang-xem-nhat-thang-8-2025,draft_ready,False,0,16,0,43,14926,0.4618,222,3363,53,3184,,1678,AVERAGE,4035,14051,207,5,5,0,https://lh7-rt.googleusercontent.com/docsz/AD_4nXdryiiW-PEwpwajmCzUFpA-jS5VsqABEfDp47my3nkPuOOPccSxa_4bK__i49GLQRCISU02Ck1RlUMei6eu90PbpjIt6jU6Nc_Y-0TFZpmlWE-k2-3cWYpDrwz9SgeuoP6uNHnkcg?key=2UFHXDJn5i-mNboOlc8qJOUK,2026797,624,435,1.43,7337288,0,4,5,4,0,0,0,True,HERO_IMAGE_TOO_HEAVY,INLINE_IMAGES_TOO_HEAVY,HERO_IMAGE_TOO_HEAVY|INLINE_IMAGES_TOO_HEAVY|BODY_HTML_LEGACY|IMAGES_MISSING_LAZYLOAD|CLS_LAYOUT_RISK,
43,P1,380.3,THEME_CODE,1002539161,Sửa Chữa Laptop Uy Tín Tại TPHCM,https://sintech.vn/blogs/huong-dan/dich-vu-sua-chua-laptop-uy-tin-tai-tphcm-sintech,draft_ready,False,1,7,0,48,4963,0.6273,220,3357,72,2544,,1678,AVERAGE,4708,9902,273,4,0,0,https://file.hstatic.net/200000860097/file/1715_6579772cdb6efb5f4441ce1e6b1a46c9_a3a3e344d18849cd8582edb3515a82bd_grande.jpg,26928,,,,124411,4,3,0,0,0,0,1,False,IMAGES_MISSING_DIMENSIONS,IMAGES_MISSING_LAZYLOAD,IMAGES_MISSING_DIMENSIONS|IMAGES_MISSING_LAZYLOAD|CLS_LAYOUT_RISK,
44,P1,378.9,THEME_CODE,1002420350,Phân biệt Nvidia Super và Ti: Nên mua loại card Nvidia nào cho phù hợp?,https://sintech.vn/blogs/news/phan-biet-nvidia-super-va-ti-nen-mua-loai-card-nvidia-nao-cho-phu-hop,draft_ready,False,0,2,1,49,13410,0.1157,202,9076,84,2437,,1678,AVERAGE,5028,9983,214,3,3,0,https://bizweb.dktcdn.net/100/329/122/files/phien-ban-ti-duoc-danh-gia-cao-ve-hieu-suat-va-do-lam-mat.jpg?v=1708068999319,88994,,,,189087,3,2,0,0,0,0,1,False,IMAGES_MISSING_DIMENSIONS,CLS_LAYOUT_RISK,IMAGES_MISSING_DIMENSIONS|CLS_LAYOUT_RISK,
45,P2,362.7,CONTENT,1002594736,Lộ Diện GeForce RTX 5060 & 5050 Laptop: ASUS Xác Nhận Cả Hai Đều Dùng 8GB GDDR7,https://sintech.vn/blogs/news/lo-dien-geforce-rtx-5060-5050-laptop-asus-xac-nhan-ca-hai-deu-dung,draft_ready,False,0,59,0,52,14997,0.1854,323,3362,91,1730,,1678,AVERAGE,3851,3159,25,4,4,0,https://cdn.wccftech.com/wp-content/uploads/2025/03/RTX-5050-laptop.png,0,,,,0,4,3,0,0,0,0,0,True,BODY_HTML_LEGACY,IMAGES_MISSING_DIMENSIONS,BODY_HTML_LEGACY|IMAGES_MISSING_DIMENSIONS|IMAGES_MISSING_LAZYLOAD|CLS_LAYOUT_RISK,
46,P3,345.6,THEME_CODE,1002423312,Snap Tap là gì? Tại sao Snap Tap lại phổ biến trong giới game thủ,https://sintech.vn/blogs/news/snap-tap-la-gi-tai-sao-snap-tap-lai-pho-bien-trong-gioi-game-thu,applied,True,0,107,0,45,8762,0.4035,222,3360,81,2423,,1678,AVERAGE,4293,4610,35,1,0,0,https://file.hstatic.net/200000860097/file/screenshot_2024-09-23_141907_2b9b600991724f97a4a72e06d58bf08d_grande.png,22189,,,,22189,1,0,0,0,0,0,0,False,CLS_LAYOUT_RISK,,CLS_LAYOUT_RISK,
47,P2,334.8,IMAGE,1002400105,"Cấu hình chơi Elden Ring Trên PC, Laptop",https://sintech.vn/blogs/news/cau-hinh-choi-elden-ring-online-4-tren-pc-laptop,draft_ready,False,0,35,0,49,12622,0.2106,313,3367,62,1793,,1678,AVERAGE,3879,3389,59,3,3,3,https://hacom.vn/media/lib/03-03-2023/cau-hinh-choi-elden-ring.jpg,0,800,420,1.9,0,0,2,0,0,0,0,1,False,IMAGES_BROKEN,CLS_LAYOUT_RISK,IMAGES_BROKEN|CLS_LAYOUT_RISK,
48,P3,291.2,THEME_CODE,1002423140,Ram nào tốt nhất: G Skill vs Corsair,https://sintech.vn/blogs/news/ram-nao-tot-nhat-g-skill-vs-corsair,draft_ready,False,0,76,0,50,11389,0.2553,247,3363,81,2370,,1678,AVERAGE,5100,8922,89,2,0,0,https://file.hstatic.net/200000860097/file/oip_76be9ce7bb01471f8737da5c67ecc6ad_grande.jpg,15737,,,,57091,2,1,0,0,0,0,0,False,CLS_LAYOUT_RISK,,CLS_LAYOUT_RISK,
49,P2,283.7,IMAGE,1002399781,"Cấu hình chơi PUBG - PlayerUnknown’s Battlegrounds trên PC, Laptop",https://sintech.vn/blogs/news/cau-hinh-choi-pubg-playerunknown-s-battlegrounds-tren-pc-laptop,draft_ready,False,0,12,0,53,9754,0.1123,447,3376,79,2505,,1678,AVERAGE,5575,11770,73,7,7,7,https://hoanghamobile.com/tin-tuc/wp-content/uploads/2023/12/pubg-2.jpg,0,800,533,1.5,0,0,6,0,0,0,0,0,False,IMAGES_BROKEN,IMAGES_MISSING_LAZYLOAD,IMAGES_BROKEN|IMAGES_MISSING_LAZYLOAD|CLS_LAYOUT_RISK,
50,P2,277.8,IMAGE,1002541111,"Sửa Máy Tính Quận 2 Chất Lượng, Nhanh Chóng tại Sintech",https://sintech.vn/blogs/news/sua-may-tinh-quan-2-chat-luong-nhanh-chong-tai-sintech,draft_ready,False,0,0,0,49,20677,0.2831,45,3369,71,3434,61,1678,AVERAGE,5100,14545,347,12,11,2,https://i.ytimg.com/vi/qLTF9M3np2o/maxresdefault.jpg,63563,,,,2787381,12,11,2,2,0,0,1,True,IMAGES_BROKEN,INLINE_IMAGES_TOO_HEAVY,IMAGES_BROKEN|INLINE_IMAGES_TOO_HEAVY|BODY_HTML_LEGACY|IMAGES_MISSING_DIMENSIONS|IMAGES_MISSING_LAZYLOAD|CLS_LAYOUT_RISK,unused-javascript
51,P2,276.1,IMAGE,1002413939,"[IFA 2024] Có gì tại gian trưng bày của Samsung: đồ gì cũng tích hợp AI, rồi có cả màn hình 3D không cần kính!",https://sintech.vn/blogs/news/ifa-2024-co-gi-tai-gian-trung-bay-cua-samsung-do-gi-cung-tich-hop-a,draft_ready,False,0,0,0,66,4589,0.1648,213,3365,73,2250,56,1678,AVERAGE,4016,14262,108,19,19,0,https://genk.mediacdn.vn/139269124445442048/2024/9/9/photo-1725877319831-1725877320033558477437.jpeg,1312694,2048,1367,1.5,9185365,0,18,7,7,0,0,0,False,HERO_IMAGE_TOO_HEAVY,INLINE_IMAGES_TOO_HEAVY,HERO_IMAGE_TOO_HEAVY|INLINE_IMAGES_TOO_HEAVY|IMAGES_MISSING_LAZYLOAD|CLS_LAYOUT_RISK,unused-javascript
52,P2,275.3,IMAGE,1002758490,BUILD PC GAMING CPU HAY GPU QUAN TRỌNG HƠN,https://sintech.vn/blogs/huong-dan/build-pc-gaming-cpu-hay-gpu-quan-trong-hon,draft_ready,False,0,23,0,44,13514,0.3329,278,3365,77,2326,,1678,AVERAGE,4373,40865,724,5,0,0,https://cdn.hstatic.net/200000860097/file/1_c4364050b86044889bcb45c029d3f4ec_grande.png,185116,,,,1483408,5,4,3,0,0,0,0,True,INLINE_IMAGES_TOO_HEAVY,BODY_HTML_LEGACY,INLINE_IMAGES_TOO_HEAVY|BODY_HTML_LEGACY|IMAGES_MISSING_DIMENSIONS|IMAGES_MISSING_LAZYLOAD|CLS_LAYOUT_RISK,
53,P2,269.0,CONTENT,1002594907,"AMD Radeon RX 9050 ""lộ diện"" tình cờ trên trang cửa hàng điện tử bán lẻ – GPU RDNA 4 giá rẻ sắp ra mắt?",https://sintech.vn/blogs/news/amd-radeon-rx-9050-lo-dien-tinh-co-tren-trang-cua-hang-dien-tu-ban-l,draft_ready,False,0,22,0,55,19679,0.1828,244,3363,78,1086,,1678,AVERAGE,4225,11502,227,2,2,0,https://cdn.wccftech.com/wp-content/uploads/2025/03/RX-9050.png,0,,,,0,2,1,0,0,0,0,2,True,BODY_HTML_LEGACY,CLS_LAYOUT_RISK,BODY_HTML_LEGACY|CLS_LAYOUT_RISK,
54,P2,262.7,IMAGE,1002413909,"""Cuộc chiến"" AI trong tiêu dùng: MoMo, Long Châu, DOJI, Samsung, Cake by VPBank đang làm gì để dẫn đầu?",https://sintech.vn/blogs/news/cuoc-chien-ai-trong-tieu-dung-momo-long-chau-doji-samsung-cake,draft_ready,False,0,9,0,66,4313,0.1641,263,3360,94,930,,1678,AVERAGE,4727,10045,50,5,5,0,https://genk.mediacdn.vn/139269124445442048/2024/9/10/13c7cc2b-b9c3-4663-bf1b-f880251ec7e1-17258578287351467339607-1725939734044-17259397344971439476824-1725946053145-1725946053300313607563.png,1438985,800,1181,0.68,5635779,0,4,5,5,0,0,0,False,HERO_IMAGE_TOO_HEAVY,INLINE_IMAGES_TOO_HEAVY,HERO_IMAGE_TOO_HEAVY|INLINE_IMAGES_TOO_HEAVY|HERO_IMAGE_WRONG_DIMENSION|IMAGES_MISSING_LAZYLOAD|CLS_LAYOUT_RISK,
55,P2,251.0,IMAGE,1002535931,"RTX 5060 & RTX 5060 Ti: ""Quái vật"" tầm trung khuấy đảo thị trường năm 2025?",https://sintech.vn/blogs/news/rtx-5060-rtx-5060-ti-quai-vat-tam-trung-khuay-dao-thi-truong-nam,draft_ready,False,0,21,0,48,13496,0.2788,260,3367,74,2731,,1678,AVERAGE,4129,5254,100,2,2,0,https://cdn.wccftech.com/wp-content/uploads/2023/06/DSC_0006-Custom.jpg,502816,,,,1180067,2,1,2,0,0,0,1,True,HERO_IMAGE_TOO_HEAVY,BODY_HTML_LEGACY,HERO_IMAGE_TOO_HEAVY|BODY_HTML_LEGACY|CLS_LAYOUT_RISK,
56,P3,249.7,THEME_CODE,1002600836,Intel Gaudi 3 Chính Thức Có Mặt Trên IBM Cloud – Hiệu Suất Vượt NVIDIA H100 & H200!!,https://sintech.vn/blogs/news/intel-gaudi-3-chinh-thuc-co-mat-tren-ibm-cloud-hieu-suat-vuot-nvidia,draft_ready,False,0,0,0,45,43681,0.3109,330,3360,68,5041,,1678,AVERAGE,3895,2946,17,2,2,0,https://cdn.wccftech.com/wp-content/uploads/2024/06/Intel-Gaudi-3-AI-accelerator_Black-Purple-Custom.png,0,,,,30118,2,1,0,0,0,0,0,False,CLS_LAYOUT_RISK,,CLS_LAYOUT_RISK,
57,P2,247.5,IMAGE,1002540829,Sửa Máy Tính Quận 1 Uy Tín Tại Sintech,https://sintech.vn/blogs/news/sua-may-tinh-quan-1-uy-tin-tai-sintech,draft_ready,False,0,0,0,45,16344,0.5116,136,3348,73,3097,,1678,AVERAGE,5193,14987,356,12,9,1,https://regmedia.co.uk/2012/11/23/burnt_pc_6.jpg,95626,,,,4309197,12,11,5,1,0,0,1,True,IMAGES_BROKEN,INLINE_IMAGES_TOO_HEAVY,IMAGES_BROKEN|INLINE_IMAGES_TOO_HEAVY|BODY_HTML_LEGACY|IMAGES_MISSING_DIMENSIONS|IMAGES_MISSING_LAZYLOAD|CLS_LAYOUT_RISK,
58,P2,247.1,IMAGE,1002989389,Office 2021 bản quyền khác gì Office crack khi làm việc,https://sintech.vn/blogs/huong-dan/office-2021-ban-quyen-khac-gi-office-crack-khi-dung-cho-cong-viec-hang-ngay,draft_ready,False,0,0,0,40,12516,1.0443,218,3340,77,2485,,1678,AVERAGE,7514,29357,137,3,0,0,https://cdn.hstatic.net/files/200000860097/file/2_e04da1c28cea422e90c3258021b62182.png,1299777,,,,4585148,3,2,3,3,0,0,0,True,HERO_IMAGE_TOO_HEAVY,INLINE_IMAGES_TOO_HEAVY,HERO_IMAGE_TOO_HEAVY|INLINE_IMAGES_TOO_HEAVY|BODY_HTML_LEGACY|IMAGES_MISSING_DIMENSIONS|CLS_LAYOUT_RISK,
59,P2,239.5,CONTENT,1002769673,AMD Radeon RX 7700 (Non-XT) Ra Mắt Âm Thầm Với 16GB VRAM – GPU RDNA 3 Mới,https://sintech.vn/blogs/huong-dan/amd-radeon-rx-7700-non-xt-ra-mat-am-tham-voi-16gb-vram-gpu-rdna-3,draft_ready,False,0,12,0,21,12392,0.2672,3497,3484,79,2342,,1678,AVERAGE,4373,48044,809,0,0,0,,0,,,,0,0,0,0,0,0,0,1,True,BODY_HTML_LEGACY,CLS_LAYOUT_RISK,BODY_HTML_LEGACY|CLS_LAYOUT_RISK,
60,P2,238.6,IMAGE,1002746718,List Phim Chiếu Rạp Hay Nhất Tháng 9/2025,https://sintech.vn/blogs/news/list-phim-chieu-rap-hay-nhat-thang-9-2025,draft_ready,False,0,7,0,44,14993,0.4844,195,3358,74,3026,,1678,AVERAGE,4427,30212,492,7,6,0,https://file.hstatic.net/200000860097/file/phim_chieu_rap_thang_10_cd8abc8ddc8a4c1aaf540de4e0d7b33e_grande.png,438052,,,,2664164,1,6,5,0,0,0,0,True,HERO_IMAGE_TOO_HEAVY,INLINE_IMAGES_TOO_HEAVY,HERO_IMAGE_TOO_HEAVY|INLINE_IMAGES_TOO_HEAVY|BODY_HTML_LEGACY|IMAGES_MISSING_LAZYLOAD|CLS_LAYOUT_RISK,
61,P2,235.6,IMAGE,1002404003,Ưu và nhược điểm của các loại màn hình máy tính phổ biến hiện nay,https://sintech.vn/blogs/news/uu-va-nhuoc-diem-cua-cac-loai-man-hinh-may-tinh-pho-bien-hien-nay,draft_ready,False,0,7,0,49,11994,0.2675,261,3371,80,2479,,1678,AVERAGE,4278,5418,57,4,4,4,https://news.khangz.com/wp-content/uploads/2021/07/man-hinh-lcd.jpg,0,,,,0,4,3,0,0,0,0,0,False,IMAGES_BROKEN,IMAGES_MISSING_DIMENSIONS,IMAGES_BROKEN|IMAGES_MISSING_DIMENSIONS|IMAGES_MISSING_LAZYLOAD|CLS_LAYOUT_RISK,
62,P2,234.7,IMAGE,1002414328,So sánh tản nhiệt nước và tản nhiệt khí: Nên lựa chọn bộ tản nhiệt nào?,https://sintech.vn/blogs/news/so-sanh-tan-nhiet-nuoc-va-tan-nhiet-khi-nen-lua-chon-bo-tan-nhiet-nao,draft_ready,False,0,6,0,41,14296,0.3428,368,3378,76,2634,,1678,AVERAGE,4909,9432,88,10,10,0,https://cdn2.fptshop.com.vn/unsafe/Uploads/images/tin-tuc/147944/Originals/so-sanh-tan-nhiet-nuoc-va-khi%20(2).jpg,176266,,,,3182008,10,9,5,0,0,0,0,False,INLINE_IMAGES_TOO_HEAVY,IMAGES_MISSING_DIMENSIONS,INLINE_IMAGES_TOO_HEAVY|IMAGES_MISSING_DIMENSIONS|IMAGES_MISSING_LAZYLOAD|CLS_LAYOUT_RISK,
63,P2,233.2,CONTENT,1002544979,MSI GeForce RTX 5080 SUPRIM SOC 16GB – Bùng Nổ Hiệu Năng Với Thiết Kế Choáng Ngợp!,https://sintech.vn/blogs/news/msi-geforce-rtx-5080-suprim-soc-bung-no-hieu-nang-voi-thiet-ke-choan,draft_ready,False,0,11,0,41,15755,0.6346,234,3363,81,1079,,1678,AVERAGE,4562,7807,159,4,4,0,https://cdn.wccftech.com/wp-content/uploads/2025/01/DSC_0307-Custom-1-1920x1280.jpg,231622,,,,846725,4,3,1,0,0,0,2,True,BODY_HTML_LEGACY,IMAGES_MISSING_DIMENSIONS,BODY_HTML_LEGACY|IMAGES_MISSING_DIMENSIONS|IMAGES_MISSING_LAZYLOAD|CLS_LAYOUT_RISK,
64,P2,230.7,IMAGE,1002750229,Copilot+ PC là gì? Có nên nâng cấp trong kỷ nguyên AI?,https://sintech.vn/blogs/news/copilot-pc-la-gi-co-nen-nang-cap-trong-ky-nguyen-ai,draft_ready,False,0,8,0,55,10748,0.1347,303,3393,71,2056,,1678,AVERAGE,4328,42092,707,3,3,0,https://lh7-rt.googleusercontent.com/docsz/AD_4nXdBCJRABD-MBauakamLSg3XtKylnsTbl_2eJ4nNo-p5WpSZNdQjmOYvTw9UqZkwSKGhqj9KsLu5jNKqJ1852z6XkhUbYK0u4WTJU2uWhLn2qFDUl0jTRopvVMPBNE3ai_pEe5IS2w?key=4ShtyhKDg2hhvj3UL57rtw,769669,602,401,1.5,2376013,0,2,3,2,0,0,1,True,HERO_IMAGE_TOO_HEAVY,INLINE_IMAGES_TOO_HEAVY,HERO_IMAGE_TOO_HEAVY|INLINE_IMAGES_TOO_HEAVY|BODY_HTML_LEGACY|CLS_LAYOUT_RISK,
65,P2,228.6,IMAGE,1002402678,Top màn hình máy tính để bàn giá rẻ năm 2024,https://sintech.vn/blogs/news/top-man-hinh-may-tinh-de-ban-gia-re-nam-2024,draft_ready,False,0,1,0,34,16596,0.5345,468,3376,75,3076,33,1678,AVERAGE,4559,7357,69,8,3,0,https://phongvu.vn/cong-nghe/wp-content/uploads/2023/01/man-hinh-may-tinh-van-phong-4.png,488959,800,450,1.78,2540282,5,7,4,0,0,0,0,False,HERO_IMAGE_TOO_HEAVY,INLINE_IMAGES_TOO_HEAVY,HERO_IMAGE_TOO_HEAVY|INLINE_IMAGES_TOO_HEAVY|IMAGES_MISSING_DIMENSIONS|IMAGES_MISSING_LAZYLOAD|CLS_LAYOUT_RISK,unused-javascript
66,P2,227.0,IMAGE,1002423421,Hướng dẫn cách lắp và vệ sinh RAM đúng cách,https://sintech.vn/blogs/news/huong-dan-cach-lap-va-ve-sinh-ram-dung-cach,draft_ready,False,0,1,0,45,11545,0.3442,280,3368,78,2423,,1678,AVERAGE,4196,5385,69,5,0,5,https://file.hstatic.net/1000026716/file/gearvn-cach-lap-va-ve-sinh-ram-4_ebb2396b74334d5cb430527b3791492d_1024x1024.png,0,,,,0,5,4,0,0,0,0,0,False,IMAGES_BROKEN,IMAGES_MISSING_DIMENSIONS,IMAGES_BROKEN|IMAGES_MISSING_DIMENSIONS|IMAGES_MISSING_LAZYLOAD|CLS_LAYOUT_RISK,
67,P2,226.1,IMAGE,1002787456,Top 5 Bàn Phím Cơ Giá Tốt Dưới 1 Triệu Đáng Mua 2025 – Dễ Mua Tại Quận 7,https://sintech.vn/blogs/huong-dan/top-5-ban-phim-co-gia-tot-duoi-1-trieu-dang-mua-2025-de-mua-tai-quan,draft_ready,False,0,5,0,40,13280,0.6148,180,3363,69,2368,,1678,AVERAGE,4386,55725,1089,6,0,0,https://cdn.hstatic.net/200000860097/file/1_3dec6364e0c045c48c1423588c36ff9f_grande.png,394603,,,,2178826,6,5,5,0,0,0,1,True,HERO_IMAGE_TOO_HEAVY,INLINE_IMAGES_TOO_HEAVY,HERO_IMAGE_TOO_HEAVY|INLINE_IMAGES_TOO_HEAVY|BODY_HTML_LEGACY|IMAGES_MISSING_DIMENSIONS|IMAGES_MISSING_LAZYLOAD|CLS_LAYOUT_RISK,
68,P3,225.5,THEME_CODE,1002732057,Cách Build PC Gaming Chuẩn – Từ Game Nhẹ Đến Max Setting AAA,https://sintech.vn/blogs/huong-dan/cach-build-pc-gaming-chuan-tu-game-nhe-den-max-setting-aaa,applied,True,0,29,0,33,13936,0.5232,356,3378,72,2643,127,1678,AVERAGE,4278,4590,46,0,0,0,,0,,,,0,0,0,0,0,0,0,0,False,CLS_LAYOUT_RISK,,CLS_LAYOUT_RISK,unused-javascript
69,P2,225.2,IMAGE,1002755399,"BUILD PC 15–20 triệu chơi Liên Minh, Valorant, FO4 mượt 1080p: Build thế nào hợp lý?",https://sintech.vn/blogs/huong-dan/build-pc-15-20-trieu-choi-lien-minh-valorant-fo4-muot-1080p-build-t,draft_ready,False,0,5,0,36,13367,0.932,320,3369,67,2401,,1678,AVERAGE,4881,24896,367,7,0,0,https://cdn.hstatic.net/200000860097/file/7_444341e4d9884a3c896acbc4d1857a68_grande.png,341871,,,,2122863,7,6,4,0,0,0,0,True,HERO_IMAGE_TOO_HEAVY,INLINE_IMAGES_TOO_HEAVY,HERO_IMAGE_TOO_HEAVY|INLINE_IMAGES_TOO_HEAVY|BODY_HTML_LEGACY|IMAGES_MISSING_DIMENSIONS|IMAGES_MISSING_LAZYLOAD|CLS_LAYOUT_RISK,
70,P2,224.0,IMAGE,1002549397,"Sửa Máy Tính Quận 6 Chuyên Nghiệp, Nhanh Chóng tại Sintech",https://sintech.vn/blogs/huong-dan/sua-may-tinh-quan-6-chuyen-nghiep-nhanh-chong-tai-sintech,draft_ready,False,0,0,0,40,14318,0.1347,457,8474,71,2789,,1678,AVERAGE,5616,16572,405,8,7,3,https://uaetechnician.ae/wp-content/uploads/2017/10/Computer-not-working-optimized.jpg,0,,,,609091,8,7,1,0,0,0,1,True,IMAGES_BROKEN,BODY_HTML_LEGACY,IMAGES_BROKEN|BODY_HTML_LEGACY|IMAGES_MISSING_DIMENSIONS|IMAGES_MISSING_LAZYLOAD|CLS_LAYOUT_RISK,
71,P2,222.0,IMAGE,1002413916,"Vừa ra mắt, iPhone 16 Series đã lọt vào danh sách đề cử Better Choice Awards 2024",https://sintech.vn/blogs/news/vua-ra-mat-iphone-16-series-da-lot-vao-danh-sach-de-cu-better-choice,draft_ready,False,0,0,0,48,14699,0.1028,285,8642,89,1322,,1678,AVERAGE,4413,8910,47,7,7,0,https://genk.mediacdn.vn/139269124445442048/2024/9/10/-1725908551990-17259085521321825110033-17259488852532035620545-1725948886218649683465-197-332-1048-1694-crop-172594890386434426659-1725961807673-172596180959517200553.jpg,54825,764,477,1.6,2927347,0,6,5,1,0,0,0,False,INLINE_IMAGES_TOO_HEAVY,IMAGES_MISSING_LAZYLOAD,INLINE_IMAGES_TOO_HEAVY|IMAGES_MISSING_LAZYLOAD|CLS_LAYOUT_RISK,
72,P2,220.1,IMAGE,1002399869,"Cấu hình chơi FIFA Online 4 Trên PC, Laptop",https://sintech.vn/blogs/news/cau-hinh-choi-fifa-online-4-tren-pc-laptop,draft_ready,False,0,14,0,52,14821,0.1123,128,8622,82,1983,,1678,AVERAGE,4176,5055,44,5,5,0,https://cellphones.com.vn/sforum/wp-content/uploads/2023/05/cau-hinh-choi-fifa-online-4-2.jpg,327539,960,,,1277342,5,4,1,0,0,0,0,False,HERO_IMAGE_TOO_HEAVY,IMAGES_MISSING_DIMENSIONS,HERO_IMAGE_TOO_HEAVY|IMAGES_MISSING_DIMENSIONS|IMAGES_MISSING_LAZYLOAD|CLS_LAYOUT_RISK,
73,P2,213.0,CONTENT,1002778590,Máy Tính Tự Tắt Nguồn: Nguyên Nhân Và Cách Xử Lý Tại Nhà,https://sintech.vn/blogs/huong-dan/may-tinh-tu-tat-nguon-nguyen-nhan-va-cach-xu-ly-tai-nha,draft_ready,False,0,12,0,46,13277,0.4133,202,3355,78,2379,,1678,AVERAGE,4220,38950,688,2,0,0,https://cdn.hstatic.net/200000860097/file/tieu_de_60b37d7de42c49928cdff4877fea5e78_grande.png,109686,,,,621346,2,1,1,0,0,0,1,True,BODY_HTML_LEGACY,CLS_LAYOUT_RISK,BODY_HTML_LEGACY|CLS_LAYOUT_RISK,
74,P2,211.7,CONTENT,1002411455,Bảng mã lỗi Mainboard Huananzhi x79,https://sintech.vn/blogs/news/bang-ma-loi-mainboard-huananzhi-x79,draft_ready,False,0,10,0,35,12683,1.0423,215,3366,68,2502,,1678,AVERAGE,9857,236298,4082,0,0,0,,0,,,,0,0,0,0,0,0,0,4,True,BODY_HTML_LEGACY,DOM_TOO_LARGE,BODY_HTML_LEGACY|DOM_TOO_LARGE|CLS_LAYOUT_RISK,
75,P3,210.7,THEME_CODE,1002533590,Dòng card đồ họa NVIDIA RTX 50 có mức giá khởi điểm từ 549 USD.,https://sintech.vn/blogs/news/dong-card-do-hoa-nvidia-rtx-50-co-muc-gia-khoi-diem-tu-549-usd,draft_ready,False,0,37,0,55,14028,0.1157,379,3371,84,2689,,1678,AVERAGE,3989,3418,20,2,2,0,https://images2.thanhnien.vn/thumb_w/640/528068263637045248/2025/1/7/nvidia-ceo-jensen-huang-keynote-at-ces-2025-42-46-screenshot-1736227848563497395608.jpg,22028,,,,41210,2,1,0,0,0,0,0,False,CLS_LAYOUT_RISK,,CLS_LAYOUT_RISK,
76,P3,208.3,THEME_CODE,1002358519,Cấu hình tối thiểu chơi Liên Minh Huyền Thoại LOL mượt giá sinh viên,https://sintech.vn/blogs/news/cau-hinh-toi-thieu-choi-lien-minh-huyen-thoai-lol-muot-gia-sinh-vien,draft_ready,False,0,37,0,42,10422,0.4193,315,3365,94,1020,,1678,AVERAGE,3996,4684,103,4,1,0,https://file.hstatic.net/200000860097/file/0614_d016da69c60a044e7383a779d70550da_ab547a82b2c141b297bdbbab5465c2da_grande.jpg,48180,,,,488118,4,3,0,0,0,0,0,False,IMAGES_MISSING_DIMENSIONS,IMAGES_MISSING_LAZYLOAD,IMAGES_MISSING_DIMENSIONS|IMAGES_MISSING_LAZYLOAD|CLS_LAYOUT_RISK,
77,P2,205.4,CONTENT,1002756119,Top GPU hợp lý cho game thủ ngân sách tầm trung (dưới 8 triệu) năm 2025,https://sintech.vn/blogs/huong-dan/top-gpu-hop-ly-cho-game-thu-ngan-sach-tam-trung-duoi-8-trieu-nam-202,draft_ready,False,0,6,0,38,13519,0.6305,308,3361,76,2301,,1678,AVERAGE,4199,52160,957,5,0,0,https://cdn.hstatic.net/200000860097/file/1_cce206a5fb3f488bab3b82107b4928ec_grande.png,295438,,,,1208645,5,4,1,0,0,0,1,True,BODY_HTML_LEGACY,IMAGES_MISSING_DIMENSIONS,BODY_HTML_LEGACY|IMAGES_MISSING_DIMENSIONS|IMAGES_MISSING_LAZYLOAD|CLS_LAYOUT_RISK,
78,P2,204.0,IMAGE,1003006977,Lịch phát hành phim chiếu rạp tháng 6/2026 đáng chú ý,https://sintech.vn/blogs/news/lich-phat-phim-chieu-rap-thang-6-2026-dang-chu-y,review_required,False,0,0,0,32,12222,1.0529,451,3362,76,2331,,1678,AVERAGE,6943,88780,559,20,0,0,https://cdn.hstatic.net/files/200000860097/file/image__1__b0229f8219c24d1fb03bf0dfda189efc_grande.png,337102,,,,3329480,20,19,4,0,0,0,7,True,HERO_IMAGE_TOO_HEAVY,INLINE_IMAGES_TOO_HEAVY,HERO_IMAGE_TOO_HEAVY|INLINE_IMAGES_TOO_HEAVY|BODY_HTML_LEGACY|IMAGES_MISSING_DIMENSIONS|IMAGES_MISSING_LAZYLOAD|CLS_LAYOUT_RISK,
79,P2,201.5,IMAGE,1002543255,"Sửa Máy Tính Quận 4 Uy Tín, Chất Lượng, Minh Bạch",https://sintech.vn/blogs/news/sua-may-tinh-quan-4-uy-tin-chat-luong-minh-bach,draft_ready,False,0,0,0,44,13491,0.4188,236,3358,67,2633,,1678,AVERAGE,4850,10703,240,6,5,2,https://www.crucial.com/content/dam/crucial/articles/for-pc-builders/why-is-my-computer-loud/dusty-computer-fan.jpg.transform/small-jpg/img.jpg,0,,,,804275,6,5,1,0,0,0,1,True,IMAGES_BROKEN,BODY_HTML_LEGACY,IMAGES_BROKEN|BODY_HTML_LEGACY|IMAGES_MISSING_DIMENSIONS|IMAGES_MISSING_LAZYLOAD|CLS_LAYOUT_RISK,
80,P2,197.8,IMAGE,1002401886,"Cấu hình chơi Genshin Impact Trên PC, Laptop",https://sintech.vn/blogs/news/cau-hinh-choi-genshin-impact-tren-pc-laptop,draft_ready,False,0,3,0,46,9891,0.3374,250,3372,77,2745,,1678,AVERAGE,4648,8533,91,9,9,0,https://cdn2.fptshop.com.vn/unsafe/Uploads/images/tin-tuc/178916/Originals/cau-hinh-choi-Genshin-Impact-02.jpg,444818,960,540,1.78,3210874,0,8,6,0,0,0,0,False,HERO_IMAGE_TOO_HEAVY,INLINE_IMAGES_TOO_HEAVY,HERO_IMAGE_TOO_HEAVY|INLINE_IMAGES_TOO_HEAVY|IMAGES_MISSING_LAZYLOAD|CLS_LAYOUT_RISK,
81,P2,193.7,IMAGE,1002430608,Màn hình di động là gì? 10 tiêu chí lưu ý khi chọn mua màn di động,https://sintech.vn/blogs/news/man-hinh-di-dong-la-gi-10-tieu-chi-luu-y-khi-chon-mua-man-di-dong,draft_ready,False,0,0,0,38,14251,0.6681,299,3368,78,2626,,1678,AVERAGE,5192,8898,50,5,0,0,https://file.hstatic.net/200000860097/file/screenshot_2024-09-30_094103_2f85ba36b79b4522a9617f555dc4d6b2_grande.png,294443,,,,1503397,5,4,2,0,0,0,0,False,INLINE_IMAGES_TOO_HEAVY,IMAGES_MISSING_DIMENSIONS,INLINE_IMAGES_TOO_HEAVY|IMAGES_MISSING_DIMENSIONS|IMAGES_MISSING_LAZYLOAD|CLS_LAYOUT_RISK,
82,P3,192.3,THEME_CODE,1002411479,Tốc độ thẻ nhớ là gì? Cách kiểm tra đơn giản và chính xác nhất,https://sintech.vn/blogs/news/toc-do-the-nho-la-gi-cach-kiem-tra-don-gian-va-chinh-xac-nhat,applied,True,0,25,0,38,11544,0.7549,291,3370,61,2385,,1678,AVERAGE,4797,6647,48,0,0,0,,0,,,,0,0,0,0,0,0,0,0,False,CLS_LAYOUT_RISK,,CLS_LAYOUT_RISK,
83,P2,192.1,IMAGE,1002745138,Sinh viên TP.HCM chọn laptop văn phòng 10–15 triệu: Nên ưu tiên gì?,https://sintech.vn/blogs/huong-dan/sinh-vien-tp-hcm-chon-laptop-van-phong-10-15-trieu-nen-uu-tien-gi,draft_ready,False,0,5,0,47,14090,0.3911,109,3913,76,2642,,1678,AVERAGE,4034,37807,693,1,0,0,https://file.hstatic.net/200000860097/file/chon_e6b130de8b27476c91022374667ac0c3_grande.png,335622,,,,335622,1,0,1,0,0,0,2,True,HERO_IMAGE_TOO_HEAVY,BODY_HTML_LEGACY,HERO_IMAGE_TOO_HEAVY|BODY_HTML_LEGACY|CLS_LAYOUT_RISK,
84,P2,191.0,CONTENT,1002398123,ASUS TUF A14 2024: Bước ngoặt vượt trội của laptop gaming hiệu năng AI,https://sintech.vn/blogs/news/asus-tuf-a14-2024-buoc-ngoat-vuot-troi-cua-laptop-gaming-hieu-nang-ai,draft_ready,False,0,7,0,41,9969,0.4645,307,3361,77,2730,,1678,AVERAGE,4378,8255,148,8,0,0,https://file.hstatic.net/200000860097/file/4016_e69e52da0cc8f75da1e0489fefb68797_1e378926be3243708a347f148f777983_grande.jpg,30562,,,,1099012,8,7,2,0,0,0,1,True,BODY_HTML_LEGACY,IMAGES_MISSING_DIMENSIONS,BODY_HTML_LEGACY|IMAGES_MISSING_DIMENSIONS|IMAGES_MISSING_LAZYLOAD|CLS_LAYOUT_RISK,
85,P2,190.8,IMAGE,1002413806,Hisense nâng tầm trải nghiệm chơi game với màn hình cỡ lớn tại IFA 2024,https://sintech.vn/blogs/news/hisense-nang-tam-trai-nghiem-choi-game-voi-man-hinh-co-lon-tai-ifa-202,draft_ready,False,0,0,0,54,13946,0.2144,207,3365,67,2847,,1678,AVERAGE,4323,7694,50,5,5,0,https://channel.mediacdn.vn/428462621602512896/2024/9/11/photo-1-1726046422273331838733.png,328113,541,361,1.5,1820263,0,4,5,0,0,0,0,True,HERO_IMAGE_TOO_HEAVY,INLINE_IMAGES_TOO_HEAVY,HERO_IMAGE_TOO_HEAVY|INLINE_IMAGES_TOO_HEAVY|BODY_HTML_LEGACY|IMAGES_MISSING_LAZYLOAD|CLS_LAYOUT_RISK,
86,P3,189.8,THEME_CODE,1002414308,"Hướng dẫn 4 cách phóng to, thu nhỏ màn hình máy tính",https://sintech.vn/blogs/news/huong-dan-4-cach-phong-to-thu-nho-man-hinh-may-tinh,applied,True,0,27,0,42,11315,0.5808,219,3361,84,2356,,1678,AVERAGE,4397,5545,78,0,0,0,,0,,,,0,0,0,0,0,0,0,0,False,CLS_LAYOUT_RISK,,CLS_LAYOUT_RISK,
87,P2,189.7,IMAGE,1002399806,"Cấu hình chơi GTA 5 - Grand Theft Auto V trên PC, Laptop",https://sintech.vn/blogs/news/cau-hinh-choi-gta-5-grand-theft-auto-v-tren-pc-laptop,draft_ready,False,0,7,0,46,9759,0.2787,332,3371,81,2682,,1678,AVERAGE,4387,6063,64,6,6,0,https://cdn2.fptshop.com.vn/unsafe/Uploads/images/tin-tuc/178680/Originals/cau-hinh-gta-5-7.jpg,520382,1200,675,1.78,2328214,0,5,3,0,0,0,0,False,HERO_IMAGE_TOO_HEAVY,INLINE_IMAGES_TOO_HEAVY,HERO_IMAGE_TOO_HEAVY|INLINE_IMAGES_TOO_HEAVY|IMAGES_MISSING_LAZYLOAD|CLS_LAYOUT_RISK,
88,P2,187.8,IMAGE,1002771957,PC cho Designer/Freelance – Đa nhiệm thiết kế & gaming giải trí trong tầm giá 25 – 30 triệu,https://sintech.vn/blogs/huong-dan/pc-cho-designer-freelance-hcm-da-nhiem-thiet-ke-gaming-giai-tri-tr,draft_ready,False,0,2,0,40,12229,0.6052,267,3381,66,2747,,1678,AVERAGE,4478,42283,698,2,0,0,https://cdn.hstatic.net/200000860097/file/pc_designer_25_-_30_trieu_66ff754e3c7240dc88cc4bcc4fe9ddff_grande.png,316738,,,,652054,2,1,2,0,0,0,1,True,HERO_IMAGE_TOO_HEAVY,BODY_HTML_LEGACY,HERO_IMAGE_TOO_HEAVY|BODY_HTML_LEGACY|CLS_LAYOUT_RISK,
89,P2,186.8,CONTENT,1002416993,Các phím tắt Excel hữu ích cho người bận rộn: nâng cao năng suất công việc với các phím tắt tiện lợi,https://sintech.vn/blogs/news/cac-phim-tat-excel-huu-ich-cho-nguoi-ban-ron-nang-cao-nang-suat-cong,applied,True,0,0,0,28,12915,0.4915,683,3441,72,2400,,1678,AVERAGE,4584,11024,171,0,0,0,,0,,,,0,0,0,0,0,0,0,4,True,BODY_HTML_LEGACY,CLS_LAYOUT_RISK,BODY_HTML_LEGACY|CLS_LAYOUT_RISK,
90,P3,186.3,THEME_CODE,1002431111,Ổ cứng mạng NAS là gì? Giải pháp lưu trữ dữ liệu không giới hạn cho doanh nghiệp,https://sintech.vn/blogs/news/o-cung-mang-nas-la-gi-giai-phap-luu-tru-du-lieu-khong-gioi-han-cho-do,applied,True,0,20,0,32,11260,0.6302,484,3373,80,2302,,1678,AVERAGE,4793,6634,49,0,0,0,,0,,,,0,0,0,0,0,0,0,0,False,CLS_LAYOUT_RISK,,CLS_LAYOUT_RISK,
91,P2,185.7,IMAGE,1002815115,Quy Trình Sửa Chữa Máy Tính PC Sintech,https://sintech.vn/blogs/huong-dan/quy-trinh-sua-chua-may-tinh-pc-sintech,draft_ready,False,0,0,0,37,9969,0.4466,341,3374,91,1069,,1678,AVERAGE,3356,148,3,1,0,0,https://cdn.hstatic.net/200000860097/file/quy_trinh_8cb69b95f50145e98734e9ad408e7219_master.png,1179483,,,,1179483,1,0,1,1,0,0,0,False,HERO_IMAGE_TOO_HEAVY,CLS_LAYOUT_RISK,HERO_IMAGE_TOO_HEAVY|CLS_LAYOUT_RISK,
92,P2,183.9,IMAGE,1002693503,"IPhone Gập: Apple Đã Sẵn Sàng “Gấp Gọn” Thế Giới Của Bạn, Nhưng iPad Gập Thì Vẫn... Ngủ Đông",https://sintech.vn/blogs/news/iphone-gap-apple-da-san-sang-gap-gon-the-gioi-cua-ban-nhung-ipad-g,draft_ready,False,0,0,0,51,13117,0.219,250,3359,81,2689,,1678,AVERAGE,3882,3101,47,2,1,0,https://file.hstatic.net/200000860097/file/bdkemdtr2fqmfpafmedstj-1200-80_dbbac26d330e4b16b7f33064c92487d6_grande.jpg,11141,,,,2685302,2,1,1,1,0,0,0,False,INLINE_IMAGES_TOO_HEAVY,CLS_LAYOUT_RISK,INLINE_IMAGES_TOO_HEAVY|CLS_LAYOUT_RISK,
93,P2,183.3,CONTENT,1002601922,Intel Core Ultra 200HX NPU Tăng Hiệu Suất Chơi Game và Sử Dụng AI Hỗ Trợ Để Chiến Boss Dễ Dàng,https://sintech.vn/blogs/news/intel-core-ultra-200hx-npu-tang-hieu-suat-choi-game-va-su-dung-ai-ho-t,draft_ready,False,0,3,0,56,17263,0.1744,230,3360,83,1513,,1678,AVERAGE,3989,3686,27,4,4,0,https://cdn.wccftech.com/wp-content/uploads/2025/02/Intel-Core-Ultra-200HX.png,0,,,,222861,4,3,0,0,0,0,0,True,BODY_HTML_LEGACY,IMAGES_MISSING_DIMENSIONS,BODY_HTML_LEGACY|IMAGES_MISSING_DIMENSIONS|IMAGES_MISSING_LAZYLOAD|CLS_LAYOUT_RISK,
94,P2,183.2,IMAGE,1002399780,"Cấu hình chơi Dota 2 trên PC, Laptop",https://sintech.vn/blogs/news/cau-hinh-may-tinh-choi-game-dota-2,draft_ready,False,0,0,0,48,9728,0.3984,101,3354,79,2380,,1678,AVERAGE,4028,4453,85,3,3,3,https://speedcom.vn/wp-content/uploads/2023/05/dota-2-su-thi-moba-221728-29-04-2020-0.jpg,0,800,450,1.78,0,0,2,0,0,0,0,0,False,IMAGES_BROKEN,CLS_LAYOUT_RISK,IMAGES_BROKEN|CLS_LAYOUT_RISK,
95,P2,182.5,CONTENT,1002802198,Dịch vụ IT Trọn Gói – Sintech,https://sintech.vn/blogs/huong-dan/dich-vu-it-tron-goi-sintech,review_required,False,0,0,0,40,12587,1.064,209,3360,74,2370,,1678,AVERAGE,6339,65404,353,4,0,0,https://cdn.hstatic.net/200000860097/file/tieu_de_a6c16c4365bd40d9a7d005d7fd19ba9c_grande.png,246576,,,,1432175,4,3,2,0,0,0,5,True,BODY_HTML_LEGACY,IMAGES_MISSING_DIMENSIONS,BODY_HTML_LEGACY|IMAGES_MISSING_DIMENSIONS|IMAGES_MISSING_LAZYLOAD|CLS_LAYOUT_RISK,
96,P2,181.1,IMAGE,1002583958,AMD Thách Thức NVIDIA Grace & Intel Granite Rapids Với EPYC Thế Hệ 5 Hiệu Suất Vượt Trội,https://sintech.vn/blogs/news/amd-thach-thuc-nvidia-grace-intel-granite-rapids-voi-epyc-the-he-5-h,draft_ready,False,0,2,0,50,14738,0.1238,190,8471,77,2641,,1678,AVERAGE,4133,4900,87,2,1,0,https://cdn.wccftech.com/wp-content/uploads/2024/07/AMD-EPYC-vs-NVIDIA-Grace-Superchip-CPU-Datacenter-Performance.jpg,691618,,,,721299,2,1,1,0,0,0,0,False,HERO_IMAGE_TOO_HEAVY,CLS_LAYOUT_RISK,HERO_IMAGE_TOO_HEAVY|CLS_LAYOUT_RISK,
97,P2,180.0,CONTENT,1002807631,Có Nên Dùng Đế Tản Nhiệt Cho Laptop Gaming Không?,https://sintech.vn/blogs/huong-dan/co-nen-dung-de-tan-nhiet-cho-laptop-gaming-khong,draft_ready,False,0,2,0,40,13283,0.6543,236,3360,78,2402,,1678,AVERAGE,4720,45306,824,3,0,0,https://cdn.hstatic.net/200000860097/file/12_bbb0b98e3a494c1ba1837b284758fa4a_grande.png,195653,,,,636034,3,2,0,0,0,0,0,True,BODY_HTML_LEGACY,IMAGES_MISSING_DIMENSIONS,BODY_HTML_LEGACY|IMAGES_MISSING_DIMENSIONS|CLS_LAYOUT_RISK,
98,P2,179.7,IMAGE,1002601908,Intel Ra Mắt Tiến Trình 18A: Bước Đột Phá Cho Bộ Phận Foundry Trong Cuộc Đua Công Nghệ!,https://sintech.vn/blogs/news/intel-ra-mat-tien-trinh-18a-buoc-dot-pha-cho-bo-phan-foundry-trong-cu,draft_ready,False,0,0,0,54,16816,0.202,232,3361,80,1161,22,1678,AVERAGE,3951,3398,17,3,2,0,https://cdn.wccftech.com/wp-content/uploads/2025/04/Gnd03V6WQAAiHdU-scaled.jpg,660030,,,,1018034,3,2,1,0,0,0,0,False,HERO_IMAGE_TOO_HEAVY,IMAGES_MISSING_DIMENSIONS,HERO_IMAGE_TOO_HEAVY|IMAGES_MISSING_DIMENSIONS|CLS_LAYOUT_RISK,unused-javascript
99,P2,178.5,IMAGE,1002817045,Laptop vỏ nhựa hay kim loại – chọn sao cho đúng nhu cầu?,https://sintech.vn/blogs/huong-dan/laptop-vo-nhua-hay-kim-loai-chon-sao-cho-dung-nhu-cau,draft_ready,False,0,0,0,48,13819,0.1719,96,8461,78,2339,,1678,AVERAGE,4521,51731,946,5,0,0,https://cdn.hstatic.net/200000860097/file/1_a1ae7f3a276c47f8a27f278d4e3241d1_grande.png,301339,,,,1271675,5,4,2,0,0,0,1,True,HERO_IMAGE_TOO_HEAVY,BODY_HTML_LEGACY,HERO_IMAGE_TOO_HEAVY|BODY_HTML_LEGACY|IMAGES_MISSING_DIMENSIONS|IMAGES_MISSING_LAZYLOAD|CLS_LAYOUT_RISK,
100,P2,177.2,CONTENT,1002411136,Tại sao vệ sinh PC định kỳ là rất quan trọng?,https://sintech.vn/blogs/news/bang-ma-loi-mainboard-huananzhi-x99-x79,draft_ready,False,0,1,0,38,12903,1.0432,278,3367,78,2509,,1678,AVERAGE,9868,36712,615,0,0,0,,0,,,,0,0,0,0,0,0,0,4,True,BODY_HTML_LEGACY,CLS_LAYOUT_RISK,BODY_HTML_LEGACY|CLS_LAYOUT_RISK,
101,P2,176.9,CONTENT,1002694321,So sánh các AI: Grok “xuất sắc bất ngờ” nhưng Chat GPT vẫn là “trùm cuối”,https://sintech.vn/blogs/news/so-sanh-cac-ai-grok-xuat-sac-bat-ngo-nhung-chat-gpt-van-la-trum-cu,draft_ready,False,0,2,0,46,14219,0.1422,643,3400,72,2686,76,1678,AVERAGE,3900,11631,197,1,1,0,https://www.notebookcheck.net/fileadmin/_processed_/9/9/csm_Gemini_b6d5798b70.png,53165,,,,53165,1,0,0,0,0,0,0,True,BODY_HTML_LEGACY,CLS_LAYOUT_RISK,BODY_HTML_LEGACY|CLS_LAYOUT_RISK,unused-javascript
102,P2,176.2,CONTENT,1002411121,Windows 12: Hệ điều hành mới nhất của Microsoft có gì hấp dẫn?,https://sintech.vn/blogs/news/windows-12-he-dieu-hanh-moi-nhat-cua-microsoft-co-gi-hap-dan,draft_ready,False,0,1,0,42,13719,0.5446,224,3359,72,2779,,1678,AVERAGE,5527,12075,80,6,6,0,https://bizweb.dktcdn.net/100/329/122/files/windows-12-duoc-du-doan-ra-mat-vao-cuoi-nam-2024.webp?v=1719808197507,102158,,,,936000,6,5,0,0,0,0,0,True,BODY_HTML_LEGACY,IMAGES_MISSING_DIMENSIONS,BODY_HTML_LEGACY|IMAGES_MISSING_DIMENSIONS|IMAGES_MISSING_LAZYLOAD|CLS_LAYOUT_RISK,
103,P2,175.9,CONTENT,1002787019,Build PC Gaming Giá 10–25 Triệu Tại Quận 7 – Sintech: Ưu Đãi & Dịch Vụ Tận Tâm,https://sintech.vn/blogs/huong-dan/build-pc-gaming-gia-10-25-trieu-tai-quan-7-sintech-uu-dai-dich-vu,draft_ready,False,0,0,0,36,12828,0.6692,386,3366,82,2404,,1678,AVERAGE,4263,46848,874,5,0,0,https://cdn.hstatic.net/200000860097/file/tieu_de_5c8b100845ad48a1be2bf7c2c5468ac5_grande.png,178094,,,,850523,5,4,0,0,0,0,1,True,BODY_HTML_LEGACY,IMAGES_MISSING_DIMENSIONS,BODY_HTML_LEGACY|IMAGES_MISSING_DIMENSIONS|IMAGES_MISSING_LAZYLOAD|CLS_LAYOUT_RISK,
104,P2,175.6,CONTENT,1002408539,VRAM là gì? Bao nhiêu GB VRAM là đủ dùng? Phân biệt giữa VRAM và RAM bạn nên biết,https://sintech.vn/blogs/news/vram-la-gi-bao-nhieu-gb-vram-la-du-dung-phan-biet-giua-vram-va-ram-b,draft_ready,False,0,0,0,39,13512,0.7591,250,3374,80,2503,,1678,AVERAGE,4745,9657,108,10,10,0,https://bizweb.dktcdn.net/100/329/122/files/tim-hieu-vram-la-gi-jpeg.jpg?v=1668678674346,26824,,,,289205,10,9,0,0,0,0,0,True,BODY_HTML_LEGACY,IMAGES_MISSING_DIMENSIONS,BODY_HTML_LEGACY|IMAGES_MISSING_DIMENSIONS|IMAGES_MISSING_LAZYLOAD|CLS_LAYOUT_RISK,
105,P2,173.1,CONTENT,1002760491,CPU for Programming & Đồ Hoạ: Vì sao Intel i5/i7/i9 là lựa chọn hàng đầu cho Adobe?,https://sintech.vn/blogs/huong-dan/cpu-for-programming-do-hoa-vi-sao-intel-i5-i7-i9-la-lua-chon-hang-d,draft_ready,False,0,0,0,40,13279,0.5644,268,3367,83,2359,,1678,AVERAGE,4151,31293,514,5,0,0,https://cdn.hstatic.net/200000860097/file/1_0c4eda19527848058255d699dd4d3f1c_grande.png,175449,,,,916459,5,4,0,0,0,0,1,True,BODY_HTML_LEGACY,IMAGES_MISSING_DIMENSIONS,BODY_HTML_LEGACY|IMAGES_MISSING_DIMENSIONS|IMAGES_MISSING_LAZYLOAD|CLS_LAYOUT_RISK,
106,P2,173.1,CONTENT,1002788933,Có Nên Cắm Sạc Laptop Khi Không Sử Dụng? Giải Đáp Chi Tiết Nhất 2025,https://sintech.vn/blogs/huong-dan/co-nen-cam-sac-laptop-khi-khong-su-dung-giai-dap-chi-tiet-nhat-2025,draft_ready,False,0,0,0,40,13282,0.719,226,3361,81,2363,,1678,AVERAGE,4714,40478,723,3,0,0,https://cdn.hstatic.net/200000860097/file/tieu_de_bbb0bdf953464c0e9764a723de8a1600_grande.png,198007,,,,729030,3,2,0,0,0,0,1,True,BODY_HTML_LEGACY,IMAGES_MISSING_DIMENSIONS,BODY_HTML_LEGACY|IMAGES_MISSING_DIMENSIONS|CLS_LAYOUT_RISK,
107,P2,172.2,CONTENT,1002734197,AI Overviews – Khi Google làm thay đổi luật chơi SEO,https://sintech.vn/blogs/news/ai-overviews-khi-google-lam-thay-doi-luat-choi-seo,draft_ready,False,0,1,0,52,15475,0.1076,160,8464,65,2852,,1678,AVERAGE,4759,20403,265,4,3,0,https://i1-vnexpress.vnecdn.net/2025/07/25/DSC02497-JPG-1753430924-1611-1753431031.jpg?w=680&h=0&q=100&dpr=1&fit=crop&s=6ZfRnm2aLooNmDjHZJDSNQ,294344,,,,897899,4,3,0,0,0,0,0,True,BODY_HTML_LEGACY,IMAGES_MISSING_DIMENSIONS,BODY_HTML_LEGACY|IMAGES_MISSING_DIMENSIONS|IMAGES_MISSING_LAZYLOAD|CLS_LAYOUT_RISK,
108,P2,171.6,IMAGE,1002810140,Cách Nhận Biết Video Được Tạo Bởi AI – Và Cách Tự Kiểm Tra Thật Giả Mà Không Cần Công Cụ Chuyên Sâu,https://sintech.vn/blogs/huong-dan/cach-nhan-biet-video-duoc-tao-boi-ai-va-cach-tu-kiem-tra-that-gia-ma,draft_ready,False,0,0,0,39,8995,0.8207,255,3361,75,2337,,1678,AVERAGE,5077,54520,976,6,0,0,https://cdn.hstatic.net/200000860097/file/1_b0813edb3cc1428ca25388449908ea9b_grande.png,435246,,,,2004844,6,5,3,0,0,0,0,True,HERO_IMAGE_TOO_HEAVY,INLINE_IMAGES_TOO_HEAVY,HERO_IMAGE_TOO_HEAVY|INLINE_IMAGES_TOO_HEAVY|BODY_HTML_LEGACY|IMAGES_MISSING_DIMENSIONS|IMAGES_MISSING_LAZYLOAD|CLS_LAYOUT_RISK,
109,P2,170.4,IMAGE,1002711258,Telegram ra mắt ví tiền điện tử tại Mỹ trong khi ở Việt Nam còn nhiều hạn chế,https://sintech.vn/blogs/news/telegram-ra-mat-vi-tien-dien-tu-tai-my,draft_ready,False,0,1,0,55,12135,0.2033,190,3356,80,2740,,1678,AVERAGE,4047,12043,174,3,2,1,"https://images.cointelegraph.com/cdn-cgi/image/format=auto,onerror=redirect,quality=90,width=1434/https://s3.cointelegraph.com/uploads/2025-07/01982d05-4c9d-71c1-8aa3-1e715c1d9558",370780,,,,587361,3,2,1,0,0,0,0,True,IMAGES_BROKEN,HERO_IMAGE_TOO_HEAVY,IMAGES_BROKEN|HERO_IMAGE_TOO_HEAVY|BODY_HTML_LEGACY|IMAGES_MISSING_DIMENSIONS|CLS_LAYOUT_RISK,
110,P2,169.7,CONTENT,1002404303,Sự khác nhau ổ cứng SSD và HDD,https://sintech.vn/blogs/news/su-khac-nhau-o-cung-ssd-va-hdd,draft_ready,False,0,2,0,53,14624,0.1057,465,3368,81,1973,,1678,AVERAGE,4475,8611,137,5,5,0,https://cdn.tgdd.vn/Files/2019/10/05/1205008/so-sanh-o-cung-ssd-va--1.jpg,143217,,,,899084,5,4,0,0,0,0,1,True,BODY_HTML_LEGACY,IMAGES_MISSING_DIMENSIONS,BODY_HTML_LEGACY|IMAGES_MISSING_DIMENSIONS|IMAGES_MISSING_LAZYLOAD|CLS_LAYOUT_RISK,
111,P2,169.4,IMAGE,1002594009,"Dòng APU AMD Gorgon Point ""Ryzen AI"" Lộ Diện: Xung Nhịp Cao Hơn, NPU Trên 55 TOPS – Ryzen AI MAX ""Medusa/Zen 6"" Được Xác Nhận",https://sintech.vn/blogs/news/dong-apu-amd-gorgon-point-ryzen-ai-lo-dien-xung-nhip-cao-hon-npu-t,draft_ready,False,0,0,0,55,15079,0.1876,238,3368,97,1088,,1678,AVERAGE,4224,7956,179,4,4,0,https://cdn.wccftech.com/wp-content/uploads/2024/08/AMD-Strix-Point-APUs-Fire-Range-CPUs-For-Ryzen-Mobility-Platforms-With-Zen-5-Core-Architecture-_2.jpg,330144,,,,753154,4,3,1,0,0,0,1,True,HERO_IMAGE_TOO_HEAVY,BODY_HTML_LEGACY,HERO_IMAGE_TOO_HEAVY|BODY_HTML_LEGACY|IMAGES_MISSING_DIMENSIONS|IMAGES_MISSING_LAZYLOAD|CLS_LAYOUT_RISK,
112,P2,169.2,CONTENT,1002773929,Chọn màn hình PC cho lập trình & UI/UX (2025): Hướng dẫn chi tiết từ A–Z,https://sintech.vn/blogs/huong-dan/chon-man-hinh-pc-cho-lap-trinh-ui-ux-2025-huong-dan-chi-tiet-tu-a,draft_ready,False,0,0,0,40,12546,0.7258,241,3356,82,2325,,1678,AVERAGE,4382,41391,731,1,0,0,https://cdn.hstatic.net/200000860097/file/tieu_de_300245fcea9249719beba90934ca412c_grande.png,280507,,,,280507,1,0,0,0,0,0,1,True,BODY_HTML_LEGACY,CLS_LAYOUT_RISK,BODY_HTML_LEGACY|CLS_LAYOUT_RISK,
113,P2,168.8,CONTENT,1002497829,Thông Số Intel Arc B570 GPU Rò Rỉ Thông Tin: Sức Mạnh Card Tầm Trung Được Hé Lộ,https://sintech.vn/blogs/news/thong-so-intel-arc-b570-gpu-ro-ri-thong-tin-suc-manh-card-tam-trung-d,draft_ready,False,0,1,0,44,12819,0.4206,232,3359,71,2673,,1678,AVERAGE,3940,3547,39,4,0,0,https://file.hstatic.net/200000860097/file/image_2024-12-02_140407360_e6ec33e2df0a4119a0725ac327fd332a_1024x1024.png,202105,,,,678875,4,3,0,0,0,0,0,True,BODY_HTML_LEGACY,IMAGES_MISSING_DIMENSIONS,BODY_HTML_LEGACY|IMAGES_MISSING_DIMENSIONS|IMAGES_MISSING_LAZYLOAD|CLS_LAYOUT_RISK,
114,P2,168.4,CONTENT,1002708558,Balo AirPods? Bravest Studios ra mắt AirPack – món đồ “gây lú” nhất mùa hè 2025,https://sintech.vn/blogs/news/balo-airpods-bravest-studios-ra-mat-airpack-mon-do-gay-lu-nhat,draft_ready,False,0,2,0,50,13638,0.1522,90,8463,65,2568,,1678,AVERAGE,3941,12145,187,3,3,0,https://www.yankodesign.com/images/design_news/2025/07/auto-draft/bravest_aircase_backpack_1.jpg,192647,,,,488098,3,2,0,0,0,0,0,True,BODY_HTML_LEGACY,IMAGES_MISSING_DIMENSIONS,BODY_HTML_LEGACY|IMAGES_MISSING_DIMENSIONS|CLS_LAYOUT_RISK,
115,P2,168.3,IMAGE,1002420464,Ghế công thái học và ghế Gaming: Đâu là lựa chọn tốt nhất?,https://sintech.vn/blogs/news/ghe-cong-thai-hoc-va-ghe-gaming-dau-la-lua-chon-tot-nhat,draft_ready,False,0,0,0,53,13119,0.1865,258,3360,79,2461,,1678,AVERAGE,4748,9090,157,6,6,1,https://smafurniture.com/wp-content/uploads/2023/12/ghe-cong-thai-hoc-va-ghe-gaming-dau-la-su-lua-chon-phu-hop-4.webp,84402,1536,1152,1.33,726492,0,5,0,0,0,0,1,False,IMAGES_BROKEN,IMAGES_MISSING_LAZYLOAD,IMAGES_BROKEN|IMAGES_MISSING_LAZYLOAD|CLS_LAYOUT_RISK,
116,P2,167.5,CONTENT,1002411270,"Đánh giá SSD Samsung T5 EVO: Thiết kế nhỏ gọn, lưu trữ khủng lên đến 8TB",https://sintech.vn/blogs/news/danh-gia-ssd-samsung-t5-evo-thiet-ke-nho-gon-luu-tru-khung-len-den-8,applied,True,0,0,0,35,10952,0.7929,370,3372,83,2398,,1678,AVERAGE,4936,8969,91,0,0,0,,0,,,,0,0,0,0,0,0,0,1,True,BODY_HTML_LEGACY,CLS_LAYOUT_RISK,BODY_HTML_LEGACY|CLS_LAYOUT_RISK,
117,P3,166.6,THEME_CODE,1002549340,"Sửa Máy Tính Quận 5 Uy Tín, Minh Bạch tại Sintech",https://sintech.vn/blogs/news/sua-may-tinh-quan-5-uy-tin-minh-bach-tai-sintech,draft_ready,False,0,12,0,40,13583,0.4074,373,3339,76,2520,,1678,AVERAGE,4832,9871,267,1,0,0,https://file.hstatic.net/200000860097/file/eagspot_cd826ebbbfd641178dfa55c752a57cbb_grande.png,100879,,,,100879,1,0,0,0,0,0,1,False,CLS_LAYOUT_RISK,,CLS_LAYOUT_RISK,
118,P2,164.4,CONTENT,1002763192,"DDR4 vs DDR5 16GB 2025: khác gì nhau, có nên nâng cấp? So sánh hiệu năng chơi game & làm việc",https://sintech.vn/blogs/huong-dan/ddr4-vs-ddr5-16gb-2025-khac-gi-nhau-co-nen-nang-cap-so-sanh-hieu-na,draft_ready,False,0,0,0,49,13865,0.1387,174,8630,82,2383,,1678,AVERAGE,4486,50913,893,4,0,0,https://cdn.hstatic.net/200000860097/file/3_88c05908a5d24d87a17d276e83eba6c3_grande.png,149875,,,,900179,4,3,0,0,0,0,2,True,BODY_HTML_LEGACY,IMAGES_MISSING_DIMENSIONS,BODY_HTML_LEGACY|IMAGES_MISSING_DIMENSIONS|IMAGES_MISSING_LAZYLOAD|CLS_LAYOUT_RISK,
119,P3,163.6,THEME_CODE,1002593968,"NVIDIA tung RTX 5060 Ti ngay khi hết lệnh cấm review, RTX 5060 ra mắt tháng 5!",https://sintech.vn/blogs/news/nvidia-tung-rtx-5060-ti-ngay-khi-het-lenh-cam-review-rtx-5060-ra-mat,draft_ready,False,0,7,0,53,17868,0.1828,288,3371,90,1884,,1678,AVERAGE,3846,2924,42,2,2,0,https://cdn.wccftech.com/wp-content/uploads/2025/03/RTX-5060-Ti-and-RTX-5060.png,0,,,,413416,2,1,1,0,0,0,0,False,CLS_LAYOUT_RISK,,CLS_LAYOUT_RISK,
120,P2,163.6,CONTENT,1002695541,Microsoft sa thải gần 9.000 nhân viên để tài trợ cho AI: Khi AI bắt đầu thay thế con người,https://sintech.vn/blogs/news/microsoft-sa-thai-gan-9-000-nhan-vien-de-tai-tro-cho-ai-khi-ai-bat-da,review_required,False,0,0,0,46,12968,0.1386,269,8175,77,2391,,1678,AVERAGE,4637,23046,368,1,1,0,https://media.vietnamplus.vn/images/7255a701687d11cb8c6bbc58a6c807851a476caa54216ef26c64420d5714c19ecd6226ed688ceada28774b5b35ecfb088b30e2a514304d8680952bb930a95c15/microsoft-2-3950.jpg.webp,134934,,,,134934,1,0,0,0,0,0,0,True,BODY_HTML_LEGACY,CLS_LAYOUT_RISK,BODY_HTML_LEGACY|CLS_LAYOUT_RISK,
121,P2,163.5,CONTENT,1002783276,"Phân Biệt USB 2.0, USB 3.2 (Gen 1 / Gen 2 / Gen 2×2) và USB 4.0",https://sintech.vn/blogs/huong-dan/phan-biet-usb-2-0-usb-3-2-gen-1-gen-2-gen-2-2-va-usb-4-0,draft_ready,False,0,0,0,44,12440,0.4246,226,3357,80,2364,,1678,AVERAGE,4389,82507,1562,1,0,0,https://cdn.hstatic.net/200000860097/file/phan_biet_usb_2.0_vs_3.2_vs_usb_4.0_3f0401656b124f1eae94e9f8db3ad0b2_grande.png,205785,,,,205785,1,0,0,0,0,0,1,True,BODY_HTML_LEGACY,DOM_TOO_LARGE,BODY_HTML_LEGACY|DOM_TOO_LARGE|CLS_LAYOUT_RISK,
122,P2,163.0,CONTENT,1002401227,"NVIDIA RTX 50 Series: ""Mạnh mẽ"" hiệu năng trong diện mạo ""thanh lịch""",https://sintech.vn/blogs/news/nvidia-rtx-50-series-manh-me-hieu-nang-trong-dien-mao-thanh-lich,draft_ready,False,0,0,0,52,14346,0.1156,120,8466,86,1043,,1678,AVERAGE,3931,4490,92,2,0,0,https://file.hstatic.net/200000860097/file/geforce-rtx-50-seasonic_a0adad388323433ba7bf784bd023dab9_grande.png,18132,,,,188605,2,1,0,0,0,0,1,True,BODY_HTML_LEGACY,CLS_LAYOUT_RISK,BODY_HTML_LEGACY|CLS_LAYOUT_RISK,
123,P3,162.6,THEME_CODE,1002414333,"Tổng hợp, tìm hiểu các kích thước bàn phím cơ trên thị trường hiện nay",https://sintech.vn/blogs/news/tong-hop-tim-hieu-cac-kich-thuoc-ban-phim-co-tren-thi-truong-hien-nay,applied,True,0,19,0,53,12714,0.1057,109,8620,77,2382,,1678,AVERAGE,4447,5089,46,0,0,0,,0,,,,0,0,0,0,0,0,0,0,False,CLS_LAYOUT_RISK,,CLS_LAYOUT_RISK,
124,P2,162.2,CONTENT,1002416741,"Cách phân biệt Clicky, Linear và Tactile switch chính xác nhất",https://sintech.vn/blogs/news/cach-phan-biet-clicky-linear-va-tactile-switch-chinh-xac-nhat,applied,True,0,0,0,45,12434,0.58,103,3348,76,2488,,1678,AVERAGE,4282,6464,70,0,0,0,,0,,,,0,0,0,0,0,0,0,1,True,BODY_HTML_LEGACY,CLS_LAYOUT_RISK,BODY_HTML_LEGACY|CLS_LAYOUT_RISK,
125,P3,161.1,THEME_CODE,1002719467,Top 10 Sai Lầm Khi Build PC Mà Ai Cũng Dễ Mắc Phải,https://sintech.vn/blogs/huong-dan/top-10-sai-lam-khi-build-pc-ma-ai-cung-de-mac-phai,applied,True,0,2,0,33,14478,0.8944,393,3236,77,2641,,1678,AVERAGE,4770,7886,97,3,0,0,https://file.hstatic.net/200000860097/file/thiet_ke_chua_co_ten_5555c0f6772943dc9af8e039615b418e_grande.png,291540,,,,1155904,3,2,2,0,0,0,0,False,IMAGES_MISSING_DIMENSIONS,CLS_LAYOUT_RISK,IMAGES_MISSING_DIMENSIONS|CLS_LAYOUT_RISK,
126,P2,161.1,IMAGE,1002413900,Google vừa cập nhật loạt tính năng hữu ích cho người dùng thích mở nhiều tab trên trình duyệt Chrome,https://sintech.vn/blogs/news/google-vua-cap-nhat-loat-tinh-nang-huu-ich-cho-nguoi-dung-thich-mo-nhi,draft_ready,False,0,0,0,52,13983,0.1216,107,8466,85,1976,,1678,AVERAGE,3807,2606,11,1,1,0,https://genk.mediacdn.vn/139269124445442048/2024/9/11/google-announces-3-new-chrome-ta-17260486381281096407341-1726048756365-1726048757843679992338-1726050150967-17260501511101586049993.png,249475,1248,520,2.4,249475,0,0,0,0,0,0,0,False,HERO_IMAGE_WRONG_DIMENSION,CLS_LAYOUT_RISK,HERO_IMAGE_WRONG_DIMENSION|CLS_LAYOUT_RISK,
127,P2,160.2,IMAGE,1002400132,"Cấu hình chơi Valorant Trên PC, Laptop",https://sintech.vn/blogs/news/cau-hinh-choi-valorant-tren-pc-laptop,draft_ready,False,0,0,0,56,12304,0.1734,212,3361,81,2415,,1678,AVERAGE,4005,3657,42,1,1,1,https://hacom.vn/media/lib/23-09-2020/cuhnhchivalorantpc.jpg,0,800,450,1.78,0,0,0,0,0,0,0,0,False,IMAGES_BROKEN,CLS_LAYOUT_RISK,IMAGES_BROKEN|CLS_LAYOUT_RISK,
128,P3,160.1,THEME_CODE,1002411585,Cảm biến Hero là gì? Liệu có phù hợp với nhu cầu chơi game của bạn?,https://sintech.vn/blogs/news/cam-bien-hero-la-gi-lieu-co-phu-hop-voi-nhu-cau-choi-game-cua-ban,applied,True,0,13,0,43,12522,0.4258,232,3356,66,2432,,1678,AVERAGE,4299,4272,25,0,0,0,,0,,,,0,0,0,0,0,0,0,0,False,CLS_LAYOUT_RISK,,CLS_LAYOUT_RISK,
129,P2,159.0,CONTENT,1002761261,"Build PC 12–15 Triệu Cho Học Sinh, Sinh Viên: Học Tập Và Chơi LoL, Valorant, FO4",https://sintech.vn/blogs/huong-dan/build-pc-12-15-trieu-cho-hoc-sinh-sinh-vien-hoc-tap-va-choi-lol-val,draft_ready,False,0,2,0,39,9148,0.5176,347,3372,81,2323,,1678,AVERAGE,4477,65605,1245,5,0,0,https://cdn.hstatic.net/200000860097/file/1_e354a559e45a4b11902f2870a3733131_grande.png,280692,,,,1376055,5,4,0,0,0,0,1,True,BODY_HTML_LEGACY,IMAGES_MISSING_DIMENSIONS,BODY_HTML_LEGACY|IMAGES_MISSING_DIMENSIONS|IMAGES_MISSING_LAZYLOAD|CLS_LAYOUT_RISK,
130,P2,158.9,CONTENT,1002721462,"Lưu mật khẩu trên trình duyệt web: Thói quen tiện lợi đang trở thành ""cửa ngõ"" cho tin tặc",https://sintech.vn/blogs/news/luu-mat-khau-tren-trinh-duyet-web-thoi-quen-tien-loi-dang-tro-thanh,draft_ready,False,0,0,0,51,13310,0.1387,102,8465,77,2385,,1678,AVERAGE,4385,52348,912,5,1,0,https://file.hstatic.net/200000860097/file/back-view-hacker-desk-using-996353264_3ea370d50bc446b6be2b49d4b73ab454_grande.png,48469,,,,157510,5,4,0,0,0,0,1,True,BODY_HTML_LEGACY,IMAGES_MISSING_DIMENSIONS,BODY_HTML_LEGACY|IMAGES_MISSING_DIMENSIONS|IMAGES_MISSING_LAZYLOAD|CLS_LAYOUT_RISK,
131,P2,157.0,CONTENT,1002802434,ChatGPT Atlas có gì thú vị? Toàn cảnh trình duyệt AI thế hệ mới,https://sintech.vn/blogs/huong-dan/chatgpt-atlas-co-gi-thu-vi-toan-canh-trinh-duyet-ai-the-he-moi,draft_ready,False,0,1,0,37,8858,1.0202,297,3359,75,2333,,1678,AVERAGE,4873,51348,927,5,0,0,https://cdn.hstatic.net/200000860097/file/15_eb7bf80dbb5c48669076d91da150cd60_grande.png,118228,,,,588149,5,4,0,0,0,0,0,True,BODY_HTML_LEGACY,IMAGES_MISSING_DIMENSIONS,BODY_HTML_LEGACY|IMAGES_MISSING_DIMENSIONS|IMAGES_MISSING_LAZYLOAD|CLS_LAYOUT_RISK,
132,P2,154.8,IMAGE,1002401045,"Cấu hình chơi Black Myth: Wukong trên PC, Laptop",https://sintech.vn/blogs/news/cau-hinh-choi-black-myth-wukong-tren-pc-laptop,draft_ready,False,0,1,0,52,9678,0.1741,339,3367,87,1389,,1678,AVERAGE,4306,7242,135,3,3,0,https://i1-sohoa.vnecdn.net/2024/08/24/image-9349-1724475698.png?w=680&h=0&q=100&dpr=1&fit=crop&s=5Yw9XBK1YUTPHXQf7gTdOg,479122,,,,963131,3,2,2,0,1,0,1,True,HERO_IMAGE_TOO_HEAVY,BODY_HTML_LEGACY,HERO_IMAGE_TOO_HEAVY|BODY_HTML_LEGACY|EMBED_HEAVY|IMAGES_MISSING_DIMENSIONS|CLS_LAYOUT_RISK,
133,P3,154.6,THEME_CODE,1002430906,"Tất tần tật về quạt máy tính kêu to và cách khắc phục đơn giản, nhanh chóng",https://sintech.vn/blogs/news/tat-tan-tat-ve-quat-may-tinh-keu-to-va-cach-khac-phuc-don-gian-nhanh,applied,True,0,7,0,36,12895,1.008,339,3366,82,2597,,1678,AVERAGE,4768,6375,44,0,0,0,,0,,,,0,0,0,0,0,0,0,0,False,CLS_LAYOUT_RISK,,CLS_LAYOUT_RISK,
134,P3,154.4,THEME_CODE,1002423341,Unity là gì? Cách cài đặt chi tiết cho người mới bắt đầu,https://sintech.vn/blogs/news/unity-la-gi-cach-cai-dat-chi-tiet-cho-nguoi-moi-bat-dau,applied,True,0,8,0,37,12530,0.5409,275,3763,83,2300,,1678,AVERAGE,4653,6551,71,0,0,0,,0,,,,0,0,0,0,0,0,0,0,False,CLS_LAYOUT_RISK,,CLS_LAYOUT_RISK,
135,P2,154.2,CONTENT,1002699809,Robot siêu nhỏ: Tương lai vi mô mở ra trước mắt,https://sintech.vn/blogs/news/robot-sieu-nho-tuong-lai-vi-mo-mo-ra-truoc-mat,draft_ready,False,0,0,0,53,12897,0.2368,201,3357,94,1024,,1678,AVERAGE,3993,18004,314,3,0,0,https://file.hstatic.net/200000860097/file/robot_sieu_nho_e076847e70b7434c9d27a2b40665e487_grande.jpg,22281,,,,87497,3,2,0,0,0,0,0,True,BODY_HTML_LEGACY,IMAGES_MISSING_DIMENSIONS,BODY_HTML_LEGACY|IMAGES_MISSING_DIMENSIONS|CLS_LAYOUT_RISK,
136,P3,154.0,THEME_CODE,1002515546,Hướng Dẫn Build PC Gaming Và Làm Việc Với Ngân Sách 30 Triệu (12/2024),https://sintech.vn/blogs/huong-dan/huong-dan-build-pc-gaming-va-lam-viec-voi-ngan-sach-30-trieu-12-2024,draft_ready,False,0,17,0,51,11475,0.1959,329,3367,83,2394,,1678,AVERAGE,4387,6844,216,0,0,0,,0,,,,0,0,0,0,0,0,0,1,False,CLS_LAYOUT_RISK,,CLS_LAYOUT_RISK,
137,P3,150.9,THEME_CODE,1002399693,Dịch vụ vệ sinh máy tính tại nhà TP.HCM,https://sintech.vn/blogs/news/dich-vu-ve-sinh-may-tinh-tai-nha-tp-hcm,draft_ready,False,0,9,0,48,13973,0.2831,239,3378,69,2579,,1678,AVERAGE,4991,9174,153,2,0,0,https://file.hstatic.net/200000860097/file/them_noi_dung_van_ban_ef1fe65554d84c9b89657c555d584dc4_grande.png,258790,,,,388007,2,1,0,0,0,0,1,False,CLS_LAYOUT_RISK,,CLS_LAYOUT_RISK,
138,P2,150.6,CONTENT,1002358515,Microsoft kết thúc hỗ trợ Windows 11 21H2 và 22H2 sau 90 ngày,https://sintech.vn/blogs/news/microsoft-ket-thuc-ho-tro-windows-11-21h2-va-22h2-sau-90-ngay,draft_ready,False,0,1,0,55,12153,0.196,206,3361,85,1014,,1678,AVERAGE,3774,4581,61,1,0,0,https://file.hstatic.net/200000860097/file/4216-4892_c9949bc2e20c4016ab1c4ecdf4a460d4_grande.png,16501,,,,16501,1,0,0,0,0,0,0,True,BODY_HTML_LEGACY,CLS_LAYOUT_RISK,BODY_HTML_LEGACY|CLS_LAYOUT_RISK,
139,P2,150.5,CONTENT,1002696093,FolderDrive – Khi biểu tượng thư mục bước ra đời thực,https://sintech.vn/blogs/news/folderdrive-khi-bieu-tuong-thu-muc-buoc-ra-doi-thuc,draft_ready,False,0,0,0,51,11696,0.1983,257,3340,82,2378,,1678,AVERAGE,3993,15068,249,3,0,0,https://file.hstatic.net/200000860097/file/cyzy6nkbk6t8pqutmdzrpi-1200-80_2e215d0c8beb4deba58e3edf159339c0_grande.jpg,21929,,,,86365,3,2,0,0,0,0,0,True,BODY_HTML_LEGACY,IMAGES_MISSING_DIMENSIONS,BODY_HTML_LEGACY|IMAGES_MISSING_DIMENSIONS|CLS_LAYOUT_RISK,
140,P3,148.7,THEME_CODE,1002420414,Hướng dẫn lựa chọn tản nhiệt nước All in one phù hợp,https://sintech.vn/blogs/news/huong-dan-lua-chon-tan-nhiet-nuoc-all-in-one-phu-hop,applied,True,0,8,0,41,12303,0.3986,350,3367,81,2338,,1678,AVERAGE,4421,5183,48,0,0,0,,0,,,,0,0,0,0,0,0,0,0,False,CLS_LAYOUT_RISK,,CLS_LAYOUT_RISK,
141,P2,146.6,CONTENT,1002402235,Intel Arrow Lake-S “Core Ultra 200” sẽ ra mắt vào tháng 10,https://sintech.vn/blogs/news/intel-arrow-lake-s-core-ultra-200-se-ra-mat-vao-thang-10,draft_ready,False,0,0,0,54,11690,0.1794,288,3336,82,2422,,1678,AVERAGE,4326,9665,168,2,0,0,https://file.hstatic.net/200000860097/file/intel-arrow-lake-desktop-cpus_f5e39280e1e6401f8dfafc43b23cc4b2_grande.png,178209,,,,201790,2,1,0,0,0,0,1,True,BODY_HTML_LEGACY,CLS_LAYOUT_RISK,BODY_HTML_LEGACY|CLS_LAYOUT_RISK,
142,P2,145.2,IMAGE,1002413792,Vì sao Sony bị game thủ 'ném đá' dữ dội khi hé lộ PS5 Pro?,https://sintech.vn/blogs/news/vi-sao-sony-bi-game-thu-nem-da-du-doi-khi-he-lo-ps5-pro,draft_ready,False,0,0,0,56,11914,0.1763,248,3059,84,1923,,1678,AVERAGE,3761,2203,10,1,1,0,https://genk.mediacdn.vn/139269124445442048/2024/9/11/the-price-of-sonys-ps5-pro-is-br-1726049420576769304814-1726050482827-1726050482914961596968.png,291538,1248,543,2.3,291538,0,0,0,0,0,0,0,False,HERO_IMAGE_WRONG_DIMENSION,CLS_LAYOUT_RISK,HERO_IMAGE_WRONG_DIMENSION|CLS_LAYOUT_RISK,
143,P3,144.5,THEME_CODE,1002431150,"Partition - Phân vùng ổ cứng là gì? Bật mí cách phân vùng ổ cứng đơn giản, dễ thao tác khi mua ổ cứng mới",https://sintech.vn/blogs/news/partition-phan-vung-o-cung-la-gi-bat-mi-cach-phan-vung-o-cung-don-g,applied,True,0,4,0,33,11707,0.8177,424,3384,75,2419,,1678,AVERAGE,4903,7835,92,0,0,0,,0,,,,0,0,0,0,0,0,0,0,False,CLS_LAYOUT_RISK,,CLS_LAYOUT_RISK,
144,P3,141.3,MANUAL_REVIEW,1002715077,Trung Quốc ra mắt GPU 6nm nhà làm Lisuan 7G106 & 7G105 nhanh hơn 4060,https://sintech.vn/blogs/news/trung-quoc-lan-dau-tien-ra-mat-gpu-6nm-danh-cho-game-va-ai-lisuan-7g106-12-gb-7g105-24-gb,reverse_copy_defense,False,0,2,0,36,12975,0.4364,341,3366,70,2690,,1678,AVERAGE,4295,0,0,0,0,0,,0,,,,0,0,0,0,0,0,0,0,False,NEED_MANUAL_REVIEW,CLS_LAYOUT_RISK,NEED_MANUAL_REVIEW|CLS_LAYOUT_RISK,
145,P3,140.8,THEME_CODE,1002398115,Những máy tính để bàn tốt nhất cho doanh nghiệp năm 2024,https://sintech.vn/blogs/news/nhung-may-tinh-de-ban-tot-nhat-cho-doanh-nghiep-nam-2024,draft_ready,False,0,5,0,48,14009,0.1347,223,8623,75,2563,,1678,AVERAGE,5247,11147,179,5,0,0,https://file.hstatic.net/200000860097/file/1fcc10741a40eba920e757ded0d470_master_78c12a12580b4de898d5f655e59ac313_grande.jpg,27446,,,,443275,5,4,0,0,0,0,0,False,IMAGES_MISSING_DIMENSIONS,IMAGES_MISSING_LAZYLOAD,IMAGES_MISSING_DIMENSIONS|IMAGES_MISSING_LAZYLOAD|CLS_LAYOUT_RISK,
146,P3,140.8,THEME_CODE,1002417029,"Địa chỉ IP là gì? Cách xem và đổi địa chỉ IP trên Windows và Macbook nhanh gọn, dễ làm",https://sintech.vn/blogs/news/dia-chi-ip-la-gi-cach-xem-va-doi-dia-chi-ip-tren-windows-va-macbook-n,applied,True,0,2,0,38,13342,1.0497,278,3366,80,2500,,1678,AVERAGE,4930,8071,111,0,0,0,,0,,,,0,0,0,0,0,0,0,0,False,CLS_LAYOUT_RISK,,CLS_LAYOUT_RISK,
147,P3,140.2,THEME_CODE,1002411576,Tần số quét màn hình là gì? Điểm danh các loại tần số màn hình phổ biến,https://sintech.vn/blogs/news/tan-so-quet-man-hinh-la-gi-diem-danh-cac-loai-tan-so-man-hinh-pho-bie,applied,True,0,4,0,40,12450,0.6387,182,3354,87,2331,,1678,AVERAGE,4748,6405,45,0,0,0,,0,,,,0,0,0,0,0,0,0,0,False,CLS_LAYOUT_RISK,,CLS_LAYOUT_RISK,
148,P3,138.9,THEME_CODE,1002408515,Chip AI Là Gì? Ứng Dụng Chip AI Trong Thế Giới Công Nghệ,https://sintech.vn/blogs/news/chip-ai-la-gi-ung-dung-chip-ai-trong-the-gioi-cong-nghe,applied,True,0,1,0,40,14046,0.6726,197,3763,82,2433,,1678,AVERAGE,4701,6276,46,0,0,0,,0,,,,0,0,0,0,0,0,0,0,False,CLS_LAYOUT_RISK,,CLS_LAYOUT_RISK,
149,P3,138.4,THEME_CODE,1002411393,"Notion AI: Trợ lý viết lách thông minh, nâng cao hiệu suất làm việc",https://sintech.vn/blogs/news/notion-ai-tro-ly-viet-lach-thong-minh-nang-cao-hieu-suat-lam-viec,draft_ready,False,0,0,0,36,13590,0.8871,294,3372,75,2552,,1678,AVERAGE,6111,15920,218,7,7,0,https://bizweb.dktcdn.net/100/329/122/files/quan-ly-nhiem-vu-thong-minh-va-nhac-nho-hieu-qua.webp?v=1723013249689,22458,,,,238838,7,6,0,0,0,0,1,False,IMAGES_MISSING_DIMENSIONS,IMAGES_MISSING_LAZYLOAD,IMAGES_MISSING_DIMENSIONS|IMAGES_MISSING_LAZYLOAD|CLS_LAYOUT_RISK,
150,P3,138.2,THEME_CODE,1002413757,Logitech G Hub là gì? Ứng dụng tận dụng tối đa thiết bị gaming,https://sintech.vn/blogs/news/logitech-g-hub-la-gi-ung-dung-tan-dung-toi-da-thiet-bi-gaming,applied,True,0,0,0,34,13043,0.657,435,3372,70,2438,,1678,AVERAGE,4488,5315,43,0,0,0,,0,,,,0,0,0,0,0,0,0,0,False,CLS_LAYOUT_RISK,,CLS_LAYOUT_RISK,
151,P3,138.1,THEME_CODE,1002541606,"Sửa Máy Tính Quận 3 Giá Rẻ, Kỹ thuật giỏi tại Sintech",https://sintech.vn/blogs/news/sua-may-tinh-quan-3-gia-re-ky-thuat-gioi-tai-sintech,draft_ready,False,0,0,0,38,14033,0.5388,345,3365,80,2597,,1678,AVERAGE,5191,12018,303,2,1,0,https://thumbs.dreamstime.com/b/cpu-overheating-smoke-computer-technology-hardware-failure-331872072.jpg,74913,,,,175792,2,1,0,0,0,0,1,False,CLS_LAYOUT_RISK,,CLS_LAYOUT_RISK,
152,P3,136.0,THEME_CODE,1002414223,"ROG và TUF, laptop nào của ASUS phù hợp với bạn?",https://sintech.vn/blogs/news/rog-va-tuf-laptop-nao-cua-asus-phu-hop-voi-ban,draft_ready,False,0,9,0,55,10053,0.1735,264,3368,83,1114,,1678,AVERAGE,4128,4665,62,4,4,0,https://cdn.tgdd.vn//GameApp/1435594//img14431280x720-800-resize-800x450.jpg,48123,800,450,1.78,1237043,0,3,2,0,0,0,1,False,IMAGES_MISSING_LAZYLOAD,CLS_LAYOUT_RISK,IMAGES_MISSING_LAZYLOAD|CLS_LAYOUT_RISK,
153,P3,135.8,THEME_CODE,1002434467,WiFi là gì? WiFi hoạt động như thế nào?,https://sintech.vn/blogs/news/wifi-la-gi-wifi-hoat-dong-nhu-the-nao,draft_ready,False,0,3,0,42,12533,0.4911,250,3373,80,972,,1678,AVERAGE,4900,7975,63,2,0,0,https://file.hstatic.net/200000860097/file/cap-quang-la-gi_563e9d407733459d8e85b4d78e47d704_grande.jpg,38698,,,,114343,2,1,0,0,0,0,0,False,CLS_LAYOUT_RISK,,CLS_LAYOUT_RISK,
154,P3,135.2,THEME_CODE,1002416761,Hyper Threading: Công nghệ giúp máy tính đa nhiệm tốt hơn,https://sintech.vn/blogs/news/hyper-threading-cong-nghe-giup-may-tinh-da-nhiem-tot-hon,applied,True,0,0,0,34,12302,0.7761,402,3384,79,2536,,1678,AVERAGE,4883,7765,67,0,0,0,,0,,,,0,0,0,0,0,0,0,0,False,CLS_LAYOUT_RISK,,CLS_LAYOUT_RISK,
155,P3,135.2,THEME_CODE,1002497600,Sửa Laptop Uy Tín Lấy Ngay Quận 7,https://sintech.vn/blogs/news/sua-laptop-uy-tin-quan-7,draft_ready,False,0,4,0,46,12802,0.5295,109,3348,79,2565,,1678,AVERAGE,5030,10838,266,0,0,0,,0,,,,0,0,0,0,0,0,0,1,False,CLS_LAYOUT_RISK,,CLS_LAYOUT_RISK,
156,P3,134.9,THEME_CODE,1002539215,"Sửa Laptop Quận 7 Uy Tín, Chất Lượng Cao, Giá Minh Bạch",https://sintech.vn/blogs/huong-dan/dich-vu-sua-laptop-chat-luong-cao-tai-quan-7,draft_ready,False,0,1,0,40,13064,0.3363,431,3380,80,2519,,1678,AVERAGE,4602,9158,260,1,0,0,https://file.hstatic.net/200000860097/file/eagspot_cd826ebbbfd641178dfa55c752a57cbb_grande.png,100879,,,,100879,1,0,0,0,0,0,1,False,CLS_LAYOUT_RISK,,CLS_LAYOUT_RISK,
157,P3,134.9,THEME_CODE,1002417568,Gợi ý top chuột gaming Rapoo giá rẻ đến từ thương hiệu Rapoo,https://sintech.vn/blogs/news/goi-y-top-chuot-gaming-rapoo-gia-re-den-tu-thuong-hieu-rapoo,draft_ready,False,0,0,0,40,13725,0.6779,245,3367,77,2745,,1678,AVERAGE,5344,13205,126,16,16,0,https://bizweb.dktcdn.net/100/329/122/files/chuot-gaming-rapoo-voi-thiet-ke-an-tuong-linh-hoat.webp?v=1724735179166,154474,,,,1190124,7,15,0,0,0,0,0,False,IMAGES_MISSING_DIMENSIONS,IMAGES_MISSING_LAZYLOAD,IMAGES_MISSING_DIMENSIONS|IMAGES_MISSING_LAZYLOAD|CLS_LAYOUT_RISK,
158,P3,133.8,THEME_CODE,1002414135,4 cách khắc phục lỗi màn hình xanh 'chết chóc' trên Windows 11,https://sintech.vn/blogs/news/4-cach-khac-phuc-loi-man-hinh-xanh-chet-choc-tren-windows-11,draft_ready,False,0,0,0,43,14199,0.3136,324,3766,92,1051,,1678,AVERAGE,4259,7146,103,11,11,0,https://cdn2.fptshop.com.vn/unsafe/Uploads/images/tin-tuc/152496/Originals/loi-man-hinh-xanh-00.jpg,179653,960,640,1.5,1315035,0,10,0,0,0,0,0,False,IMAGES_MISSING_LAZYLOAD,CLS_LAYOUT_RISK,IMAGES_MISSING_LAZYLOAD|CLS_LAYOUT_RISK,
159,P3,133.7,THEME_CODE,1002413818,Chip A18 trên iPhone 16 lộ điểm benchmark khó hiểu,https://sintech.vn/blogs/news/chip-a18-tren-iphone-16-lo-diem-benchmark-kho-hieu,draft_ready,False,0,1,0,41,13017,0.2668,183,8462,76,2439,,1678,AVERAGE,3782,2813,14,2,2,0,https://genk.mediacdn.vn/139269124445442048/2024/9/11/gsmarena010-1-17260243640461381700771-1726026726546-17260267267581113729038.jpg,95940,1200,675,1.78,154009,0,1,0,0,0,0,0,False,CLS_LAYOUT_RISK,,CLS_LAYOUT_RISK,
160,P2,133.1,IMAGE,1002411439,Tất Tần Tật Về PCIe 7.0: Bứt Phá Hiệu Năng Máy Tính Trong Năm 2025,https://sintech.vn/blogs/news/tat-tan-tat-ve-pcie-7-0-but-pha-hieu-nang-may-tinh-trong-nam-2024,draft_ready,False,0,0,0,47,4840,0.4843,319,3372,80,1163,,1678,AVERAGE,5229,9984,130,5,5,0,https://bizweb.dktcdn.net/100/329/122/files/pcie-la-chuan-ket-noi-may-tinh-dung-de-truyen-du-lieu-giua-cac-phan-cung.webp?v=1718298359956,326170,,,,1231170,5,4,2,0,0,0,1,False,HERO_IMAGE_TOO_HEAVY,IMAGES_MISSING_DIMENSIONS,HERO_IMAGE_TOO_HEAVY|IMAGES_MISSING_DIMENSIONS|IMAGES_MISSING_LAZYLOAD|CLS_LAYOUT_RISK,
161,P3,133.1,THEME_CODE,1002583884,CEO Gốc Hoa Thống Lĩnh Đỉnh Cao Công Nghệ Mỹ,https://sintech.vn/blogs/news/ceo-goc-hoa-thong-linh-dinh-cao-cong-nghe-my,draft_ready,False,0,1,0,51,15383,0.2028,246,3361,82,2850,,1678,AVERAGE,4065,4238,52,2,2,0,https://cdn.wccftech.com/wp-content/uploads/2025/03/Untitled-design-6-728x410.png,0,,,,27832,2,1,0,0,0,0,0,False,CLS_LAYOUT_RISK,,CLS_LAYOUT_RISK,
162,P3,132.9,THEME_CODE,1002417057,NPU là gì? Khác biệt gì với CPU và GPU?,https://sintech.vn/blogs/news/npu-la-gi-khac-biet-gi-voi-cpu-va-gpu,applied,True,0,6,0,46,11167,0.3528,229,3358,66,2299,,1678,AVERAGE,4419,5110,45,0,0,0,,0,,,,0,0,0,0,0,0,0,0,False,CLS_LAYOUT_RISK,,CLS_LAYOUT_RISK,
163,P3,132.5,THEME_CODE,1002397990,Tại sao máy tính văn phòng bạn chạy chậm?,https://sintech.vn/blogs/news/tai-sao-may-tinh-van-phong-ban-chay-cham,applied,True,0,0,0,37,12379,0.7473,317,3361,89,970,,1678,AVERAGE,4548,6795,117,1,0,0,https://file.hstatic.net/200000860097/file/33107207_may-tinh-chay-cham-thumbnail_fbf9482bb5e742bdb18f8741a633b761_grande.jpg,26614,,,,26614,1,0,0,0,0,0,0,False,CLS_LAYOUT_RISK,,CLS_LAYOUT_RISK,
164,P3,131.1,THEME_CODE,1002417034,Cấu trúc ARM là gì? Lợi ích của cấu trúc ARM có thể bạn chưa biết,https://sintech.vn/blogs/news/cau-truc-arm-la-gi-loi-ich-cua-cau-truc-arm-co-the-ban-chua-biet,applied,True,0,1,0,41,12373,0.5322,240,3354,86,2352,,1678,AVERAGE,4515,5516,48,0,0,0,,0,,,,0,0,0,0,0,0,0,0,False,CLS_LAYOUT_RISK,,CLS_LAYOUT_RISK,
165,P3,130.6,THEME_CODE,1002434328,"Asus ROG Azoth: Bàn Phím Gaming Cao Cấp, Làm Chủ Mọi Trận Đấu",https://sintech.vn/blogs/news/asus-rog-azoth-ban-phim-gaming-cao-cap-lam-chu-moi-tran-dau,applied,True,0,0,0,35,11389,0.6959,304,3362,68,2392,,1678,AVERAGE,4463,5531,63,0,0,0,,0,,,,0,0,0,0,0,0,0,0,False,CLS_LAYOUT_RISK,,CLS_LAYOUT_RISK,
166,P3,130.1,THEME_CODE,1002430952,Dây HDMI là gì? Những điều cần biết về dây HDMI mà bạn không thể bỏ qua,https://sintech.vn/blogs/news/day-hdmi-la-gi-nhung-dieu-can-biet-ve-day-hdmi-ma-ban-khong-the-bo-qu,applied,True,0,1,0,37,11147,0.7011,343,3389,76,1900,,1678,AVERAGE,4743,7054,91,0,0,0,,0,,,,0,0,0,0,0,0,0,0,False,CLS_LAYOUT_RISK,,CLS_LAYOUT_RISK,
167,P3,130.0,THEME_CODE,1002510692,Hướng dẫn tối ưu hóa 20 triệu lựa chọn linh kiện và lắp ráp máy tính để bàn 12/2024,https://sintech.vn/blogs/huong-dan/huong-dan-toi-uu-hoa-20-trieu-lua-chon-linh-kien-va-lap-rap-may-tinh-d,draft_ready,False,0,0,0,39,12246,0.9473,236,3391,71,2449,,1678,AVERAGE,4984,11218,265,0,0,0,,0,,,,0,0,0,0,0,0,0,1,False,CLS_LAYOUT_RISK,,CLS_LAYOUT_RISK,
168,P3,129.9,THEME_CODE,1002399793,"Cấu hình chơi Apex Legends trên PC, Laptop",https://sintech.vn/blogs/news/cau-hinh-choi-apex-legends-tren-pc-laptop,draft_ready,False,0,1,0,53,13826,0.1123,91,8460,87,1329,,1678,AVERAGE,3606,1926,42,2,2,0,https://cdn.tgdd.vn//GameApp/-1//cau-hinh-de-choi-muot-game-apex-legends-image-01-800x450-800x450.jpg,110767,800,450,1.78,762876,0,1,1,0,0,0,1,False,CLS_LAYOUT_RISK,,CLS_LAYOUT_RISK,
169,P3,129.8,THEME_CODE,1002404134,Hướng dẫn cách chọn mainboard cho PC tối ưu nhất,https://sintech.vn/blogs/news/huong-dan-cach-chon-mainboard-cho-pc-toi-uu-nhat,draft_ready,False,0,1,0,44,12817,0.3505,306,3362,71,2483,,1678,AVERAGE,4197,5532,70,5,0,0,https://file.hstatic.net/200000860097/file/cpu-socketed-into-motherboard_67f17790433243aebf650f7895ef23ea_grande.jpg,40245,,,,204381,5,4,0,0,0,0,0,False,IMAGES_MISSING_DIMENSIONS,IMAGES_MISSING_LAZYLOAD,IMAGES_MISSING_DIMENSIONS|IMAGES_MISSING_LAZYLOAD|CLS_LAYOUT_RISK,
170,P3,129.2,THEME_CODE,1002402763,Cách chọn CPU: Hướng dẫn đầy đủ cho người mới bắt đầu xây dựng PC,https://sintech.vn/blogs/news/cach-chon-cpu-huong-dan-day-du-cho-nguoi-moi-bat-dau-xay-dung-pc,draft_ready,False,0,3,0,50,12982,0.3092,181,3357,78,2442,,1678,AVERAGE,5860,12023,60,5,0,0,https://file.hstatic.net/200000860097/file/core-zen-5-desktop-cpu-main-1920x1121_c370f359e63d45e68e35491a79dce8fd_grande.jpg,31978,,,,225268,5,4,0,0,0,0,0,False,IMAGES_MISSING_DIMENSIONS,IMAGES_MISSING_LAZYLOAD,IMAGES_MISSING_DIMENSIONS|IMAGES_MISSING_LAZYLOAD|CLS_LAYOUT_RISK,
171,P3,129.1,THEME_CODE,1002411060,Top 5 laptop cho sinh viên thiết kế đồ họa 2024,https://sintech.vn/blogs/news/top-5-laptop-cho-sinh-vien-thiet-ke-do-hoa-2024,applied,True,0,0,0,38,11769,1.0443,273,3373,45,2929,,1678,AVERAGE,4938,7745,67,0,0,0,,0,,,,0,0,0,0,0,0,0,0,False,CLS_LAYOUT_RISK,,CLS_LAYOUT_RISK,
172,P3,129.0,THEME_CODE,1002434630,"ASUS ROG Raikiri Pro: Bứt phá mọi giới hạn, chinh phục mọi chiến thắng",https://sintech.vn/blogs/news/asus-rog-raikiri-pro-but-pha-moi-gioi-han-chinh-phuc-moi-chien-thang,applied,True,0,0,0,36,11254,0.6841,378,3368,84,2380,,1678,AVERAGE,4647,6264,50,0,0,0,,0,,,,0,0,0,0,0,0,0,0,False,CLS_LAYOUT_RISK,,CLS_LAYOUT_RISK,
173,P3,128.3,THEME_CODE,1002538817,"Intel Được Đồn Đoán Sẽ Ra Mắt GPU Battlemage 24GB Bộ Nhớ Vào Năm 2025, Hướng Tới Thị Trường Năng Suất",https://sintech.vn/blogs/news/intel-duoc-don-doan-se-ra-mat-gpu-battlemage-24gb-bo-nho-vao-nam-2025,draft_ready,False,0,0,0,52,15078,0.1948,259,3340,80,2736,,1678,AVERAGE,3853,2499,13,1,1,0,https://cdn.wccftech.com/wp-content/uploads/2024/08/Intel-Arc-Battlemage-Graphics-Cards-With-Xe2-GPUs.png,0,,,,0,1,0,0,0,0,0,0,False,CLS_LAYOUT_RISK,,CLS_LAYOUT_RISK,
174,P3,127.8,THEME_CODE,1002408719,Keycaps Là Gì? Bí Quyết Chọn Keycaps Phù Hợp Cho Từng Loại Bàn Phím,https://sintech.vn/blogs/news/keycaps-la-gi-bi-quyet-chon-keycaps-phu-hop-cho-tung-loai-ban-phim,applied,True,0,0,0,36,10951,0.6734,361,3367,79,2348,,1678,AVERAGE,4623,6104,56,0,0,0,,0,,,,0,0,0,0,0,0,0,0,False,CLS_LAYOUT_RISK,,CLS_LAYOUT_RISK,
175,P3,127.6,THEME_CODE,1002431172,Chia sẻ cách gập màn hình laptop mà không tắt máy win 10 và win 11 cực nhanh gọn,https://sintech.vn/blogs/news/chia-se-cach-gap-man-hinh-laptop-ma-khong-tat-may-win-10-va-win-11-cuc,draft_ready,False,0,0,0,44,12894,0.4975,197,3360,86,1282,,1678,AVERAGE,5509,14218,175,16,16,0,https://bizweb.dktcdn.net/100/329/122/files/gap-laptop-ma-khong-tat-may-giup-tiet-kiem-thoi-gia.jpg?v=1688534494991,39878,,,,722686,16,15,0,0,0,0,0,False,IMAGES_MISSING_DIMENSIONS,IMAGES_MISSING_LAZYLOAD,IMAGES_MISSING_DIMENSIONS|IMAGES_MISSING_LAZYLOAD|CLS_LAYOUT_RISK,
176,P3,127.2,THEME_CODE,1002420440,Arm màn hình là gì? Có nên đầu tư thiết bị này cho bàn làm việc hoặc góc gaming?,https://sintech.vn/blogs/news/arm-man-hinh-la-gi-co-nen-dau-tu-thiet-bi-nay-cho-ban-lam-viec-hoac-g,applied,True,0,0,0,39,11543,0.9316,249,3363,64,2379,,1678,AVERAGE,4788,6703,64,0,0,0,,0,,,,0,0,0,0,0,0,0,0,False,CLS_LAYOUT_RISK,,CLS_LAYOUT_RISK,
177,P3,127.2,THEME_CODE,1002420449,Hiện tượng nghẽn cổ chai PC là gì? Cách khắc phục ra sao?,https://sintech.vn/blogs/news/hien-tuong-nghen-co-chai-pc-la-gi-cach-khac-phuc-ra-sao,applied,True,0,2,0,43,11336,0.4772,226,3376,81,2361,,1678,AVERAGE,4565,5565,36,0,0,0,,0,,,,0,0,0,0,0,0,0,0,False,CLS_LAYOUT_RISK,,CLS_LAYOUT_RISK,
178,P3,126.6,THEME_CODE,1002398461,Cách Sintech vệ sinh PC của bạn,https://sintech.vn/blogs/news/cach-sintech-ve-sinh-pc-cua-ban,draft_ready,False,0,0,0,42,12155,0.3163,420,3380,78,2486,,1678,AVERAGE,4310,5500,109,0,0,0,,0,,,,0,0,0,0,0,0,0,0,False,CLS_LAYOUT_RISK,,CLS_LAYOUT_RISK,
179,P3,126.2,THEME_CODE,1002404049,"Cách chọn mua màn hình máy tính tốt, bền đẹp và phù hợp nhu cầu",https://sintech.vn/blogs/news/cach-chon-mua-man-hinh-may-tinh-tot-ben-dep-va-phu-hop-nhu-cau,applied,True,0,0,0,43,12289,0.932,124,3351,75,2339,,1678,AVERAGE,4911,7447,60,1,0,0,https://file.hstatic.net/200000860097/file/ultrawide-monitor-for-2023-1694190610_8ed7a3e79acb4708aec4dc15ead61334_grande.jpg,39719,,,,39719,1,0,0,0,0,0,0,False,CLS_LAYOUT_RISK,,CLS_LAYOUT_RISK,
180,P3,125.8,THEME_CODE,1002417307,"Laptop Lenovo V14 G4 IRU: Lựa Chọn Tốt Nhất Cho Học Sinh, Sinh Viên",https://sintech.vn/blogs/news/laptop-lenovo-v14-g4-iru-lua-chon-tot-nhat-cho-hoc-sinh-sinh-vien,applied,True,0,0,0,41,11693,0.6068,225,3354,82,2380,,1678,AVERAGE,4834,7239,65,0,0,0,,0,,,,0,0,0,0,0,0,0,0,False,CLS_LAYOUT_RISK,,CLS_LAYOUT_RISK,
181,P3,125.2,THEME_CODE,1002414170,Lỗi 404 Not Found là gì? 9 cách khắc phục lỗi 404 Not Found hiệu quả,https://sintech.vn/blogs/news/loi-404-not-found-la-gi-9-cach-khac-phuc-loi-404-not-found-hieu-qua,applied,True,0,0,0,40,11310,0.9365,154,3942,81,2304,,1678,AVERAGE,4722,6696,63,1,0,0,https://file.hstatic.net/200000860097/file/-cach-khac-phuc-loi-404-not-1-800x450_356c463c333b4be896a75fa7ee8a8265_grande.jpg,14728,,,,14728,1,0,0,0,0,0,0,False,CLS_LAYOUT_RISK,,CLS_LAYOUT_RISK,
182,P3,124.9,THEME_CODE,1002417042,RAM ECC là gì? Tìm hiểu và phân biệt giữa RAM thường và RAM ECC,https://sintech.vn/blogs/news/ram-ecc-la-gi-tim-hieu-va-phan-biet-giua-ram-thuong-va-ram-ecc,applied,True,0,0,0,40,11234,0.7403,234,3353,75,2359,,1678,AVERAGE,4743,6342,38,0,0,0,,0,,,,0,0,0,0,0,0,0,0,False,CLS_LAYOUT_RISK,,CLS_LAYOUT_RISK,
183,P3,124.2,THEME_CODE,1002411582,Backlit Keyboard là gì? Cách chọn bàn phím Backlit phù hợp với nhu cầu,https://sintech.vn/blogs/news/backlit-keyboard-la-gi-cach-chon-ban-phim-backlit-phu-hop-voi-nhu-cau,applied,True,0,0,0,45,12291,0.607,109,3353,84,2352,,1678,AVERAGE,4575,5754,49,0,0,0,,0,,,,0,0,0,0,0,0,0,0,False,CLS_LAYOUT_RISK,,CLS_LAYOUT_RISK,
184,P2,124.0,IMAGE,1002411203,"Sự kiện IFA 2024: Bùng nổ sáng tạo, định hình xu hướng công nghệ mới",https://sintech.vn/blogs/news/su-kien-ifa-2024-bung-no-sang-tao-dinh-hinh-xu-huong-cong-nghe-moi,draft_ready,False,0,0,0,49,4840,0.7506,193,3359,71,2788,,1678,AVERAGE,6221,15354,66,6,6,0,https://bizweb.dktcdn.net/100/329/122/files/ifa-2024-la-su-kien-cong-nghe-hang-dau-dinh-hinh-xu-huong-moi.webp?v=1725505784953,422742,,,,1630172,6,5,1,0,0,0,0,True,HERO_IMAGE_TOO_HEAVY,INLINE_IMAGES_TOO_HEAVY,HERO_IMAGE_TOO_HEAVY|INLINE_IMAGES_TOO_HEAVY|BODY_HTML_LEGACY|IMAGES_MISSING_DIMENSIONS|IMAGES_MISSING_LAZYLOAD|CLS_LAYOUT_RISK,
185,P3,124.0,THEME_CODE,1002420295,"OpenAI o1: Đột phá trong xử lý ngôn ngữ tự nhiên, vượt xa mong đợi",https://sintech.vn/blogs/news/openai-o1-dot-pha-trong-xu-ly-ngon-ngu-tu-nhien-vuot-xa-mong-doi,draft_ready,False,0,0,0,18,5489,0.4643,2548,3381,83,2554,,1678,AVERAGE,5271,12346,261,4,4,0,https://bizweb.dktcdn.net/100/329/122/files/openai-o1-nang-cao-hieu-suat-va-suc-canh-tranh-cho-doanh-nghiep-26d28e31-14aa-4e58-b724-f4ecc749016c.webp?v=1726626052119,258996,,,,513722,4,3,0,0,0,0,5,False,IMAGES_MISSING_DIMENSIONS,IMAGES_MISSING_LAZYLOAD,IMAGES_MISSING_DIMENSIONS|IMAGES_MISSING_LAZYLOAD|CLS_LAYOUT_RISK,
186,P3,123.8,THEME_CODE,1002574943,"AMD xác nhận ngày ra mắt Ryzen 9 9900X3D & 9950X3D, Trung Quốc rò rỉ giá bán dự kiến",https://sintech.vn/blogs/news/amd-xac-nhan-ngay-ra-mat-ryzen-9-9900x3d-9950x3d-trung-quoc-ro-ri-g,draft_ready,False,0,0,0,50,13438,0.2118,327,3372,71,2488,,1678,AVERAGE,3932,3990,68,4,2,0,https://cdn.wccftech.com/wp-content/uploads/2025/03/Ryzen-9-9950X3D-China.jpg,81676,,,,245141,4,3,0,0,0,0,0,False,IMAGES_MISSING_DIMENSIONS,IMAGES_MISSING_LAZYLOAD,IMAGES_MISSING_DIMENSIONS|IMAGES_MISSING_LAZYLOAD|CLS_LAYOUT_RISK,
187,P3,123.7,THEME_CODE,1002434399,Ổ cứng di động là gì và lý do bạn nên sở hữu một ổ cứng di động,https://sintech.vn/blogs/news/o-cung-di-dong-la-gi-va-ly-do-ban-nen-so-huu-mot-o-cung-di-dong,applied,True,0,0,0,41,11167,0.6964,201,3357,77,2411,,1678,AVERAGE,4635,6146,75,0,0,0,,0,,,,0,0,0,0,0,0,0,0,False,CLS_LAYOUT_RISK,,CLS_LAYOUT_RISK,
188,P3,123.6,THEME_CODE,1002408563,RAM DDR5 là gì? Tất cả những thông tin cơ bản bạn cần biết,https://sintech.vn/blogs/news/ram-ddr5-la-gi-tat-ca-nhung-thong-tin-co-ban-ban-can-biet,applied,True,0,0,0,46,12388,0.2786,301,3359,74,2322,,1678,AVERAGE,4186,3766,28,0,0,0,,0,,,,0,0,0,0,0,0,0,0,False,CLS_LAYOUT_RISK,,CLS_LAYOUT_RISK,
189,P2,123.3,IMAGE,1002430565,Ép xung RAM là gì? Hướng dẫn cách ép xung RAM an toàn cho laptop,https://sintech.vn/blogs/news/ep-xung-ram-la-gi-huong-dan-cach-ep-xung-ram-an-toan-cho-laptop,draft_ready,False,0,0,0,46,5217,0.6955,253,3364,79,2767,,1678,AVERAGE,6323,17022,154,9,9,0,https://bizweb.dktcdn.net/100/329/122/files/ep-xung-ram-tang-hieu-suat-nhung-can-kiem-soat-nhiet-va-do-on-dinh.webp?v=1727237226041,280014,,,,1514934,9,8,0,0,0,0,0,True,INLINE_IMAGES_TOO_HEAVY,BODY_HTML_LEGACY,INLINE_IMAGES_TOO_HEAVY|BODY_HTML_LEGACY|IMAGES_MISSING_DIMENSIONS|IMAGES_MISSING_LAZYLOAD|CLS_LAYOUT_RISK,
190,P3,122.8,THEME_CODE,1002417232,NVlink là gì? Công nghệ mang hiệu suất gấp 5 lần so với PCIe Gen 5,https://sintech.vn/blogs/news/nvlink-la-gi-cong-nghe-mang-hieu-suat-gap-5-lan-so-voi-pcie-gen-5,applied,True,0,2,0,37,8777,0.6079,357,3371,79,1790,,1678,AVERAGE,4820,6959,52,0,0,0,,0,,,,0,0,0,0,0,0,0,0,False,CLS_LAYOUT_RISK,,CLS_LAYOUT_RISK,
191,P3,122.4,THEME_CODE,1002411087,Rò rỉ về Nvidia RTX 5080 khiến một số game thủ PC lo lắng rằng Nvidia chưa rút ra bài học từ vụ lùm xùm với RTX 4080.,https://sintech.vn/blogs/news/ro-ri-ve-nvidia-rtx-5080-khien-mot-so-game-thu-pc-lo-lang-rang-nvidia,draft_ready,False,0,2,0,56,13434,0.1828,211,3358,71,2503,,1678,AVERAGE,4243,4096,22,2,1,0,https://cdn.mos.cms.futurecdn.net/pW4xS6zSj2FrVHv46HCG-320-80.jpg,14104,,,,141333,2,1,0,0,0,0,0,False,CLS_LAYOUT_RISK,,CLS_LAYOUT_RISK,
192,P2,122.4,IMAGE,1002574920,Laptop NVIDIA RTX 50 bị trì hoãn! Dời lịch ra mắt dự kiến vào tháng 4-5,https://sintech.vn/blogs/news/cap-nhat-khong-thieu-rop-laptop-nvidia-rtx-50-bi-tri-hoan-ra-mat-d,draft_ready,False,0,0,0,49,4540,0.5442,278,3361,80,2899,,1678,AVERAGE,3972,3588,46,2,2,0,https://wccftech.com/wp-content/uploads/2025/03/geforce-rtx-50-series-laptops-learn-og-1200x630@2x.jpg,581095,,,,581095,2,1,1,0,0,0,0,False,HERO_IMAGE_TOO_HEAVY,CLS_LAYOUT_RISK,HERO_IMAGE_TOO_HEAVY|CLS_LAYOUT_RISK,
193,P2,122.0,CONTENT,1002408489,AMD ra mắt vi xử lý Ryzen 9000 Series kiến trúc Zen 5,https://sintech.vn/blogs/news/amd-ra-mat-vi-xu-ly-ryzen-9000-series-kien-truc-zen-5,draft_ready,False,0,0,0,47,5217,0.5457,239,3361,80,2721,,1678,AVERAGE,5404,11821,95,8,8,0,https://bizweb.dktcdn.net/100/329/122/files/amd-ryzen-9000-series.webp?v=1723172866357,225866,,,,759756,8,7,0,0,0,0,0,True,BODY_HTML_LEGACY,IMAGES_MISSING_DIMENSIONS,BODY_HTML_LEGACY|IMAGES_MISSING_DIMENSIONS|IMAGES_MISSING_LAZYLOAD|CLS_LAYOUT_RISK,
194,P2,121.6,IMAGE,1002411158,RDNA 4: AMD chính thức trình làng kiến trúc đồ họa thế hệ tiếp theo,https://sintech.vn/blogs/news/rdna-4-amd-chinh-thuc-trinh-lang-kien-truc-do-hoa-the-he-tiep-theo,draft_ready,False,0,0,0,51,4885,0.4494,220,3362,67,2796,,1678,AVERAGE,5478,10860,65,4,4,0,https://bizweb.dktcdn.net/100/329/122/files/rdna-4-the-he-kien-truc-card-do-hoa-moi-nhat-cua-amd.webp?v=1724311679072,302608,,,,1045828,4,3,1,0,0,0,0,False,HERO_IMAGE_TOO_HEAVY,IMAGES_MISSING_DIMENSIONS,HERO_IMAGE_TOO_HEAVY|IMAGES_MISSING_DIMENSIONS|IMAGES_MISSING_LAZYLOAD|CLS_LAYOUT_RISK,
195,P3,121.6,THEME_CODE,1002431222,Hộp đen AI là gì? Tìm hiểu cách thức hoạt động và tương lai của hộp đen AI,https://sintech.vn/blogs/news/hop-den-ai-la-gi-tim-hieu-cach-thuc-hoat-dong-va-tuong-lai-cua-hop-de,applied,True,0,2,0,53,12489,0.1085,106,8619,75,2348,,1678,AVERAGE,4744,6357,47,0,0,0,,0,,,,0,0,0,0,0,0,0,0,False,CLS_LAYOUT_RISK,,CLS_LAYOUT_RISK,
196,P3,121.0,THEME_CODE,1002411429,Tìm hiểu về MicroLED: Màn hình hiển thị đỉnh cao cho mọi trải nghiệm,https://sintech.vn/blogs/news/tim-hieu-ve-microled-man-hinh-hien-thi-dinh-cao-cho-moi-trai-nghiem,applied,True,0,0,0,56,14258,0.2129,136,3348,78,2663,,1678,AVERAGE,4441,5201,46,0,0,0,,0,,,,0,0,0,0,0,0,0,0,False,CLS_LAYOUT_RISK,,CLS_LAYOUT_RISK,
197,P3,120.8,THEME_CODE,1002414143,4 cách khắc phục lỗi màn hình đen trong Windows 11,https://sintech.vn/blogs/news/4-cach-khac-phuc-loi-man-hinh-den-trong-windows-11,draft_ready,False,0,0,0,49,12456,0.1358,175,8481,89,1013,,1678,AVERAGE,4101,4757,44,5,5,0,https://cdn2.fptshop.com.vn/unsafe/Uploads/images/tin-tuc/152427/Originals/man-hinh-den-windows-11-00.jpg,128536,960,640,1.5,711260,0,4,0,0,0,0,0,False,IMAGES_MISSING_LAZYLOAD,CLS_LAYOUT_RISK,IMAGES_MISSING_LAZYLOAD|CLS_LAYOUT_RISK,
198,P3,120.5,THEME_CODE,1002413894,"Facebook, Instagram thu thập dữ liệu tất cả người dùng Australia gồm cả tin nhắn",https://sintech.vn/blogs/news/facebook-instagram-thu-thap-du-lieu-tat-ca-nguoi-dung-australia-gom-c,draft_ready,False,0,0,0,52,13128,0.196,283,3365,86,1895,,1678,AVERAGE,3753,2573,12,1,1,0,https://genk.mediacdn.vn/139269124445442048/2024/9/11/bieu20tuong20facebook2c20meta2c20instagram20-axios-1726037927705-17260379284501819891074-1726041319450-1726041319790736106070.jpg,200575,1507,1115,1.35,200575,0,0,0,0,0,0,0,False,CLS_LAYOUT_RISK,,CLS_LAYOUT_RISK,
199,P3,119.4,THEME_CODE,1002413786,"Tuyên bố sẽ hạ bệ NVIDIA tại Trung Quốc, nhưng hiệu năng chip AI của Huawei lại ""hụt hơi"" khi sử dụng thực tế",https://sintech.vn/blogs/news/tuyen-bo-se-ha-be-nvidia-tai-trung-quoc-nhung-hieu-nang-chip-ai-cua-h,draft_ready,False,0,0,0,55,13594,0.1387,319,3365,75,2639,,1678,AVERAGE,4235,5146,20,2,2,0,https://genk.mediacdn.vn/139269124445442048/2024/9/11/nvidia-vs-huawei-chip-sector-dominance-battle-17260346856211957665224-1726037655545-1726037656166491099532.jpg,233745,1920,1080,1.78,435066,0,1,0,0,0,0,0,False,CLS_LAYOUT_RISK,,CLS_LAYOUT_RISK,
200,P3,119.2,THEME_CODE,1002583974,"AMD Ưu Ái ASUS, XFX & PowerColor Trong Phân Phối RX 9070 Series?",https://sintech.vn/blogs/news/amd-uu-ai-asus-xfx-powercolor-trong-phan-phoi-rx-9070-series,draft_ready,False,0,0,0,52,12794,0.1159,103,8624,77,2422,,1678,AVERAGE,3850,2613,21,2,1,0,https://cdn.wccftech.com/wp-content/uploads/2025/03/LFk6M7RoFrwhdCW26wESC-1200-80-1-728x410.jpg,42210,,,,88842,2,1,0,0,0,0,0,False,CLS_LAYOUT_RISK,,CLS_LAYOUT_RISK,
201,P3,118.7,THEME_CODE,1002411562,PC Mini ITX Là Gì? Lợi Ích Khi Chọn PC Mini Thay PC Thường,https://sintech.vn/blogs/news/pc-mini-itx-la-gi-loi-ich-khi-chon-pc-mini-thay-pc-thuong,applied,True,0,0,0,37,8928,0.5831,390,3376,78,1765,,1678,AVERAGE,4734,6381,44,0,0,0,,0,,,,0,0,0,0,0,0,0,0,False,CLS_LAYOUT_RISK,,CLS_LAYOUT_RISK,
202,P2,117.8,CONTENT,1002411213,Gemini Live: Khám phá thế giới thông qua cuộc trò chuyện thông minh,https://sintech.vn/blogs/news/gemini-live-kham-pha-the-gioi-thong-qua-cuoc-tro-chuyen-thong-minh,draft_ready,False,0,0,0,50,5145,0.3828,282,3345,77,2623,,1678,AVERAGE,4705,8933,111,6,6,0,https://bizweb.dktcdn.net/100/329/122/files/gemini-live-cong-cu-giao-tiep-bang-giong-noi.webp?v=1724990502663,243280,,,,804332,6,5,0,0,0,0,0,True,BODY_HTML_LEGACY,IMAGES_MISSING_DIMENSIONS,BODY_HTML_LEGACY|IMAGES_MISSING_DIMENSIONS|IMAGES_MISSING_LAZYLOAD|CLS_LAYOUT_RISK,
203,P3,117.3,THEME_CODE,1002411505,Prompt là gì? Khám phá sức mạnh của từ khóa điều khiển AI,https://sintech.vn/blogs/news/prompt-la-gi-kham-pha-suc-manh-cua-tu-khoa-dieu-khien-ai,applied,True,0,0,0,39,9065,0.8474,250,3362,80,2402,,1678,AVERAGE,4724,6988,92,0,0,0,,0,,,,0,0,0,0,0,0,0,0,False,CLS_LAYOUT_RISK,,CLS_LAYOUT_RISK,
204,P3,117.1,THEME_CODE,1002431349,Gasket là gì? Tìm hiểu giải pháp cho bàn phím êm ái và thoải mái,https://sintech.vn/blogs/news/gasket-la-gi-tim-hieu-giai-phap-cho-ban-phim-em-ai-va-thoai-mai,applied,True,0,0,0,38,8766,0.8302,236,3761,74,2386,,1678,AVERAGE,4515,5503,49,0,0,0,,0,,,,0,0,0,0,0,0,0,0,False,CLS_LAYOUT_RISK,,CLS_LAYOUT_RISK,
205,P3,117.1,THEME_CODE,1002434664,5 Phần Mềm Test Bàn Phím Laptop Miễn Phí Bạn Nên Thử,https://sintech.vn/blogs/news/5-phan-mem-test-ban-phim-laptop-mien-phi-ban-nen-thu,draft_ready,False,0,4,0,32,5118,0.6228,747,3400,84,2668,,1678,AVERAGE,4779,8584,75,6,6,0,https://bizweb.dktcdn.net/100/329/122/files/nhung-dau-hieu-cho-thay-ban-can-test-ban-phim-laptop-ngay.webp?v=1719994521483,222468,,,,691566,6,5,0,0,0,0,0,False,IMAGES_MISSING_DIMENSIONS,IMAGES_MISSING_LAZYLOAD,IMAGES_MISSING_DIMENSIONS|IMAGES_MISSING_LAZYLOAD|CLS_LAYOUT_RISK,
206,P3,116.6,THEME_CODE,1002398280,Nvidia sắp ngừng sản xuất card đồ họa GeForce RTX 3060,https://sintech.vn/blogs/news/nvidia-sap-ngung-san-xuat-card-do-hoa-geforce-rtx-3060,draft_ready,False,0,0,0,52,12145,0.1773,325,3397,80,2524,,1678,AVERAGE,3715,2079,16,2,0,0,https://file.hstatic.net/200000860097/file/screenshot_2024-08-21_141520_cad1720d090b40fc9204345ba6b2a3e9_grande.png,205855,,,,298673,2,1,0,0,0,0,0,False,CLS_LAYOUT_RISK,,CLS_LAYOUT_RISK,
207,P3,116.4,THEME_CODE,1002398613,"Trung tâm vệ sinh laptop uy tín, lấy ngay ở Quận 7",https://sintech.vn/blogs/news/trung-tam-ve-sinh-laptop-uy-tin-lay-ngay-o-quan-7,draft_ready,False,0,0,0,57,13352,0.1261,260,3384,80,2603,,1678,AVERAGE,3831,2905,52,2,0,0,https://file.hstatic.net/200000860097/file/thiet_ke_chua_co_ten_db9dc580b75a4a0180b6fee623b9ebc2_grande.png,244335,,,,460776,2,1,0,0,0,0,0,False,CLS_LAYOUT_RISK,,CLS_LAYOUT_RISK,
208,P3,114.8,THEME_CODE,1002431322,Công nghệ màn hình Anti-Glare là gì? So sánh màn hình Anti-Glare và màn hình thường,https://sintech.vn/blogs/news/cong-nghe-man-hinh-anti-glare-la-gi-so-sanh-man-hinh-anti-glare-va-ma,applied,True,0,0,0,40,8699,0.9618,204,3356,83,2350,,1678,AVERAGE,4664,6048,45,0,0,0,,0,,,,0,0,0,0,0,0,0,0,False,CLS_LAYOUT_RISK,,CLS_LAYOUT_RISK,
209,P3,114.7,THEME_CODE,1002398390,Cách Sintech vệ sinh laptop của bạn,https://sintech.vn/blogs/news/cach-sintech-ve-sinh-laptop-cua-ban,draft_ready,False,0,0,0,62,14163,0.1261,92,3347,78,2594,,1678,AVERAGE,3815,2905,52,2,0,0,https://file.hstatic.net/200000860097/file/thiet_ke_chua_co_ten_db9dc580b75a4a0180b6fee623b9ebc2_grande.png,244335,,,,460776,2,1,0,0,0,0,0,False,CLS_LAYOUT_RISK,,CLS_LAYOUT_RISK,
210,P2,114.1,IMAGE,1002538874,"Intel Arc B570: Em út nhà Battlemage, hiệu năng thế nào so với B580?",https://sintech.vn/blogs/news/intel-arc-b570-em-ut-nha-battlemage-hieu-nang-the-nao-so-voi-b580,draft_ready,False,0,3,0,54,11695,0.0877,125,8470,81,2713,,1678,AVERAGE,3793,3232,32,4,3,1,https://cdn.wccftech.com/wp-content/uploads/2025/01/Geekbench-OpenCL-Arc-B570.png,0,,,,14715,4,3,0,0,0,0,0,False,IMAGES_BROKEN,IMAGES_MISSING_DIMENSIONS,IMAGES_BROKEN|IMAGES_MISSING_DIMENSIONS|IMAGES_MISSING_LAZYLOAD,
211,P3,108.6,THEME_CODE,1002538937,Dịch Vụ Sửa Máy Tính Quận 7: Cam Kết Uy Tín và Minh Bạch,https://sintech.vn/blogs/huong-dan/dich-vu-sua-may-tinh-quan-7-cam-ket-uy-tin-va-minh-bach,draft_ready,False,0,17,0,57,4512,0.3094,220,3364,81,2617,,1678,AVERAGE,4243,5511,68,5,0,0,https://file.hstatic.net/200000860097/file/1715_6579772cdb6efb5f4441ce1e6b1a46c9_a3a3e344d18849cd8582edb3515a82bd_grande.jpg,26928,,,,225290,5,4,0,0,0,0,0,False,IMAGES_MISSING_DIMENSIONS,IMAGES_MISSING_LAZYLOAD,IMAGES_MISSING_DIMENSIONS|IMAGES_MISSING_LAZYLOAD|CLS_LAYOUT_RISK,
212,P2,106.3,CONTENT,1002413994,Smartphone cao cấp tích hợp AI của Nhà Táo. Giờ mới có khi mà đối thủ của họ ra mắt từ lâu,https://sintech.vn/blogs/news/smartphone-cao-cap-tich-hop-ai-cua-nha-ta-o-gio-mo-i-co-khi-ma-doi,draft_ready,False,0,0,0,59,5194,0.2214,209,3365,82,1054,,1678,AVERAGE,4692,7893,38,3,3,0,https://genk.mediacdn.vn/139269124445442048/2024/9/9/photo-1-1725884688689677079183-1725890407910-17258904079921704757883.png,245654,624,299,2.09,630040,0,2,0,0,1,0,0,False,EMBED_HEAVY,CLS_LAYOUT_RISK,EMBED_HEAVY|CLS_LAYOUT_RISK,
213,P3,105.1,THEME_CODE,1002413774,"Ra mắt iPhone 16 là sự kiện ""chán nhất từ trước đến nay"" của Apple: Phép màu Steve Jobs đâu rồi?",https://sintech.vn/blogs/news/ra-mat-iphone-16-la-su-kien-chan-nhat-tu-truoc-den-nay-cua-apple-ph,draft_ready,False,0,0,0,51,9017,0.1826,340,3336,79,2453,,1678,AVERAGE,4481,7148,29,3,3,0,https://genk.mediacdn.vn/139269124445442048/2024/9/12/craign-fed-17260498368691088343026-1726056478049-17260564782311615772820-1726100868912-1726100869040149454258.jpeg,45458,1507,1115,1.35,94646,0,2,0,0,0,0,0,False,CLS_LAYOUT_RISK,,CLS_LAYOUT_RISK,
214,P3,100.5,THEME_CODE,1002423252,Tản nhiệt AIO hoạt động như thế nào?,https://sintech.vn/blogs/news/tan-nhiet-aio-hoat-dong-nhu-the-nao,draft_ready,False,0,0,0,53,8376,0.2909,97,3349,75,2440,,1678,AVERAGE,4355,4600,31,0,0,0,,0,,,,0,0,0,0,0,0,0,0,False,CLS_LAYOUT_RISK,,CLS_LAYOUT_RISK,
215,P3,99.8,THEME_CODE,1002434529,Google Takeout là gì? Hướng dẫn chi tiết cách sao lưu dữ liệu Google,https://sintech.vn/blogs/news/google-takeout-la-gi-huong-dan-chi-tiet-cach-sao-luu-du-lieu-google,draft_ready,False,0,5,0,50,5189,0.4145,216,3365,80,2540,,1678,AVERAGE,5613,12998,124,8,8,0,https://bizweb.dktcdn.net/100/329/122/files/kham-pha-cong-cu-sao-luu-du-lieu-hieu-qua-tu-google.webp?v=1722400954183,38504,,,,412646,8,7,0,0,0,0,0,False,IMAGES_MISSING_DIMENSIONS,IMAGES_MISSING_LAZYLOAD,IMAGES_MISSING_DIMENSIONS|IMAGES_MISSING_LAZYLOAD|CLS_LAYOUT_RISK,
216,P2,99.4,IMAGE,1002413861,"Ra mắt iPhone mới, Apple vẫn phải đối mặt với nỗi sợ 'bán ế' tại Trung Quốc?",https://sintech.vn/blogs/news/ra-mat-iphone-moi-apple-van-phai-doi-mat-voi-noi-so-ban-e-tai-trung,draft_ready,False,0,0,0,66,4361,0.179,226,3354,89,1631,,1678,AVERAGE,3892,2925,9,1,1,0,https://genk.mediacdn.vn/139269124445442048/2024/9/11/appleshowcase35927-17260490164201254535293-1726050216577-17260502166631238762096.png,528747,1024,682,1.5,528747,0,0,1,0,0,0,0,False,HERO_IMAGE_TOO_HEAVY,CLS_LAYOUT_RISK,HERO_IMAGE_TOO_HEAVY|CLS_LAYOUT_RISK,
217,P3,98.4,THEME_CODE,1002417574,Bạn đang cầm chuột đúng cách chưa? Khám phá các kiểu cầm chuột phổ biến,https://sintech.vn/blogs/news/ban-dang-cam-chuot-dung-cach-chua-kham-pha-cac-kieu-cam-chuot-pho-bie,draft_ready,False,0,0,0,42,5110,0.5255,355,3372,82,2635,,1678,AVERAGE,6237,15580,147,7,7,0,https://bizweb.dktcdn.net/100/329/122/files/kham-pha-cac-kieu-cam-chuot-pho-bien-nhat-va-loi-ich-cua-tung-kieu.webp?v=1722844376184,157206,,,,710438,7,6,0,0,0,0,0,False,IMAGES_MISSING_DIMENSIONS,IMAGES_MISSING_LAZYLOAD,IMAGES_MISSING_DIMENSIONS|IMAGES_MISSING_LAZYLOAD|CLS_LAYOUT_RISK,
218,P3,96.8,THEME_CODE,1002411373,Card đồ họa laptop là gì? Cách chọn card đồ họa rời laptop phù hợp nhu cầu,https://sintech.vn/blogs/news/card-do-hoa-laptop-la-gi-cach-chon-card-do-hoa-roi-laptop-phu-hop-nhu,draft_ready,False,0,0,0,42,4709,0.7273,399,3359,80,2916,,1678,AVERAGE,4747,8329,74,7,7,0,https://bizweb.dktcdn.net/100/329/122/files/tim-hieu-ve-card-do-hoa-roi.jpg?v=1667466056633,24704,,,,441254,7,6,0,0,0,0,0,False,IMAGES_MISSING_DIMENSIONS,IMAGES_MISSING_LAZYLOAD,IMAGES_MISSING_DIMENSIONS|IMAGES_MISSING_LAZYLOAD|CLS_LAYOUT_RISK,
219,P3,96.5,THEME_CODE,1002402594,"Cách lấy lại file Word gốc, chưa lưu trên Macbook và Windows mới nhất",https://sintech.vn/blogs/news/cach-lay-lai-file-word-goc-chua-luu-tren-macbook-va-windows-moi-nhat,draft_ready,False,0,2,0,48,5186,0.3966,255,3761,80,2520,,1678,AVERAGE,4044,6847,127,9,0,0,https://file.hstatic.net/200000722513/file/ai-file-word-chua-luu-tren-may-tinh-3_a686aa8a9597436db01573e7bc760d0b_1024x1024.jpg,22793,,,,378898,9,8,0,0,0,0,0,False,IMAGES_MISSING_DIMENSIONS,IMAGES_MISSING_LAZYLOAD,IMAGES_MISSING_DIMENSIONS|IMAGES_MISSING_LAZYLOAD|CLS_LAYOUT_RISK,
220,P3,95.9,THEME_CODE,1002411604,Bing Image Creator: Bí Kíp Tạo Hình Ảnh Thu Hút Traffic Cho Website,https://sintech.vn/blogs/news/bing-image-creator-bi-kip-tao-hinh-anh-thu-hut-traffic-cho-website,draft_ready,False,0,0,0,45,5214,0.7158,272,3357,76,2823,,1678,AVERAGE,5180,11315,127,8,8,0,https://bizweb.dktcdn.net/100/329/122/files/bing-image-creator-la-cong-cu-tao-hinh-anh-mien-phi.webp?v=1715751194207,287612,,,,960240,8,7,0,0,0,0,0,False,IMAGES_MISSING_DIMENSIONS,IMAGES_MISSING_LAZYLOAD,IMAGES_MISSING_DIMENSIONS|IMAGES_MISSING_LAZYLOAD|CLS_LAYOUT_RISK,
221,P3,92.8,THEME_CODE,1002413914,"""Nóng"" cuộc đua phủ trạm sạc xe điện: Công ty của ông Phạm Nhật Vượng muốn biến siêu thị, quán cafe thành điểm sạc, gã khổng lồ tỷ USD ngành điện rục rịch tham gia",https://sintech.vn/blogs/news/nong-cuoc-dua-phu-tram-sac-xe-dien-cong-ty-cua-ong-pham-nhat-vuong,draft_ready,False,0,2,0,55,4812,0.3352,231,3366,92,1053,,1678,AVERAGE,4768,7251,40,2,2,0,https://genk.mediacdn.vn/thumb_w/800/139269124445442048/2024/9/10/avatar1725978520780-17259785211851517224452.jpg,51911,,,,582683,1,1,1,0,0,0,0,False,CLS_LAYOUT_RISK,,CLS_LAYOUT_RISK,
222,P3,91.9,THEME_CODE,1002416821,Đánh giá Rapoo VT3 Pro: Có đáng mua với mức giá dưới 1 triệu?,https://sintech.vn/blogs/news/danh-gia-rapoo-vt3-pro-co-dang-mua-voi-muc-gia-duoi-1-trieu,draft_ready,False,0,0,0,51,4463,0.4486,257,3359,81,2542,,1678,AVERAGE,5203,10471,130,3,3,0,https://bizweb.dktcdn.net/100/329/122/files/hieu-nang-manh-hoan-hao-cho-moi-tran-game-7594610a-4057-4ee2-ade0-eee1e202a8ba.webp?v=1726044769917,68172,,,,435272,3,2,1,0,0,0,1,False,IMAGES_MISSING_DIMENSIONS,CLS_LAYOUT_RISK,IMAGES_MISSING_DIMENSIONS|CLS_LAYOUT_RISK,
223,P3,88.7,THEME_CODE,1002423299,Microsoft Office 2024 tắt điều khiển mặc định ActiveX,https://sintech.vn/blogs/news/microsoft-office-2024-tat-dieu-khien-mac-dinh-activex,draft_ready,False,0,6,0,62,5292,0.1667,233,3333,94,1113,,1678,AVERAGE,4007,3721,32,1,0,0,https://file.hstatic.net/200000722513/file/microsoft_office_2024_3dbd79ed3fce4ec9aa919a7794455e77.jpg,152110,,,,152110,1,0,0,0,0,0,0,False,CLS_LAYOUT_RISK,,CLS_LAYOUT_RISK,
224,P3,87.1,THEME_CODE,1002411103,Snapdragon X Elite: Thử Nghiệm Hiệu Năng Đơn Nhân Và Đa Nhân,https://sintech.vn/blogs/news/snapdragon-x-elite-thu-nghiem-hieu-nang-don-nhan-va-da-nhan,applied,True,0,0,0,50,4268,0.6775,253,3368,95,959,,1678,AVERAGE,4763,7183,71,0,0,0,,0,,,,0,0,0,0,0,0,0,0,False,CLS_LAYOUT_RISK,,CLS_LAYOUT_RISK,
225,P3,87.0,THEME_CODE,1002497723,"Intel Xác Nhận Ngày Ra Mắt Chính Thức GPU Arc ""Battlemage"" Thế Hệ Mới",https://sintech.vn/blogs/news/intel-xac-nhan-ngay-ra-mat-chinh-thuc-gpu-arc-battlemage-the-he-moi,draft_ready,False,0,1,0,56,5332,0.1668,403,3376,87,1039,,1678,AVERAGE,3902,2861,25,1,0,0,https://file.hstatic.net/200000860097/file/image_2024-12-02_113821743_e5fcf56437d64e7f8d3713af0038e3af_grande.png,263299,,,,263299,1,0,0,0,0,0,0,False,CLS_LAYOUT_RISK,,CLS_LAYOUT_RISK,
226,P3,85.5,THEME_CODE,1002434311,AMD Ryzen AI 9 HX 370: Quái vật hiệu năng mới cho laptop gaming,https://sintech.vn/blogs/news/amd-ryzen-ai-9-hx-370-quai-vat-hieu-nang-moi-cho-laptop-gaming,draft_ready,False,0,0,0,54,4886,0.2838,269,3365,79,2533,,1678,AVERAGE,4916,8605,56,7,7,0,https://bizweb.dktcdn.net/100/329/122/files/ryzen-ai-9-hx-370-dat-diem-so-an-tuong-trong-cinebench-2024.webp?v=1727839219853,20458,,,,157046,7,6,0,0,0,0,0,False,IMAGES_MISSING_DIMENSIONS,IMAGES_MISSING_LAZYLOAD,IMAGES_MISSING_DIMENSIONS|IMAGES_MISSING_LAZYLOAD|CLS_LAYOUT_RISK,
227,P3,84.3,THEME_CODE,1002497780,Maxsun Hé Lộ Thông Tin Về Card Đồ Họa Intel Battlemage Sắp Ra Mắt,https://sintech.vn/blogs/news/maxsun-he-lo-thong-tin-ve-card-do-hoa-intel-battlemage-sap-ra-mat,draft_ready,False,0,0,0,59,4584,0.1797,379,3367,71,2673,,1678,AVERAGE,3929,3185,20,4,0,0,https://file.hstatic.net/200000860097/file/image_2024-12-02_132622778_eb2f2b5daf0344e2a1fb02c56d9750fb_grande.png,261292,,,,885264,4,3,1,0,0,0,0,False,IMAGES_MISSING_DIMENSIONS,IMAGES_MISSING_LAZYLOAD,IMAGES_MISSING_DIMENSIONS|IMAGES_MISSING_LAZYLOAD|CLS_LAYOUT_RISK,
228,P3,81.5,THEME_CODE,1002423203,"Lộ thông tin về Arrow Lake-HX Series cho laptop: 24 nhân, xung 5.5 GHz",https://sintech.vn/blogs/news/lo-thong-tin-ve-arrow-lake-hx-series-cho-laptop-24-nhan-xung-5-5-ghz,draft_ready,False,0,0,0,56,4363,0.2456,272,3363,77,1041,,1678,AVERAGE,3895,2527,13,2,2,0,https://photo2.tinhte.vn/data/attachment-files/2024/09/8458874_cover-intel-arrow-lake-hx-cpu-tinhte.jpg,248141,,,,327821,2,1,0,0,0,0,0,False,CLS_LAYOUT_RISK,,CLS_LAYOUT_RISK,
229,P3,75.5,MANUAL_REVIEW,1002695141,Card đồ hoạ RTX 5070 gây bão trên Amazon: NVIDIA giữ hơn 70% tổng thị phần GPU,https://sintech.vn/blogs/news/card-do-hoa-rtx-5070-gay-bao-tren-amazon-nvidia-giu-hon-70-tong-thi,reverse_copy_defense,False,0,0,0,63,4616,0.1769,256,3381,73,2737,,1678,AVERAGE,4437,0,0,0,0,0,,0,,,,0,0,0,0,0,0,0,0,False,NEED_MANUAL_REVIEW,CLS_LAYOUT_RISK,NEED_MANUAL_REVIEW|CLS_LAYOUT_RISK,
230,P3,66.5,THEME_CODE,1002423204,"AMD Ryzen 200 và Intel Core 200 dự kiến ra mắt từ cuối năm nay, dành cho laptop hiệu năng cao",https://sintech.vn/blogs/news/amd-ryzen-200-va-intel-core-200-du-kien-ra-mat-tu-cuoi-nam-nay-danh-c,draft_ready,False,0,0,0,69,3865,0.1806,237,3361,82,986,,1678,AVERAGE,3606,1346,9,2,2,0,https://photo2.tinhte.vn/data/attachment-files/2024/09/8456555_cover-Intel-Core200-AMD-Ryzen200.jpg,255642,,,,330080,2,1,0,0,0,0,0,False,CLS_LAYOUT_RISK,,CLS_LAYOUT_RISK,
