url,title,full_len_with_suffix,reasons
https://sintech.vn/products/laptop-dell-pro-14-essential-core-7-16-512gb-win-11,Laptop Dell Pro 14 Essential (Core 7 150U | 16GB | 512GB) – Sintech,77,over70_with_suffix|duplicate_title
https://sintech.vn/products/laptop-dell-15-dc15250-i5-16-512gb,Laptop Dell 15 DC15250 (i5 | 16GB | 512GB) giá tốt chính hãng – Sintech,81,over70_with_suffix
https://sintech.vn/products/laptop-lenovo-thinkbook-16-g9-i5-13420h-16-512gb,Laptop Lenovo ThinkBook 16 G9 (i5 | 16GB | 512GB) giá tốt – Sintech,77,over70_with_suffix
https://sintech.vn/products/laptop-dell-15-dc15250-i7-1355u-16-512gb,Laptop Dell 15 DC15250 i7-1355U 16/512GB chính hãng – Sintech,71,over70_with_suffix
https://sintech.vn/products/laptop-lenovo-thinkbook-14-g9-i5-13420h-16-512gb,Laptop Lenovo ThinkBook 14 G9 (i5 | 16GB | 512GB) giá tốt – Sintech,77,over70_with_suffix
https://sintech.vn/products/laptop-lenovo-ideapad-slim-5-14-ultra-5-16-512gb,Laptop Lenovo IdeaPad Slim 5 14 Ultra 5 16/512GB chính hãng – Sintech,79,over70_with_suffix
https://sintech.vn/products/laptop-dell-pro-14-essential-core-3-8-512gb,Laptop Dell Pro 14 Essential (Core 3 | 8GB | 512GB) giá tốt – Sintech,79,over70_with_suffix
https://sintech.vn/products/laptop-lenovo-thinkpad-e16-core-ultra-7-32-1tb,Laptop Lenovo ThinkPad E16 Gen 3 (Core Ultra 7 | 32GB | 1TB) – Sintech,80,over70_with_suffix
https://sintech.vn/products/laptop-lenovo-ideapad-slim-3-14-core-ultra-5-16-512gb,Laptop Lenovo IdeaPad Slim 3 14 Core Ultra 5 16/512GB – Sintech,73,over70_with_suffix
https://sintech.vn/products/vo-case-van-phong-magic-m-06-atx,"Vỏ Case Văn Phòng Magic M-06 M-ATX Gọn Nhẹ, Giá Tốt – Sintech",71,over70_with_suffix
https://sintech.vn/products/laptop-lenovo-thinkpad-e16-core-ultra-5-16-512gb,Laptop Lenovo ThinkPad E16 Gen 3 (Ultra 5 | 16GB | 512GB) – Sintech,77,over70_with_suffix
https://sintech.vn/products/laptop-hp-omnibook-x-flip-14-ryzen-ai-7-2k-32-1tb,Laptop HP OmniBook X Flip (Ryzen AI 7 | 32GB | 1TB) giá tốt – Sintech,79,over70_with_suffix
https://sintech.vn/products/laptop-dell-pro-14-essential-16-1tb-fhd,Laptop Dell Pro 14 Essential (Core 5 120U | 16GB | 1TB) – Sintech,75,over70_with_suffix
https://sintech.vn/products/laptop-dell-pro-14-essential-core-5-120u-16-1tb,Laptop Dell Pro 14 Essential Core 5 120U 16/1TB chính hãng – Sintech,78,over70_with_suffix
https://sintech.vn/products/vo-case-jonsbo-c6-max-micro-atx-black,"Vỏ Case Jonsbo C6 Max Black gọn, hỗ trợ M-ATX giá tốt – Sintech",73,over70_with_suffix
https://sintech.vn/products/laptop-hp-250r-g10-core-7-150u-16-512gb,Laptop HP 250R G10 (Core 7 150U | 16GB | 512GB) giá tốt – Sintech,75,over70_with_suffix
https://sintech.vn/products/laptop-dell-pro-14-essential-core-7-16-512gb,Laptop Dell Pro 14 Essential (Core 7 150U | 16GB | 512GB) – Sintech,77,over70_with_suffix|duplicate_title
https://sintech.vn/products/laptop-lenovo-ideapad-slim-3-14-ryzen-5-16-512gb,Laptop Lenovo IdeaPad Slim 3 14 Ryzen 5 16/512GB chính hãng – Sintech,79,over70_with_suffix
https://sintech.vn/products/laptop-hp-elitebook-6-g1i-13-core-ultra-5-16-512gb,Laptop HP EliteBook 6 G1i 13 Core Ultra 5 16/512GB chính hãng – Sintech,81,over70_with_suffix
https://sintech.vn/products/laptop-hp-250-g10-i7-16-512gb,Laptop HP 250 G10 (i7 | 16GB | 512GB) chính hãng giá tốt – Sintech,76,over70_with_suffix
https://sintech.vn/products/laptop-hp-elitebook-645-g11-ryzen-7-16-512gb,Laptop HP EliteBook 645 G11 (Ryzen 7 | 16GB | 512GB) giá tốt – Sintech,80,over70_with_suffix
https://sintech.vn/products/laptop-hp-14-ep1012tu-core-5-16-512gb,Laptop HP 14-ep1012TU (Core 5 120U | 16GB | 512GB) giá tốt – Sintech,78,over70_with_suffix
https://sintech.vn/products/laptop-dell-pro-14-essential-8-512gb-core-5-120u,Laptop Dell Pro 14 Essential (Core 5 120U | 8GB | 512GB) – Sintech,76,over70_with_suffix
https://sintech.vn/products/laptop-hp-ai-14-core-ultra-5-16-512gb,Laptop HP AI 14 (Core Ultra 5 225U | 16GB | 512GB) giá tốt – Sintech,78,over70_with_suffix
https://sintech.vn/products/laptop-lenovo-thinkpad-e14-g7-core-ultra-5-16-512gb,Laptop Lenovo Thinkpad E14 G7 (Ultra 5 | 16GB | 512GB) – Sintech,74,over70_with_suffix
https://sintech.vn/products/laptop-lenovo-thinkpad-t14s-gen-6-32-1tb,Laptop Lenovo ThinkPad T14s Gen 6 32/1TB chính hãng – Sintech,71,over70_with_suffix
https://sintech.vn/products/laptop-asus-vivobook-s16-16-512gb-core-ultra-5,Laptop Asus Vivobook S16 16GB | 512GB bảo hành chính hãng – Sintech,77,over70_with_suffix
https://sintech.vn/products/laptop-asus-expertbook-p1503cva-core-3-8-512gb,Laptop Asus ExpertBook P1503CVA Core 3 | 8GB | 512GB giá tốt – Sintech,80,over70_with_suffix
https://sintech.vn/products/laptop-msi-modern-14-core-5-120u-16-512gb,Laptop MSI Modern 14 Core 5 120U 16/512GB chính hãng – Sintech,72,over70_with_suffix
https://sintech.vn/products/laptop-asus-vivobook-s14-core-7-8-512gb,Laptop ASUS Vivobook S14 (Core 7 240H | 8GB | 512GB) giá tốt – Sintech,80,over70_with_suffix
https://sintech.vn/products/laptop-asus-vivobook-s16-core-7-240h-8-512gb,Laptop Asus Vivobook S16 Core 7 240H 8/512GB chính hãng – Sintech,75,over70_with_suffix
https://sintech.vn/products/laptop-asus-vivobook-14-core-ultra-5-16-512gb,Laptop ASUS Vivobook 14 Core Ultra 5 16/512GB chính hãng – Sintech,76,over70_with_suffix
https://sintech.vn/products/laptop-lenovo-ideapad-slim-3-core-ultra-5-16-512gb,Laptop Lenovo IdeaPad Slim 3 (Ultra 5 | 16GB | 512GB) giá tốt – Sintech,81,over70_with_suffix
https://sintech.vn/products/laptop-lenovo-ideapad-slim-3-15-ryzen-7-16-512gb,Laptop Lenovo IdeaPad Slim 3 15 Ryzen 7 16/512GB chính hãng – Sintech,79,over70_with_suffix
https://sintech.vn/products/laptop-asus-vivobook-go-15-ryzen-5-8-512gb,Laptop Asus Vivobook Go 15 (Ryzen 5 | 8GB | 512GB) giá tốt – Sintech,78,over70_with_suffix
https://sintech.vn/products/laptop-asus-vivobook-go-15-ryzen-5-16-512gb,Laptop ASUS Vivobook Go 15 Ryzen 5 16/512GB chính hãng – Sintech,74,over70_with_suffix
https://sintech.vn/products/laptop-lenovo-ideapad-slim-5-ryzen-ai-7-16-512gb,Laptop Lenovo Ideapad Slim 5 (Ryzen AI 7 445 | 16GB | 512GB) – Sintech,80,over70_with_suffix
https://sintech.vn/products/laptop-lenovo-yoga-slim-7-14-oled-32-1tb,Laptop Lenovo Yoga Slim 7 OLED (Ultra 7 | 32GB | 1TB) giá tốt – Sintech,81,over70_with_suffix
https://sintech.vn/products/laptop-lenovo-yoga-slim-7-core-ultra-7-14-oled-32-1tb,Laptop Lenovo Yoga Slim 7 Core Ultra 7 14 OLED 32/1TB – Sintech,73,over70_with_suffix
https://sintech.vn/products/laptop-msi-venturepro-16-ai-rtx-4050-16-512gb,Laptop MSI VenturePro 16 AI (Ultra 7 155H | 16GB | 512GB) – Sintech,77,over70_with_suffix
https://sintech.vn/products/man-hinh-gaming-msi-mag-272f-x24-27-inch-fhd-ips-240hz-0-5ms,Màn Hình Gaming MSI MAG 272F X24 27 inch 240Hz IPS FHD – Sintech,74,over70_with_suffix
https://sintech.vn/products/laptop-asus-zenbook-a14-16-512gb-oled,Laptop Asus ZenBook A14 (Snapdragon X | 16GB | 512GB) giá tốt – Sintech,81,over70_with_suffix
https://sintech.vn/products/laptop-lenovo-ideapad-slim-5-oled-ryzen-7-16-512gb,Laptop Lenovo IdeaPad Slim 5 OLED (Ryzen 7 | 16GB | 512GB) – Sintech,78,over70_with_suffix
https://sintech.vn/products/laptop-gaming-lenovo-loq-15-i5-rtx-3050-16-512gb,Laptop Lenovo LOQ 15IAX9E (i5-12450HX | 16GB | 512GB) giá tốt – Sintech,81,over70_with_suffix
https://sintech.vn/products/laptop-acer-nitro-lite-16-i7-rtx-3050-16-512gb,Laptop Acer Gaming Nitro Lite 16 (i7 | 16GB | 512GB) giá tốt – Sintech,80,over70_with_suffix
https://sintech.vn/products/laptop-gigabyte-gaming-a16-i5-rtx-4050-16-512gb,Laptop Gigabyte Gaming A16 i5 RTX 4050 16/512GB chính hãng – Sintech,78,over70_with_suffix
https://sintech.vn/products/laptop-gigabyte-gaming-a16-i7-rtx-4050-16-512gb,Laptop Gigabyte Gaming A16 (i7 | 16GB | 512GB) giá tốt – Sintech,74,over70_with_suffix|duplicate_title
https://sintech.vn/products/laptop-asus-rog-flow-z13-gz302-ryzen-ai-max-395-128-1tb,Laptop ASUS ROG Flow Z13 GZ302 128GB | 1TB giá tốt BH 24T – Sintech,77,over70_with_suffix
https://sintech.vn/products/laptop-asus-vivobook-s14-core-ultra-7-16-512gb,Laptop ASUS Vivobook S14 S3407CA (Ultra 7 | 16GB | 512GB) – Sintech,77,over70_with_suffix
https://sintech.vn/products/laptop-asus-gaming-v16-16-1tb-core-7-240h-rtx-5060,Laptop ASUS Gaming V16 (Core 7 240H | 16GB | 1TB) giá tốt – Sintech,77,over70_with_suffix
https://sintech.vn/products/laptop-asus-vivobook-s14-core-ultra-5-16-512gb-1,Laptop ASUS Vivobook S14 (Ultra 5 | 16GB | 512GB) giá tốt – Sintech,77,over70_with_suffix
https://sintech.vn/products/laptop-asus-tuf-gaming-f16-rtx-3050-16-512gb,Laptop ASUS TUF Gaming F16 (Core 5 | 16GB | 512GB) giá tốt – Sintech,78,over70_with_suffix
https://sintech.vn/products/laptop-lenovo-legion-5-15-oled-i7-rtx-5050-16-512gb,Laptop Lenovo Legion 5 15 OLED i7 RTX 5050 16/512GB chính… – Sintech,78,over70_with_suffix
https://sintech.vn/products/laptop-dell-xps-13-9350-16-1tb,Laptop Dell XPS 13 9350 (Ultra 5 | 16GB | 1TB) chính hãng – Sintech,77,over70_with_suffix
https://sintech.vn/products/laptop-gaming-hp-omen-14-core-ultra-7-rtx-4060-16-1tb,Laptop HP OMEN 14 (Ultra 7 | 16GB | 1TB) bảo hành chính hãng – Sintech,80,over70_with_suffix
https://sintech.vn/products/laptop-asus-vivobook-s14-i7-13620h-16-512gb,Laptop ASUS Vivobook S14 S3407VA-LY053W 16GB | 512GB giá tốt – Sintech,80,over70_with_suffix
https://sintech.vn/products/laptop-lenovo-legion-gaming-5-24-1tb-i7-rtx-5070,Laptop Lenovo Legion Gaming 5 (i7 | 24GB | 1TB) giá tốt – Sintech,75,over70_with_suffix
https://sintech.vn/products/laptop-asus-gaming-v16-core-5-rtx-4050-16-512gb,Laptop ASUS Gaming V16 (Core 5 | 16GB | 512GB) giá tốt – Sintech,74,over70_with_suffix|duplicate_title
https://sintech.vn/products/laptop-gaming-asus-v16-144hz-rtx-5050-16-512gb,Laptop ASUS Gaming V16 (Core 7 240H | 16GB | 512GB) giá tốt – Sintech,79,over70_with_suffix
https://sintech.vn/products/laptop-msi-katana-15-hx-i5-rtx-5050-16-512gb,Laptop MSI Katana 15 HX (i5-14450HX | 16GB | 512GB) giá tốt – Sintech,79,over70_with_suffix
https://sintech.vn/products/laptop-gaming-gigabyte-a16-i5-13420h-rtx-5050-16-512gb,Laptop Gigabyte GAMING A16 (i5 | 16GB | 512GB) giá tốt – Sintech,74,over70_with_suffix
https://sintech.vn/products/laptop-msi-prestige-16-ai-32-2tb,Laptop MSI Prestige 16 AI+ (Core Ultra 9 288V | 32GB | 2TB) – Sintech,79,over70_with_suffix
https://sintech.vn/products/laptop-gigabyte-aorus-16x-16-1tb-rtx-4070-i7,Laptop Gigabyte AORUS 16X (i7 | 16GB | 1TB) chính hãng – Sintech,74,over70_with_suffix
https://sintech.vn/products/laptop-acer-nitro-propanel-16-512gb-rtx-3050,Laptop Acer Nitro ProPanel (Ryzen 5 | 16GB | 512GB) giá tốt – Sintech,79,over70_with_suffix
https://sintech.vn/products/laptop-gigabyte-aero-x16-ryzen-ai-7-rtx-5060-16-1tb,Laptop Gigabyte AERO X16 Ryzen AI 7 RTX 5060 16/1TB chính… – Sintech,78,over70_with_suffix
https://sintech.vn/products/laptop-gigabyte-gaming-a16-i7-rtx-5060-16-512gb,Laptop Gigabyte Gaming A16 (i7 | 16GB | 512GB) giá tốt – Sintech,74,over70_with_suffix|duplicate_title
https://sintech.vn/products/laptop-acer-nitro-i7-rtx-5050-15-6-fhd-180hz,Laptop Acer Nitro i7 RTX 5050 15.6 FHD 180Hz chính hãng – Sintech,75,over70_with_suffix
https://sintech.vn/products/laptop-hp-victus-15-ryzen-7-7445h-rtx-3050-16-512gb,Laptop HP VICTUS 15 Ryzen 7 7445H RTX 3050 16/512GB chính… – Sintech,78,over70_with_suffix
https://sintech.vn/products/macbook-pro-m2-2022-m2-16gb-256gb-13-3inch,Laptop Apple Macbook Pro M2 2022 (M2 | 16GB | 256GB) giá tốt – Sintech,80,over70_with_suffix
https://sintech.vn/products/macbook-pro-14-inch-m2-pro-2023-10-cpu-16-gpu-16gb-512gb,Laptop Apple MacBook Pro 14 (M2 Pro | 16GB | 512GB) giá tốt – Sintech,79,over70_with_suffix
https://sintech.vn/products/lptop-asus-vivobook-x415ea,Laptop Asus VivoBook X415EA (i5 | 8GB | 512GB) cũ đẹp giá tốt – Sintech,81,over70_with_suffix
https://sintech.vn/products/macbook-air-2020-13-inch-core-i5-8gb-ram-512gb-ssd,Laptop Apple MacBook Air 2020 (i5 | 8GB | 512GB) giá tốt – Sintech,76,over70_with_suffix
https://sintech.vn/products/lenovo-thinkpad-x1-carbon-gen-6-core-i7-8550u-16gb-256gb-14-inch-fhd,Laptop Lenovo Thinkpad X1 Carbon Gen 6 (i7 | 16GB | 256GB) – Sintech,78,over70_with_suffix
https://sintech.vn/products/lenovo-thinkpad-x1-carbon-gen-4-cu-dep,Laptop Lenovo Thinkpad X1 Carbon Gen 4 2K giá tốt cũ đẹp – Sintech,76,over70_with_suffix
https://sintech.vn/products/lenovo-ideapad-5-15iil05-i7-1065g7-ram-8gb-ssd-512gb-15-6-fhd-cu-dep,Laptop Lenovo IdeaPad 5 (i7 | 8GB | 512GB) cũ đẹp giá tốt – Sintech,77,over70_with_suffix
https://sintech.vn/products/laptop-msi-modern-15-a5m-237vn-ryzen-7-5700u-radeon-graphics-ram-8gb-ddr4-ssd-512gb-15-6-inch-ips-fhd,Laptop MSI Modern 15 (Ryzen 7 5700U | 8GB | 512GB) giá tốt – Sintech,78,over70_with_suffix
https://sintech.vn/products/laptop-samsung-900x5l-u02-cu-dep-i5-6200u-8gb-512gb-15-fhd,Laptop Samsung 900X5L-U02 (i5 | 8GB | 512GB) cũ đẹp giá tốt – Sintech,79,over70_with_suffix
https://sintech.vn/products/laptop-sus-tuf-gaming-f16-fx607ju-n3139,Laptop ASUS TUF Gaming F16 FX607JU-N3139 cho gaming giá tốt – Sintech,79,over70_with_suffix
https://sintech.vn/products/laptop-msi-modern-14-b11mou-i3-1115g4-8gb-256gb-pcie-14-0-fhd-cu,Laptop MSI Modern 14 (i3-1115G4 | 8GB | 256GB) cũ đẹp – Sintech,73,over70_with_suffix
https://sintech.vn/products/laptop-msi-modern-a5m-r7-5700u-8gb-512gb-15-6-fhd-cu-dep,Laptop MSI Modern A5M (R7 5700U | 8GB | 512GB) cũ đẹp – Sintech,73,over70_with_suffix
https://sintech.vn/products/laptop-msi-modern-14-b11mou-i7-1195g7-8gb-512gb-ssd-14inch-cu-dep,Laptop MSI Modern 14 B11MOU cũ đẹp giá tốt cho học tập – Sintech,74,over70_with_suffix
https://sintech.vn/products/laptop-msi-gf65-thin-10ue-228vn-cu-dep-i7-10750h-3060-16gb-512gb-15-6-144hz-fhd,Laptop MSI GF65 Thin (i7-10750H | 16GB | 512GB) cũ đẹp – Sintech,74,over70_with_suffix
https://sintech.vn/products/laptop-msi-gf64-8rd-242vn-cu-dep,Laptop MSI GF63 8RD-242VN cũ đẹp cho gaming chính hãng – Sintech,74,over70_with_suffix
https://sintech.vn/products/laptop-msi-gaming-katana-gf66-ue11-824vn-cu-dep,Laptop MSI Gaming Katana GF66 UE11-824VN giá tốt cũ đẹp – Sintech,75,over70_with_suffix
https://sintech.vn/products/laptop-msi-gaming-bravo-15-b7ed-r5-7535hs-16gb-512gb-4gb-rx6550m-144hz,Laptop MSI Gaming Bravo 15 (R5 | 16GB | 512GB) giá tốt – Sintech,74,over70_with_suffix
https://sintech.vn/products/laptop-msi-gaming-bravo-15-b5dd-r5-5600h-16gb-512gb-4gb-rx5500m-15-6inch-ips-chong-choi,Laptop MSI Bravo 15 (R5 | 16GB | 512GB) cũ đẹp giá tốt – Sintech,74,over70_with_suffix
https://sintech.vn/products/laptop-msi-gaming-gl65-9sdk-054vn-core-i5-9300h-2-4ghz-8mb-ram-8gb-512gb-ssd-15-6inch-full-hd-nvidia-gtx1660-ti-6gb-ddr6,Laptop MSI GL65 9SDK 054VN (i5 | 8GB | 512GB) chính hãng – Sintech,76,over70_with_suffix
https://sintech.vn/products/laptop-lenovo-thinkpad-x270-i7-6600u-8gb-256gb-12-5-inch-hd,Laptop Lenovo Thinkpad X270 (i7 6600U | 8GB | 256GB) giá tốt – Sintech,80,over70_with_suffix
https://sintech.vn/products/laptop-lenovo-thinkpad-l13-core-i5-10210u-ram-16g-ssd-256g-man-13-3-inch-fullhd,Laptop Lenovo Thinkpad L13 (i5 | 16GB | 256GB) giá tốt – Sintech,74,over70_with_suffix
https://sintech.vn/products/laptop-lenovo-thinkpad-t580-i5-8250u-16gb-256gb-15-6-fhd-cu-dep,Laptop Lenovo Thinkpad T580 (i5 8250U | 16GB | 256GB) cũ đẹp – Sintech,80,over70_with_suffix
https://sintech.vn/products/laptop-lenovo-thinkpad-t490-cam-ung-core-i7-8665u-ram-16gb-ssd-nvme-256gb-14-1inch,Laptop Lenovo ThinkPad T490 (i7 | 16GB | 256GB) giá tốt – Sintech,75,over70_with_suffix
https://sintech.vn/products/laptop-lenovo-thinkpad-e15-gen-2-core-i5-1135g7-8gb-256gb-15-6-inch-fhd,Laptop Lenovo ThinkPad E15 Gen 2 (Core i5 | 8GB | 256GB) – Sintech,76,over70_with_suffix
https://sintech.vn/products/laptop-lenovo-thinkpad-t14s-gen-1-i5-10210u-ram-8gb-fhd-cam-ung,Laptop Lenovo Thinkpad T14S Gen 1 (i5 | 8GB | 256GB) giá tốt – Sintech,80,over70_with_suffix
https://sintech.vn/products/laptop-lenovo-loq-15arp9-83jc003vvn-amd-ryzen-7-7435hs-rtx-4050-16gb-512gb-15-6-inch-fhd-144hz-xam,Laptop Lenovo LOQ 15ARP9 (R7 7435HS | 16GB | 512GB) giá tốt – Sintech,79,over70_with_suffix
https://sintech.vn/products/laptop-lenovo-legion-5-15iah7h-82rc008lvn-core-i5-12500h-16gb-512gb-rtx-3050-4gb-15-6-inch-fhd-ips-win-11-xam,Laptop Lenovo Legion 5 15IAH7H (i5 | 16GB | 512GB) giá tốt – Sintech,78,over70_with_suffix
https://sintech.vn/products/laptop-lenovo-legion-y540-i7-9750h-ram-16gb-hdd-1t-ssd-128gb-vga-1650-15-6,Laptop Lenovo Legion Y540 (i7 | 16GB | 1TB+128GB) giá tốt – Sintech,77,over70_with_suffix
https://sintech.vn/products/laptop-lenovo-legion-5-15iah7-82rc0090vn-i5-12500h-rtx-3050-ti-ram-16gb-ssd-512gb-15-6-fhd-165hz-win11-xam,Laptop Lenovo Legion 5 15IAH7 (i5-12500H | 16GB | 512GB) – Sintech,76,over70_with_suffix
https://sintech.vn/products/laptop-lenovo-ideapad-v330-15ikb-i5-8250u-8gb-256gb-15-6-fhd-cu-dep,Laptop Lenovo Ideapad V330-15IKB (i5 | 8GB | 256GB) cũ đẹp – Sintech,78,over70_with_suffix
https://sintech.vn/products/laptop-lenovo-ideapad-s145-i5-1035g1-8gb-ssd-512gb-15-6-inch,Laptop Lenovo Ideapad S145 (i5 1035G1 | 8GB | 512GB) giá tốt – Sintech,80,over70_with_suffix
https://sintech.vn/products/laptop-lenovo-ideapad-gaming-3-15ihu6-82k100fbvn-core-i7-11370h-8gb-512gb-15-6-inch-fhd-120hz-rtx-3050-4gb-win-10-den,Laptop Lenovo IdeaPad Gaming 3 (Core i7-11370H | 8GB | 512GB) – Sintech,81,over70_with_suffix
https://sintech.vn/products/laptop-lenovo-gaming-legion-5-15ach6-r5-5600h-32gb-512gb-4gb-rtx3050ti-165hz,Laptop Lenovo Legion 5 15ACH6 (R5 | 32GB | 512GB) giá tốt – Sintech,77,over70_with_suffix
https://sintech.vn/products/laptop-hp-gaming-victus-16-ryzen-5-5600h-16g-ssd-512gb-rtx-3050ti-16-1-full-hd,Laptop HP Gaming VICTUS 16 (R5 5600H | 16GB | 512GB) – Sintech,72,over70_with_suffix
https://sintech.vn/products/laptop-hp-pavilion-14-ce3014tu-8qp03pa-i3-1005g1-8gb-ram-256gb-ssd-14-inch-fhd,Laptop HP Pavilion 14-ce3014TU (i3 | 8GB | 256GB) giá tốt – Sintech,77,over70_with_suffix
https://sintech.vn/products/laptop-hp-pro-c640-i7-10th-16gb-ram-ssd-128g-14-inch-cam-ung,Laptop HP Pro C640 14 inch (i7 10th | 16GB | 128GB) giá tốt – Sintech,79,over70_with_suffix
https://sintech.vn/products/laptop-hp-gaming-victus-16-e1102ax-r7-6800h-16gb-512gb-4gb-rtx3050ti-144hz,Laptop HP Gaming VICTUS 16 (R7 6800H | 16GB | 512GB) giá tốt – Sintech,80,over70_with_suffix
https://sintech.vn/products/laptop-hp-elitebook-840-g2-i5-5300u-8gb-ssd-128gb-14-fhd-intel-hd-graphics-cu-dep,Laptop HP EliteBook 840 G2 (i5 | 8GB | 128GB) giá tốt cũ đẹp – Sintech,80,over70_with_suffix
https://sintech.vn/products/laptop-hp-elitebook-640-g10-873g4pa-i5-1335u-16gb-512gb-onboard-windows-11,Laptop HP EliteBook 640 G10 (i5-1335U | 16GB | 512GB) giá tốt – Sintech,81,over70_with_suffix
https://sintech.vn/products/laptop-hp-240-g8-i3-1005g1-8gb-256gb-14-fhd-cu,Laptop HP 240 G8 (i3-1005G1 | 8GB | 256GB) cũ đẹp giá tốt – Sintech,77,over70_with_suffix
https://sintech.vn/products/laptop-hp-15s-fq5146tu-i7-1255u-16gb-500gb-15-6-fhd,Laptop HP 15s-fq5146TU (i7 | 16GB | 500GB) cũ đẹp giá tốt – Sintech,77,over70_with_suffix
https://sintech.vn/products/laptop-hp-15-fd0234tu-9q969pa-i5-1334u-16gb-512gb-intel-uhd-15-6-fhd-win-11,Laptop HP 15-fd0234TU (i5-1334U | 16GB | 512GB) giá tốt – Sintech,75,over70_with_suffix
https://sintech.vn/products/laptop-hp-15-fc0085au-r5-7530u-16gb-256gb-15-6-fhd,Laptop HP 15 fc0085AU (R5 7530U | 16GB | 256GB) cũ đẹp – Sintech,74,over70_with_suffix
https://sintech.vn/products/laptop-hp-14s-dk1xxx-cu-dep,Laptop HP 14S-DK1xxx cũ đẹp cho văn phòng học tập cơ bản – Sintech,76,over70_with_suffix
https://sintech.vn/products/laptop-gaming-lenovo-legion-5-15arh7-82re002wvn-ryzen-5-6600h-rtx-3050-4gb-ram-16gb-ddr5-ssd-512gb-15-6-inch-ips-fhd-165hz-100-srgb-win-11,Laptop Lenovo Legion 5 (Ryzen 5 | 16GB | 512GB) giá tốt – Sintech,75,over70_with_suffix
https://sintech.vn/products/laptop-gaming-lenovo-y520-15ikbn-i5-7300hq-16gb-256gb-gtx-1050-15-6-inch-full-hd-ips,Laptop Lenovo Y520 15IKBN i5-7300HQ 16GB 256GB GTX 1050 – Sintech,75,over70_with_suffix
https://sintech.vn/products/laptop-gaming-lenovo-legion-5-amd-r5-4600h-gtx1650ti-16g-512g-15-6-fhd-144hz,Laptop Lenovo Legion 5 (R5-4600H | 16GB | 512GB) giá tốt – Sintech,76,over70_with_suffix
https://sintech.vn/products/laptop-gaming-msi-gf63-thin-9sc-i5-9300h-gtx-1650-16gb-512gb-15-6-fhd,Laptop MSI GF63 Thin 9SC (i5 | 16GB | 512GB) chính hãng – Sintech,75,over70_with_suffix
https://sintech.vn/products/laptop-gigabyte-a5-k1-avn1030sb-r5-5600h-ram-16gb-ssd-512gb-rtx-3060-6gb-15-6-inch-fhd-ips-144hz,Laptop Gigabyte A5 K1-AVN1030SB (R5 5600H | 16GB | 512GB) – Sintech,77,over70_with_suffix
https://sintech.vn/products/laptop-hp-15-dw3033dx-405f6ua-i3-1115g4-8gb-256gb-15-6-fhd,Laptop HP 15-DW3033DX 405F6UA (i3-1115G4 | 8GB | 256GB) – Sintech,75,over70_with_suffix
https://sintech.vn/products/laptop-dell-vostro-15-3500-cu-dep,"Laptop Dell Vostro 15 3500 cũ đẹp cho học tập, văn phòng – Sintech",76,over70_with_suffix
https://sintech.vn/products/laptop-gaming-asus-tuf-gaming-a15-fa507nu-lp131w-r5-7535hs-rtx-4050-6gb,Laptop Gaming ASUS TUF A15 FA507NU R5-7535HS RTX 4050 6GB – Sintech,77,over70_with_suffix
https://sintech.vn/products/laptop-dell-vostro-14-3400-i7-1165g7-8gb-512gb-2gb-mx330-win10-v4i7015w,Laptop Dell Vostro 14 3400 (i7 | 8GB | 512GB) cũ đẹp giá tốt – Sintech,80,over70_with_suffix
https://sintech.vn/products/laptop-dell-precision-5520-core-i7-7820hq-vga-m1200,Laptop Dell Precision 5520 Core i7 7820HQ VGA M1200 giá tốt – Sintech,79,over70_with_suffix
https://sintech.vn/products/laptop-dell-vostro-3400-core-i5-1135g7-ram-8gb-ssd-256gb-pcie-14-inch-fullhd,Laptop Dell Vostro 3400 (Core i5 | 8GB | 256GB) giá tốt – Sintech,75,over70_with_suffix
https://sintech.vn/products/laptop-dell-latitude-7470-core-i7-6600u-ram-8gb-ssd-256gb-14-0-full-hd,Laptop Dell Latitude 7470 (i7 6600U | 8GB | 256GB) giá tốt – Sintech,78,over70_with_suffix
https://sintech.vn/products/laptop-dell-latitude-5511-core-i5-10300h-ram-8gb-ssd-256gb-15-6-fhd,Laptop Dell Latitude 5511 (Core i5 | 8GB | 256GB) giá tốt – Sintech,77,over70_with_suffix
https://sintech.vn/products/laptop-dell-latitude-3500-cam-ung-cu-dep,Laptop Dell Latitude 3500 cảm ứng bảo hành chính hãng cũ đẹp – Sintech,80,over70_with_suffix
https://sintech.vn/products/laptop-dell-latitude-7440-cu-dep,Laptop Dell Latitude E7440 cho văn phòng giá tốt cũ đẹp – Sintech,75,over70_with_suffix
https://sintech.vn/products/laptop-dell-latitude-5490-core-i5-8350u-ram-8gb-ssd-256gb-14-inch-fullhd,Laptop Dell Latitude 5490 (Core i5-8350U | 8GB | 256GB) – Sintech,75,over70_with_suffix
https://sintech.vn/products/laptop-dell-latitude-3420-core-i5-1135g7-8gb-256gb-intel-iris-xe-graphics-14-inch-fhd-grayish-black,Laptop Dell Latitude 3420 (Core i5 | 8GB | 256GB) giá tốt – Sintech,77,over70_with_suffix
https://sintech.vn/products/laptop-dell-inspiron-5378-i5-7200u-8gb-256gb-13-3inch-cam-ung,Laptop Dell Inspiron 5378 (i5 7200U | 8GB | 256GB) giá tốt – Sintech,78,over70_with_suffix
https://sintech.vn/products/laptop-dell-inspiron-3593-i5-1035g1-8gb-ram-256gb-ssd-nvidia-geforce-mx230-2gb-15-6-fhd,Laptop Dell Inspiron 3593 (i5 | 8GB | 256GB) chính hãng – Sintech,75,over70_with_suffix
https://sintech.vn/products/laptop-dell-inspiron-5620-i5-1240p-8gb-1tb-ssd-15-6-fhd-mx570-cu-dep,Laptop Dell Inspiron 5620 (i5 | 8GB | 1TB) cũ đẹp giá tốt – Sintech,77,over70_with_suffix
https://sintech.vn/products/laptop-dell-inspiron-5490-fmkjv1-cu-dep,Laptop Dell Inspiron 5490 (i7 | 8GB | 512GB) cũ đẹp giá tốt – Sintech,79,over70_with_suffix
https://sintech.vn/products/laptop-dell-inspiron-16-n5640-i5-1334u-16gb-512gb-16-fhd,Laptop HP ProBook 440 G10 (i5-1340P | 16GB | 512GB) giá tốt – Sintech,79,over70_with_suffix
https://sintech.vn/products/laptop-dell-inspiron-16-5620-i5-1240p-8gb-1tb-16-fhd-cu-dep,Laptop Dell Inspiron 16 5620 (i5 | 8GB | 1TB) cũ đẹp giá tốt – Sintech,80,over70_with_suffix
https://sintech.vn/products/laptop-dell-inspiron-15-3511,Laptop Dell Inspiron 15 3511 chính hãng cho học tập giá tốt – Sintech,79,over70_with_suffix
https://sintech.vn/products/laptop-dell-inspiron-14-3467-cu-dep,Laptop Dell Inspiron 14 3467 cho văn phòng chính hãng cũ đẹp – Sintech,80,over70_with_suffix
https://sintech.vn/products/laptop-dell-gaming-g3-3579-i7-8750h-ram-16gb-ssd-128laptop-dell-gaming-g3-3579-i7-8750h-16gb-ssd-256gb-hdd-500gb-gtx-1050-4gb-gb-hdd-1tb-gtx-1050-4g-intell-graphic-630,Laptop Dell Gaming G3 3579 (i7-8750H | 16GB | SSD 256GB) – Sintech,76,over70_with_suffix
https://sintech.vn/products/laptop-asus-zenbook-13-ux334flc-ux334fl-i5-10210u-mx250-8gb-512gb-13-3-fhd,Laptop Asus Zenbook 13 UX334FLC (i5 | 8GB | 512GB) giá tốt – Sintech,78,over70_with_suffix
https://sintech.vn/products/laptop-asus-zenbook-14-q408ug-ryzen-5-5500u-8gb-256gb-mx450-14-0-fhd-ips,Laptop ASUS Zenbook 14 Q408UG (Ryzen 5 | 8GB | 256GB) giá tốt – Sintech,81,over70_with_suffix
https://sintech.vn/products/laptop-asus-vivobook-x513ep-a515ea-cu-dep,Laptop Asus Vivobook X513EP-A515EA văn phòng giá tốt cũ đẹp – Sintech,79,over70_with_suffix
https://sintech.vn/products/laptop-asus-vivobook-x509jp,"Laptop Asus Vivobook X509JP cho học tập, làm việc giá tốt – Sintech",77,over70_with_suffix
https://sintech.vn/products/laptop-asus-vivobook-x507uf,"Laptop Asus VivoBook X507UF cho học tập, làm việc giá tốt – Sintech",77,over70_with_suffix
https://sintech.vn/products/laptop-asus-vivobook-flip-14-i3-1115g4-4gb-128gb-14-0-fhd-man-cam-ung,Laptop Asus Vivobook Flip 14 (i3 | 4GB | 128GB) giá tốt – Sintech,75,over70_with_suffix
https://sintech.vn/products/laptop-asus-vivobook-a515ea-oled-i5-1135g7-8gb-512gb-15-6inch,Laptop Asus VivoBook A515EA OLED (i5 | 8GB | 512GB) giá tốt – Sintech,79,over70_with_suffix
https://sintech.vn/products/laptop-asus-vivobook-a515ea-i3-1115g4-8gb-256gb-15-6inch-ips,Laptop Asus VivoBook A515EA (i3 | 8GB | 256GB) giá tốt – Sintech,74,over70_with_suffix
https://sintech.vn/products/laptop-asus-vivobook-15-x1504za-i5-1235u-16gb-256gb-15-6-icnh,Laptop Asus Vivobook 15 X1504ZA (i5 | 16GB | 256GB) cũ đẹp – Sintech,78,over70_with_suffix
https://sintech.vn/products/laptop-asus-vivobook-15-x1502za-bq127w-core-i5-1240p-8gb-512gb-iris-x-graphics-15-6-inch-fhd-xanh,Laptop ASUS Vivobook 15 (i5 1240P | 8GB | 512GB) giá tốt – Sintech,76,over70_with_suffix
https://sintech.vn/products/laptop-asus-vivobook-15-a515ep-bq498t-core-i5-1135g7-8gb-512gb-mx330-2gb-15-6-inch-fhd-bac,Laptop Asus VivoBook 15 A515EP-BQ498T 8GB | 512GB giá tốt – Sintech,77,over70_with_suffix
https://sintech.vn/products/laptop-asus-tuf-gaming-fx505dt-al003t-amd-ryzen-7-3750h-gtx-1650-4gb-15-6-fhd-16gb-ddr4-256gb-ssd,Laptop Asus TUF Gaming FX505DT (Ryzen 7 | 16GB | 256GB) – Sintech,75,over70_with_suffix
https://sintech.vn/products/laptop-asus-vivobook-14x-oled-s3405va-km071w-core-i9-13900h-16gb-512gb-intel-iris-xe-14-inch-2-8k-oled-win-11-den,Laptop ASUS Vivobook 14X OLED (i9 | 16GB | 512GB) giá tốt – Sintech,77,over70_with_suffix
https://sintech.vn/products/laptop-asus-tuf-gaming-f16-fx607ju-n3139w-i7-13650hx-rtx4050-16-inch-wuxga-16gb-512gb-win-11-home-xam,Laptop ASUS TUF Gaming F16 (i7 | 16GB | 512GB) giá tốt – Sintech,74,over70_with_suffix|duplicate_title
https://sintech.vn/products/laptop-asus-tuf-gaming-f15-fx507zc4-hn095w-intel-core-i5-12500h-rtx-3050-16gb-512gb-15-6-inch-fhd-win-11-xam,Laptop Asus TUF Gaming F15 (i5 | 16GB | 512GB) giá tốt – Sintech,74,over70_with_suffix
https://sintech.vn/products/laptop-asus-tuf-gaming-a15-fa506qm-hn016t-ryzen-7-5800h-16gb-512gb-rtx-3060-6gb-15-6-inch-fhd-eclipse-gray,Laptop Asus TUF Gaming A15 (R7 5800H | 16GB | 512GB) cũ đẹp – Sintech,79,over70_with_suffix
https://sintech.vn/products/laptop-asus-rog-strix-g512-i5-10300h-16gb-ssd-512gb-gtx-1650ti-15-6-inch-144hz,Laptop Asus ROG Strix G512 (i5 | 16GB | 512GB) giá tốt – Sintech,74,over70_with_suffix
https://sintech.vn/products/laptop-asus-tuf-gaming-a15-fa506ihr-hn019w-cu-dep,Laptop Asus TUF Gaming A15 (R5 | 8GB | 512GB) cũ đẹp giá tốt – Sintech,80,over70_with_suffix
https://sintech.vn/products/laptop-asus-rog-strix-g15-g513im-hn008w-cu-dep,Laptop Asus ROG Strix G15 G513IM-HN008W cũ đẹp giá tốt – Sintech,74,over70_with_suffix
https://sintech.vn/products/laptop-asus-rog-strix-g15-g513ic-hn002t-cu-dep,Laptop Asus ROG Strix G15 G513IC-HN002T cũ đẹp giá tốt – Sintech,74,over70_with_suffix
https://sintech.vn/products/laptop-asus-expertbook-p1412cea-ek0847w-intel-core-i3-1115g4-ram-8gb-ssd-512gb-ssd-14-fhd,Laptop Asus ExpertBook P1412CEA EK0847W 8GB | 512GB giá tốt – Sintech,79,over70_with_suffix
https://sintech.vn/products/laptop-apple-macbook-air-2019-i5-8gb-128gb-13-inch-gold,Laptop Apple Macbook Air 2019 (i5 | 8GB | 128GB) giá tốt – Sintech,76,over70_with_suffix
https://sintech.vn/products/laptop-apple-macbook-air-13-inch-m2-8gb-256gb-silver,Laptop Apple MacBook Air 13 inch (M2 | 8GB | 256GB) giá tốt – Sintech,79,over70_with_suffix
https://sintech.vn/products/laptop-acer-gaming-nitro-5-an515-57-core-i5-11400h-16gb-512gb-gtx-1650-4gb-15-6-inch-fhd-144hz-den,Laptop Acer Gaming Nitro 5 AN515-57 (i5 | 16GB | 512GB) – Sintech,75,over70_with_suffix
https://sintech.vn/products/laptop-acer-gaming-aspire-7-a715-59g-57tu-nh-qx6sv-001-i5-12450h-16gb-512gb-rtx-3050-6gb-full-hd-144hz-win11,Laptop Acer Gaming Aspire 7 (i5 | 16GB | 512GB) giá tốt – Sintech,75,over70_with_suffix
https://sintech.vn/products/laptop-acer-gaming-aspire-7-a715-42g-r4xx-ryzen-5-5500u-16gb-256gb-gtx-1650-4gb-15-6-inch-fhd-den,Laptop Acer Aspire 7 A715-42G-R4XX 16GB | 256GB giá tốt – Sintech,75,over70_with_suffix
https://sintech.vn/products/hp-pavilion-14-ce3018tu-8qn89pa-i5-1035g1-8gb-256gb-14-fhd,Laptop HP Pavilion 14-ce3018TU 8GB | 256GB FHD giá tốt – Sintech,74,over70_with_suffix
https://sintech.vn/products/dell-latitude-e5480-i5-7200u-8gb-256gb-14-1-fhd,Laptop Dell Latitude E5480 (i5-7200U | 8GB | 256GB) giá tốt – Sintech,79,over70_with_suffix
https://sintech.vn/products/dell-latitude-3500-i5-8265u-8gb-256gb-ssd-15-6-inch-cu,Laptop Dell Latitude 3500 (i5 | 8GB | 256GB) cũ đẹp giá tốt – Sintech,79,over70_with_suffix
https://sintech.vn/products/laptop-hp-victus-15-i5-13420h-rtx-3050-16-512gb,Laptop HP VICTUS 15 i5-13420H RTX 3050 16/512GB chính hãng – Sintech,78,over70_with_suffix
https://sintech.vn/products/laptop-lenovo-loq-15-ryzen-5-rtx-3050-16-512gb,Laptop Lenovo LOQ 15ARP9 (Ryzen 5 | 16GB | 512GB) giá tốt – Sintech,77,over70_with_suffix
https://sintech.vn/products/laptop-asus-tuf-gaming-a15-ryzen-7-rtx-3050-16-512gb-win11,Laptop ASUS TUF Gaming A15 Ryzen 7 | 16GB | 512GB giá tốt – Sintech,77,over70_with_suffix
https://sintech.vn/products/laptop-hp-victus-15-ryzen-7-rtx-4050-16-512gb,Laptop HP VICTUS 15 Ryzen 7 RTX 4050 16/512GB chính hãng – Sintech,76,over70_with_suffix
https://sintech.vn/products/laptop-acer-nitro-15-ryzen-5-rtx-4050-16-512gb,Laptop Acer Nitro ANV15-41-R732 (Ryzen 5 | 16GB | 512GB) – Sintech,76,over70_with_suffix
https://sintech.vn/products/dell-inspiron-5577-cu-dep,Laptop Dell Inspiron 5577 cho học tập online giá tốt cũ đẹp – Sintech,79,over70_with_suffix
https://sintech.vn/products/laptop-lenovo-legion-5-15-i7-rtx-5060-16-512gb,Laptop Lenovo Legion 5 15 i7 RTX 5060 16/512GB chính hãng – Sintech,77,over70_with_suffix
https://sintech.vn/products/laptop-msi-cyborg-15-core-5-rtx-5050-16-512gb,Laptop MSI Cyborg 15 Core 5 RTX 5050 16/512GB chính hãng – Sintech,76,over70_with_suffix
https://sintech.vn/products/laptop-lenovo-legion-5-15-i7-rtx-5050-16-512gb,Laptop Lenovo Legion 5 RTX 5050 (i7 | 16GB | 512GB) giá tốt – Sintech,79,over70_with_suffix
https://sintech.vn/products/laptop-asus-tuf-gaming-a16-16-512gb-rtx-5050,Laptop ASUS TUF Gaming A16 16/512GB RTX 5050 chính hãng – Sintech,75,over70_with_suffix
https://sintech.vn/products/laptop-gaming-lenovo-loq-15-ryzen-7-rtx-4050-16-512gb,Laptop Lenovo LOQ 15ARP10E (Ryzen 7 | 16GB | 512GB) giá tốt – Sintech,79,over70_with_suffix
https://sintech.vn/products/laptop-asus-rog-strix-g16-ryzen-9-rtx-5050-16-512gb-win11,Laptop ASUS ROG Strix G16 (Ryzen 9 | 16GB | 512GB) giá tốt – Sintech,78,over70_with_suffix
https://sintech.vn/products/laptop-asus-gaming-v16-core-5-16-512gb-rtx-3050,Laptop ASUS Gaming V16 (Core 5 | 16GB | 512GB) giá tốt – Sintech,74,over70_with_suffix|duplicate_title
https://sintech.vn/products/laptop-asus-tuf-gaming-a16-rtx-4050-16-512gb-amd-ryzen-7,Laptop Asus TUF Gaming A16 (Ryzen 7 170 | 16GB | 512GB) – Sintech,75,over70_with_suffix
https://sintech.vn/products/laptop-asus-tuf-gaming-a14-rtx-5060-32-1tb,Laptop Asus TUF Gaming A14 (Ryzen AI 9 465 | 32GB | 1TB) – Sintech,76,over70_with_suffix
https://sintech.vn/products/laptop-asus-zenbook-s-16-3k-oled-ryzen-ai-9-32-1tb,Laptop ASUS Zenbook S 16 3K OLED Ryzen AI 9 32/1TB chính hãng – Sintech,81,over70_with_suffix
https://sintech.vn/products/laptop-asus-vivobook-s14-16-512gb-core-ultra-7,Laptop Asus Vivobook S14 (Ultra 7 255H | 16GB | 512GB) – Sintech,74,over70_with_suffix
https://sintech.vn/products/laptop-asus-vivobook-s14-core-ultra-5-16-512gb,Laptop ASUS Vivobook S14 (Core Ultra 5 | 16GB | 512GB) – Sintech,74,over70_with_suffix
https://sintech.vn/products/laptop-asus-tuf-gaming-a16-ryzen-7-rtx-5060-16-512gb,Laptop ASUS TUF Gaming A16 (Ryzen 7 260 | 16GB | 512GB) – Sintech,75,over70_with_suffix
https://sintech.vn/products/laptop-lenovo-loq-15-i7-13645hx-rtx-5050-16-512gb,Laptop Lenovo LOQ 15IRX10 (i7 | 16GB | 512GB) chính hãng – Sintech,76,over70_with_suffix
https://sintech.vn/products/laptop-lenovo-thinkpad-x9-15-gen-1-core-ultra-7-32-1tb-oled,Laptop Lenovo ThinkPad X9-15 (Ultra 7 | 32GB | 1TB) giá tốt – Sintech,79,over70_with_suffix
https://sintech.vn/products/laptop-gaming-asus-v16-rtx-5050-16-512gb,Laptop ASUS Gaming V16 (Core 5 210H | 16GB | 512GB) giá tốt – Sintech,79,over70_with_suffix
https://sintech.vn/products/laptop-asus-tuf-gaming-f16-i7-rtx-5050-16-512gb,Laptop Asus TUF Gaming F16 (i7 | 16GB | 512GB) giá tốt – Sintech,74,over70_with_suffix|duplicate_title
https://sintech.vn/products/laptop-asus-tuf-gaming-f16-i7-rtx-5060-16-512gb,Laptop Asus TUF Gaming F16 (i7 | 16GB | 512GB) giá tốt – Sintech,74,over70_with_suffix|duplicate_title
https://sintech.vn/products/laptop-asus-tuf-gaming-a16-ryzen-9-rtx-5070-16-512gb,Laptop Asus TUF Gaming A16 (Ryzen 9 | 16GB | 512GB) giá tốt – Sintech,79,over70_with_suffix
https://sintech.vn/products/laptop-gaming-acer-nitro-lite-16-i7-rtx-4050-16-512gb,Laptop Acer Nitro Lite 16 (i7 | 16GB | 512GB) chính hãng – Sintech,76,over70_with_suffix
https://sintech.vn/products/laptop-asus-tuf-gaming-a14-64-1tb-ryzen-ai-max,Laptop ASUS TUF Gaming A14 64/1TB Ryzen AI MAX+ chính hãng – Sintech,78,over70_with_suffix
https://sintech.vn/products/laptop-asus-rog-zephyrus-g14-32-1tb-rtx-5060,Laptop Asus ROG Zephyrus G14 (Ryzen AI 9 | 32GB | 1TB) – Sintech,74,over70_with_suffix
https://sintech.vn/products/laptop-acer-nitro-16-32-512gb-ryzen-7-rtx-3050,Laptop Acer Nitro 16 32/512GB Ryzen 7 RTX 3050 chính hãng – Sintech,77,over70_with_suffix
https://sintech.vn/products/laptop-asus-rog-strix-g16-ryzen-9-rtx-5060-16-512gb,Laptop ASUS ROG Strix G16 Ryzen 9 RTX 5060 16/512GB – Sintech,71,over70_with_suffix
https://sintech.vn/products/laptop-asus-vivobook-s14-oled-16-512gb,Laptop ASUS Vivobook S14 (Ultra 5 325 | 16GB | 512GB) giá tốt – Sintech,81,over70_with_suffix
https://sintech.vn/products/laptop-asus-rog-strix-g16-ryzen-9-16-1tb-rtx-5080,Laptop Asus ROG Strix G16 (Ryzen 9 | 16GB | 1TB) giá tốt – Sintech,76,over70_with_suffix
https://sintech.vn/products/laptop-asus-zenbook-duo-ux8407aa-32-1tb,Laptop Asus ZenBook Duo (Ultra X9 | 32GB | 1TB) giá tốt – Sintech,75,over70_with_suffix
https://sintech.vn/products/laptop-lenovo-legion-5-ultra-7-rtx-5060-16-512gb,Laptop Lenovo Legion 5 (Ultra 7 | 16GB | 512GB) giá tốt – Sintech,75,over70_with_suffix
https://sintech.vn/products/laptop-asus-rog-strix-g16-r9-rtx-5070-ti-16-512gb,Laptop Asus ROG Strix G16 (R9 | 16GB | 512GB) chính hãng – Sintech,76,over70_with_suffix
https://sintech.vn/products/laptop-asus-tuf-gaming-a15-ryzen-7-rtx-3050-16-512gb,Laptop ASUS TUF Gaming A15 (Ryzen 7 | 16GB | 512GB) giá tốt – Sintech,79,over70_with_suffix
https://sintech.vn/products/laptop-asus-rog-zephyrus-g14-core-ultra-9-rtx-5080-32-1tb,Laptop Asus ROG Zephyrus G14 (Ultra 9 | 32GB | 1TB) giá tốt – Sintech,79,over70_with_suffix
https://sintech.vn/products/laptop-asus-tuf-gaming-f16-i5-rtx-5050-16-512gb,Laptop ASUS TUF Gaming F16 i5 RTX 5050 16/512GB chính hãng – Sintech,78,over70_with_suffix
https://sintech.vn/products/laptop-asus-zenbook-a14-32-1tb-oled-14-inch,Laptop Asus ZenBook A14 (X2 Elite | 32GB | 1TB) giá tốt – Sintech,75,over70_with_suffix
https://sintech.vn/products/laptop-lenovo-loq-15-ryzen-7-rtx-5050-16-512gb,Laptop Lenovo LOQ 15AHP11 (Ryzen 7 | 16GB | 512GB) giá tốt – Sintech,78,over70_with_suffix
https://sintech.vn/products/vo-case-edra-ecs1503,"Vỏ Case EDRA ECS1503 M-ATX đen, hỗ trợ 7 fan, VGA 330mm – Sintech",75,over70_with_suffix
https://sintech.vn/products/man-hinh-di-dong-edra-epm16f60s-15-6-inch-full-hd-60hz,Màn hình di động EDRA EPM16F60S 15.6 inch Full HD 60Hz Giá Rẻ – Sintech,81,over70_with_suffix
https://sintech.vn/products/vga-sparkle-arc-a380-elf-6gb-gddr6,VGA SPARKLE Arc A380 ELF 6GB GDDR6 cho game nhẹ giá tốt – Sintech,75,over70_with_suffix
https://sintech.vn/products/vga-sparkle-arc-a580-orc-oc-8gb-gddr6,VGA Sparkle Arc A580 ORC OC 8GB GDDR6 chơi Full HD giá tốt – Sintech,78,over70_with_suffix
https://sintech.vn/products/vga-sparkle-arc-a750-roc-oc-edition-8gb-gddr6,VGA Sparkle Arc A750 ROC OC 8GB GDDR6 bus 256-bit giá tốt – Sintech,77,over70_with_suffix
https://sintech.vn/products/vga-sparkle-arc-a750-roc-luna-oc-8gb-gddr6,VGA SPARKLE Arc A750 ROC Luna OC 8GB cho PC trắng giá tốt – Sintech,77,over70_with_suffix
https://sintech.vn/products/vga-sparkle-arc-a750-orc-oc-edition-8gb-gddr6,VGA SPARKLE Arc A750 ORC OC 8GB GDDR6 256-bit chính hãng – Sintech,76,over70_with_suffix
https://sintech.vn/products/vga-sparkle-arc-a770-titan-roc-oc-16gb-gddr6,VGA Sparkle Arc A770 Titan ROC OC 16GB GDDR6 chính hãng – Sintech,75,over70_with_suffix
https://sintech.vn/products/vga-sparkle-arc-b580-titan-luna-oc-12gb-gddr6,VGA SPARKLE Arc B580 Luna OC 12GB GDDR6 cho PC trắng giá tốt – Sintech,80,over70_with_suffix
https://sintech.vn/products/vga-sparkle-arc-b570-guardian-oc-10gb-gddr6,VGA Sparkle Arc B570 Guardian OC 10GB GDDR6 chơi Full HD – Sintech,76,over70_with_suffix
https://sintech.vn/products/vga-sparkle-arc-b580-titan-oc-12gb-gddr6,VGA SPARKLE Arc B580 TITAN OC 12GB GDDR6 giá tốt chính hãng – Sintech,79,over70_with_suffix
https://sintech.vn/products/vga-sparkle-arc-b580-titan-nox-oc-12gb-gddr6,VGA Sparkle Arc B580 TITAN Nox OC 12GB GDDR6 chính hãng – Sintech,75,over70_with_suffix
https://sintech.vn/products/vo-case-gamdias-atlas-p6-cg-atx-den-san-4-fan-argb,Case Gamdias ATLAS P6 CG Đen Sẵn 4 Fan ARGB chính hãng – Sintech,74,over70_with_suffix
https://sintech.vn/products/vga-sparkle-arc-b580-twinstar-12gb-gddr6,VGA SPARKLE Arc B580 TWINSTAR 12GB GDDR6 giá tốt chính hãng – Sintech,79,over70_with_suffix
https://sintech.vn/products/vo-case-gamdias-atlas-m4-atx-den-san-4-fan-argb,Vỏ Case Gamdias ATLAS M4 Mid Tower ATX Đen Sẵn 4 Fan ARGB – Sintech,77,over70_with_suffix
https://sintech.vn/products/vo-case-atlas-m3m-m-atx-den-san-3-fan-argb,Vỏ Case ATLAS M3M M-ATX Kính Cường Lực Đen 3 Fan ARGB – Sintech,73,over70_with_suffix
https://sintech.vn/products/cpu-amd-ryzen-3-3200g-am4-4-nhan-4-luong-max-4-0-ghz,"CPU AMD Ryzen 3 3200G, AM4, 4 nhân/4 luồng, Max 4.0 GHz – Sintech",75,over70_with_suffix
https://sintech.vn/products/card-man-hinh-maxsun-trb-rtx-5060-8gb,Card Màn Hình MAXSUN TRB RTX 5060 8GB Chính Hãng Giá Tốt – Sintech,76,over70_with_suffix
https://sintech.vn/products/card-man-hinh-maxsun-icraft-rtx-5060-ti-16gb-oc,Card MAXSUN iCraft RTX 5060 Ti 16GB GDDR7 OC chính hãng – Sintech,75,over70_with_suffix
https://sintech.vn/products/card-man-hinh-maxsun-milestone-intel-arc-b580-12gb,Card Màn Hình MAXSUN Milestone Intel Arc B580 12GB Giá Tốt – Sintech,78,over70_with_suffix
https://sintech.vn/products/card-man-hinh-maxsun-icraft-aiga-rtx-5060-ti-16gb-oc-trang,Card Màn Hình MAXSUN iCraft AIGA RTX 5060 Ti 16GB OC Trắng – Sintech,78,over70_with_suffix
https://sintech.vn/products/switch-24-port-tplink-10-100-1000mbps-tl-sg1024d,Switch TP-Link TL-SG1024D 24 Port Gigabit giá tốt chính hãng – Sintech,80,over70_with_suffix
https://sintech.vn/products/phan-mem-microsoft-office-professional-plus-2019,"Office Professional Plus 2019 - Word, Excel, PowerPoint – Sintech",75,over70_with_suffix
https://sintech.vn/products/cpu-intel-core-i7-14700k-up-to-5-6ghz-20-nhan-28-luong-tray,CPU Intel Core i7-14700K Tray build PC hiệu năng cao giá tốt – Sintech,80,over70_with_suffix
https://sintech.vn/products/card-man-hinh-maxsun-icraft-intel-arc-b580-12gb-trang,Card Màn Hình MAXSUN iCraft Intel Arc B580 12GB Trắng Giá Tốt – Sintech,81,over70_with_suffix
https://sintech.vn/products/phan-mem-kaspersky-small-office-security-1-server-10pc-1-nam,Kaspersky Small Office Security 1 Server + 10PC 1 Năm giá tốt – Sintech,81,over70_with_suffix
https://sintech.vn/products/microsoft-office-365-personal-key-online,Microsoft Office 365 Personal Key Online chính hãng – Sintech,71,over70_with_suffix
https://sintech.vn/products/microsoft-office-365-family-key-online-6gq-00083,Microsoft Office 365 Family 6GQ-00083 key online giá tốt – Sintech,76,over70_with_suffix
https://sintech.vn/products/phan-mem-windows-11-home-64-bit-all-lng-pk-lic-online-dwnld-nr,Windows 11 Home 64-bit bản quyền cho PC cá nhân giá tốt – Sintech,75,over70_with_suffix
https://sintech.vn/products/phan-mem-microsoft-windows-server-standard-2016-64bit-english-1pk-dsp-oei-dvd-16-core-p73-07113,Windows Server Standard 2016 16 Core cho máy chủ giá tốt – Sintech,76,over70_with_suffix
https://sintech.vn/products/phan-mem-microsoft-office-professtional-plus-2021,Phần mềm Microsoft Office Professtional Plus 2021 giá tốt – Sintech,77,over70_with_suffix
https://sintech.vn/products/microsoft-windows-server-standard-2025-64bit-english-1pk-dsp-oei-dvd-16-core,Windows Server Standard 2025 16 core cho server chính hãng – Sintech,78,over70_with_suffix
https://sintech.vn/products/microsoft-windows-server-standard-2025-64bit-english-1pk-dsp-oei-dvd-24-core,Windows Server Standard 2025 64Bit 24core chính hãng – Sintech,72,over70_with_suffix
https://sintech.vn/products/microsoft-office-home-amp-business-2024-english-apac-em-medialess,Office Home & Business 2024 English APAC bản quyền chính hãng – Sintech,81,over70_with_suffix
https://sintech.vn/products/windows-server-standard-2022-64bit-english-1pk-dsp-oei-dvd-16-core-p73-08328,Windows Server Standard 2022 16 Core cho doanh nghiệp giá tốt – Sintech,81,over70_with_suffix
https://sintech.vn/products/phan-mem-kaspersky-small-office-security-1-server-5pc-1-nam,Kaspersky Small Office Security 1 Server+5PC 1 năm chính hãng – Sintech,81,over70_with_suffix
https://sintech.vn/products/phan-mem-microsoft-windows-server-standard-2019-64bit-english-1pk-dsp-oei-dvd-16-core-p73-07788,Windows Server Standard 2019 16 Core chính hãng cho server – Sintech,78,over70_with_suffix
https://sintech.vn/products/phan-mem-microsoft-office-home-and-business-2019-english-apac-em-medialess-nbsp-p6-t5d-03302,Microsoft Office Home and Business 2019 chính hãng giá tốt – Sintech,78,over70_with_suffix
https://sintech.vn/products/phan-mem-autodesk-autocad-lt-2027-commercial-new-single-user-eld-annual-subscription-057s1-ww6525-l347n,AutoCAD LT 2027 Commercial Single-user thuê bao 1 năm giá tốt – Sintech,81,over70_with_suffix
https://sintech.vn/products/phan-mem-microsoft-visio-std-2024-all-lng-retail-online-esd-ep2-07167,Microsoft Visio Standard 2024 All Language chính hãng – Sintech,73,over70_with_suffix
https://sintech.vn/products/phan-mem-autocad-including-specialized-toolsets-ad-commercial-new-single-user-eld-annual-subscription,Phần mềm AutoCAD including specialized toolsets AD… – Sintech,71,over70_with_suffix
https://sintech.vn/products/phan-mem-microsoft-windows-11-pro-fpp-64-bit-usb,Windows 11 Pro FPP 64-bit USB bản quyền chính hãng giá tốt – Sintech,78,over70_with_suffix
https://sintech.vn/products/phan-mem-microsoft-office-365-personal-subscr-pk-lic-1yr-online-apac-em-esd,Microsoft Office 365 Personal 1YR Online ESD bản quyền – Sintech,74,over70_with_suffix
https://sintech.vn/products/phan-mem-microsoft-office-365-family-subscr-pk-lic-1yr-online-apac-em-esd,Office 365 Family bản quyền 1 năm online ESD chính hãng – Sintech,75,over70_with_suffix
https://sintech.vn/products/phan-mem-microsoft-office-home-amp-business-2024-all-lng-apac-em-retail-online-esd,Office Home & Business 2024 bản quyền Retail Online ESD – Sintech,75,over70_with_suffix
https://sintech.vn/products/phan-mem-microsoft-office-365-family-english-apac-subscr-1yr-medialess-ep2-36878,Microsoft Office 365 Family 1 năm Medialess chính hãng – Sintech,74,over70_with_suffix
https://sintech.vn/products/phan-mem-microsoft-office-365-business-std-retail-all-lng-apac-em-subpkl-1yr-onln-dwnld-nr-klq-00209,Microsoft Office 365 Business Std 1YR cho doanh nghiệp – Sintech,74,over70_with_suffix
https://sintech.vn/products/phan-mem-microsoft-office-365-personal-english-apac-subscr-1yr-medialess-ep2-32409,Office 365 Personal English APAC 1 năm Medialess chính hãng – Sintech,79,over70_with_suffix
https://sintech.vn/products/phan-mem-windows-11-pro-64-bit-all-lng-pk-lic-online-dwnld-nr,Windows 11 Pro 64-bit bản quyền - tải online chính hãng – Sintech,75,over70_with_suffix
https://sintech.vn/products/phan-mem-windows-10-home-64bit-1pk-dsp-oei-dvd-kw9-00139,Windows 10 Home 64bit KW9-00139 cho PC cá nhân chính hãng – Sintech,77,over70_with_suffix
https://sintech.vn/products/phan-mem-windows-11-home-64-bit-eng-intl-usb-haj-00090,Windows 11 Home 64-bit USB HAJ-00090 chính hãng giá tốt – Sintech,75,over70_with_suffix
https://sintech.vn/products/phan-mem-windows-pro-11-x64-eng-intl-1pk-dsp-oei-dvd-fqc-10528,Windows Pro 11 x64 Eng Intl 1pk DSP OEI DVD chính hãng – Sintech,74,over70_with_suffix
https://sintech.vn/products/vo-case-xigmatek-cloud-m-dgt-arctic-m-atx-trang,Vỏ case XIGMATEK Cloud M DGT Arctic M-ATX white chính hãng – Sintech,78,over70_with_suffix
https://sintech.vn/products/tai-nghe-machenike-th60-tws-bluetooth-earphones-trang,Tai nghe Machenike TH60 TWS Bluetooth trắng nhỏ gọn giá tốt – Sintech,79,over70_with_suffix
https://sintech.vn/products/mainboard-darkflash-h5m10-v4m-ddr4,"Mainboard Darkflash H5M10-V4M DDR4 chính hãng, giá tốt – Sintech",74,over70_with_suffix
https://sintech.vn/products/o-cung-hdd-seagate-barracuda-2-tb-sata-iii-3-5-st2000dm008,Ổ cứng Seagate BarraCuda 2TB 7200rpm - ST2000DM008 giá tốt – Sintech,78,over70_with_suffix
https://sintech.vn/products/nguon-may-tinh-aigo-vk350-350w-den,"Nguồn máy tính AIGO VK350 350W, giá rẻ, gọn cho PC phổ thông – Sintech",80,over70_with_suffix
https://sintech.vn/products/nguon-may-tinh-aigo-bronze-gb750-750w-black,Nguồn máy tính AIGO GB750 750W giá tốt cho cấu hình mạnh – Sintech,76,over70_with_suffix
https://sintech.vn/products/card-ma-ng-comfast-cf-ax90,Card mạng COMFAST CF-AX90 WiFi 6 giá tốt cho PC gọn đẹp – Sintech,75,over70_with_suffix
https://sintech.vn/products/cap-chuyen-doi-mini-dp-sang-dp-v-z610,"Cáp Mini DP sang DP V-Z610, 2K-4K 60Hz cho PC, laptop – Sintech",73,over70_with_suffix
https://sintech.vn/products/hub-type-c-lblink-bl-ch440,"Bộ chuyển-Hub LBLINK BL-CH440, thêm 4 cổng USB dễ dàng – Sintech",74,over70_with_suffix
https://sintech.vn/products/vo-case-darkflash-dy460-black-mid-tower-atx,"Vỏ case Darkflash DY460 Black ATX, 3 mặt kính, build gọn đẹp – Sintech",80,over70_with_suffix
https://sintech.vn/products/chuot-gaming-tri-mode-ldon-v3-pro-trang-co-dock-sac-di-kem,"Chuột gaming LDON V3 Pro Tri-mode trắng kèm dock sạc, giá rẻ – Sintech",80,over70_with_suffix
https://sintech.vn/products/vo-case-darkflash-dy460-black-mid-tower-atx-1,Vỏ case Darkflash DY460 mid tower ATX Trắng chính hãng – Sintech,74,over70_with_suffix
https://sintech.vn/products/man-hinh-gaming-edra-egm27q144pvs-27-inch-2k-144hz,Màn hình Gaming EDRA EGM27Q144PVS 27 inch 2K 144Hz giá tốt – Sintech,78,over70_with_suffix
https://sintech.vn/products/lenovo-loq-15ahp10-83jg007lrk-r7-250-16gb-512gb-pcie-vga-8gb-rtx5060-15-6-fhd-144hz-win11,Laptop Lenovo LOQ 15AHP10-83JG007LRK(R7-250|16|512|RTX 5060) – Sintech,80,over70_with_suffix
https://sintech.vn/products/bo-ban-phim-chuot-co-led-km-01l-black-1,Bộ bàn phím chuột LED KM-01L White cho setup trắng giá tốt – Sintech,78,over70_with_suffix
https://sintech.vn/products/vo-case-cooler-plus-x3-lancer-san-3-fan-black,Vỏ Case Cooler Plus X3 Lancer(Sẵn 3 Fan) Black chính hãng – Sintech,77,over70_with_suffix
https://sintech.vn/products/cpu-intel-core-i9-13900f-36m-cache-up-to-5-50ghz-24c32t-socket-1700,CPU Intel Core i9-13900F 24C32T 5.50GHz Socket 1700 giá tốt – Sintech,79,over70_with_suffix
https://sintech.vn/products/tan-nhiet-khi-cpu-jonsbo-cr-3000e-argb-black,"Tản nhiệt khí Jonsbo CR-3000E ARGB Black, đổi màu đẹp, giá rẻ – Sintech",81,over70_with_suffix
https://sintech.vn/products/chuot-gaming-tri-mode-ldon-v3-pro-co-dock-sac-di-kem,Chuột gaming LDON V3 Pro Tri-mode trắng kèm dock sạc giá tốt – Sintech,80,over70_with_suffix
https://sintech.vn/products/cap-chuyen-doi-display-port-sang-hdmi-4k-v-z604,Cáp DisplayPort sang HDMI VegGieg V-Z604 4K 1.5m bền bỉ – Sintech,75,over70_with_suffix
https://sintech.vn/products/man-hinh-phu-jonsbo-ds339-black,Màn hình phụ JONSBO DS339 Black 3.39 inch IPS cho PC – Sintech,72,over70_with_suffix
https://sintech.vn/products/nguon-may-tinh-vsp-delta-p350w-new,"Nguồn máy tính VSP Delta P350W New chính hãng, giá tốt – Sintech",74,over70_with_suffix
https://sintech.vn/products/man-hinh-phu-jonsbo-ds916-black,Màn hình phụ JONSBO DS916 Black 9.16 inch IPS giá tốt – Sintech,73,over70_with_suffix
https://sintech.vn/products/man-hinh-phu-jonsbo-ds339-white,Màn hình phụ JONSBO DS339 White 3.39 inch IPS chính hãng – Sintech,76,over70_with_suffix
https://sintech.vn/products/may-in-laser-don-nang-pantum-bp2310-den-trang,Máy In Laser Pantum BP2310W Đen Trắng chính hãng giá tốt – Sintech,76,over70_with_suffix
https://sintech.vn/products/chuot-gaming-darkflash-dk104-co-day,Chuột Gaming DarkFlash DK104 Có Dây RGB 6 Nút 3600 CPI – Sintech,74,over70_with_suffix
https://sintech.vn/products/laptop-lenovo-v15-g5-irl-83hf00brva-15-6-inch-fhd-8-512gb,Laptop Lenovo V15 G5 IRL (i5-13420H | 8GB | 512GB) giá tốt – Sintech,78,over70_with_suffix
https://sintech.vn/products/ban-phim-co-darkflash-dk104-co-day,Bàn Phím Cơ DarkFlash DK104 có dây RGB Blue switch giá tốt – Sintech,78,over70_with_suffix
https://sintech.vn/products/cpu-intel-core-i5-14400-4-7-ghz-10-nhan-16-luong,CPU Intel Core i5 14400 10 nhân cho PC gaming chính hãng – Sintech,76,over70_with_suffix
https://sintech.vn/products/card-man-hinh-simorchip-rtx-3050-6gb-ddr6,Card màn hình Simorchip RTX 3050 6GB GDDR6 chính hãng – Sintech,73,over70_with_suffix
https://sintech.vn/products/bo-nguon-ocypus-beta-p3550s-350w,Nguồn Ocypus Beta P3550S 250W chính hãng cho PC phổ thông – Sintech,77,over70_with_suffix
https://sintech.vn/products/cpu-intel-core-i5-14400-4-7-ghz-10-nhan-16-luong-tray,CPU Intel Core i5 14400 10 nhân cho PC gaming 2K giá tốt – Sintech,76,over70_with_suffix
https://sintech.vn/products/o-cung-ssd-lexar-lnq100x-256gb,SSD Lexar LNQ100X 256GB SATA3 2.5 inch cho PC laptop giá tốt – Sintech,80,over70_with_suffix
https://sintech.vn/products/gia-do-laptop-16-nhom-aa,Giá đỡ Laptop 16' nhôm AA chính hãng cho bàn làm việc gọn – Sintech,77,over70_with_suffix
https://sintech.vn/products/dau-chuyen-doi-dvi-ra-hdtv-veggeig-v-s107,Đầu chuyển đổi DVI 24+1 sang HDMI VegGeig V-S107 giá tốt – Sintech,76,over70_with_suffix
https://sintech.vn/products/bo-phat-router-wifi-6-mesh-ruijie-rg-ew3200gx-pro,Router Wifi 6 Mesh Ruijie RG-EW3200GX PRO 3200Mbps 8 anten – Sintech,78,over70_with_suffix
https://sintech.vn/products/o-cung-ssd-cusu-pcie-3x4-m2-2280-nvme-512gb,SSD CUSU PCIe 3x4 M2 2280 NVMe 512GB nâng cấp chính hãng – Sintech,76,over70_with_suffix
https://sintech.vn/products/ram-teamgroup-t-force-vulcan-z-8gb-ddr4-3200mhz-cl16,Ram TeamGroup T-Force Vulcan Z 8GB DDR4 3200MHz CL16 cho PC – Sintech,79,over70_with_suffix
https://sintech.vn/products/mainboard-intel-greatwall-h610m-a-ddr4,Mainboard GreatWall H610M-A DDR4 LGA1700 m-ATX chính hãng – Sintech,77,over70_with_suffix
https://sintech.vn/products/mainboard-intel-greatwall-b760m-g-ddr4,Mainboard GreatWall B760M-G DDR4 LGA1700 giá tốt chính hãng – Sintech,79,over70_with_suffix
https://sintech.vn/products/cpu-intel-core-i5-12400f-4-4ghz-6-nhan-12-luong-tray,CPU Intel Core i5 12400F 6 nhân 12 luồng 4.4GHz Tray giá tốt – Sintech,80,over70_with_suffix
https://sintech.vn/products/chuot-quang-co-day-lecoo-ms101,"Chuột quang có dây LECOO MS101 giá rẻ, gọn cho văn phòng – Sintech",76,over70_with_suffix
https://sintech.vn/products/ram-laptop-16gb-bus-5600mhz-ddr5,RAM Laptop 16GB DDR5 Bus 5600MHz nâng cấp tốc độ giá tốt – Sintech,76,over70_with_suffix
https://sintech.vn/products/ram-laptop-8gb-bus-5600mhz-ddr5,"RAM Laptop DDR5 8GB Bus 5600MHz nâng cấp tốc độ, chính hãng – Sintech",79,over70_with_suffix
https://sintech.vn/products/ram-laptop-2gb-pc3-ddr3,"RAM Laptop 2GB DDR3 PC3 nâng cấp tốc độ máy, chính hãng – Sintech",75,over70_with_suffix
https://sintech.vn/products/ram-laptop-16gb-bus-2400mhz-ddr4,RAM Laptop 16GB Bus 2400MHz DDR4 nâng cấp máy chính hãng – Sintech,76,over70_with_suffix
https://sintech.vn/products/ram-laptop-4gb-pc3l-ddr3,RAM Laptop 4GB PC3L DDR3 nâng cấp tiết kiệm giá tốt – Sintech,71,over70_with_suffix
https://sintech.vn/products/man-hinh-van-phong-msi-pro-mp275-e14l-27-inch-fhd-ips-144hz-1ms-co-loa,Màn hình văn phòng MSI Pro MP275 E14L 27 inch FHD 144Hz – Sintech,75,over70_with_suffix
https://sintech.vn/products/ram-laptop-32gb-bus-3200mhz-ddr4,RAM Laptop 32GB DDR4 3200MHz nâng cấp máy nhanh giá tốt – Sintech,75,over70_with_suffix
https://sintech.vn/products/fan-case-jonsbo-za-240wr-led-argb-infinity-trang,Fan Case JONSBO ZA-240WR ARGB Infinity Trắng 700-2400 RPM – Sintech,77,over70_with_suffix
https://sintech.vn/products/day-nguon-laptop,Dây nguồn laptop chuẩn 220V hợp mọi adapter sạc phổ biến – Sintech,76,over70_with_suffix
https://sintech.vn/products/fan-case-jonsbo-za-240br-led-argb-infinity-den,Fan Case JONSBO ZA-240BR ARGB làm mát PC giá tốt chính hãng – Sintech,79,over70_with_suffix
https://sintech.vn/products/o-cung-ssd-xstar-512g-sata-iii,Ổ Cứng SSD XSTAR 512G SATA III 2.5 inch giá tốt chính hãng – Sintech,78,over70_with_suffix
https://sintech.vn/products/bo-phat-wifi-di-dong-4g-tp-link-m7350,TP-Link M7350 phát Wifi 4G di động cho công việc giá tốt – Sintech,76,over70_with_suffix
https://sintech.vn/products/tan-nhiet-khi-centaur-ct-air08-den,Tản nhiệt khí Centaur CT-Air08 Đen 120mm Soft LED giá tốt – Sintech,77,over70_with_suffix
https://sintech.vn/products/usb-thu-wifi-comfast-cf-812ac-1300mbps-2-4ghz-5ghz-chinh-hang,USB WiFi Comfast CF-812AC 1300Mbps cho PC laptop giá tốt – Sintech,76,over70_with_suffix
https://sintech.vn/products/card-mang-mercusys-ax3000-wifi-6-ma80xe-bluetooth-5-3,Card mạng Mercusys MA80XE Wifi 6 cho PC giá tốt chính hãng – Sintech,78,over70_with_suffix
https://sintech.vn/products/o-cung-ssd-patriot-p220-256gb-sata-iii-2-5-inch-p220s256g25,SSD Patriot P220 256GB SATA III 2.5 inch giá tốt chính hãng – Sintech,79,over70_with_suffix
https://sintech.vn/products/ram-agi-ud138-16gb-ddr4-3200mhz-with-heatsink-agi320a16ud138-st,Ram Agi UD138 16GB DDR4 3200Mhz tản nhiệt cho PC giá tốt – Sintech,76,over70_with_suffix
https://sintech.vn/products/nguon-mik-c550b-550w-80-plus,"Nguồn MIK C550B 550W 80 Plus cho PC phổ thông, giá tốt – Sintech",74,over70_with_suffix
https://sintech.vn/products/laptop-dell-vostro-15-3530-intel-core-i7-1355u-8gb-512gb-15-6-inch-fhd-win-11-office-den,Laptop Dell Vostro 15 3530 (i7 | 8GB | 512GB) chính hãng – Sintech,76,over70_with_suffix
https://sintech.vn/products/o-cung-ssd-patriot-p210-1tb-2-5-sata3-p210s1tb25,"SSD PATRIOT P210 1TB 2.5"" SATA3 nâng cấp PC/laptop giá tốt – Sintech",78,over70_with_suffix
https://sintech.vn/products/nguon-jetek-350-elite-v2-350w,Nguồn Jetek 350 Elite V2 350W cho PC văn phòng giá tốt – Sintech,74,over70_with_suffix
https://sintech.vn/products/laptop-dell-vostro-15-3530-intel-core-i7-1355u-16gb-512gb-15-6-inch-fhd-win-11-office-den,Laptop Dell Vostro 15 3530 (i7-1355U | 16GB | 512GB) giá tốt – Sintech,80,over70_with_suffix
https://sintech.vn/products/ban-phim-mechanics-darkflash-g87,Bàn phím cơ Darkflash G87 Blue Switch 98 phím chính hãng – Sintech,76,over70_with_suffix
https://sintech.vn/products/ban-phim-mechanics-darkflash-dk100,Bàn phím cơ Darkflash DK100 Blue Switch 104 phím chính hãng – Sintech,79,over70_with_suffix
https://sintech.vn/products/hub-usb-4port-3-0-nhom-bac,Hub USB BAMBA 4 port 3.0 nhôm bạc truyền dữ liệu nhanh – Sintech,74,over70_with_suffix
https://sintech.vn/products/hop-dung-ssd-bamba-b9-m2-ngff-m2-nvme-usb-3-1-mau-xam,Hộp SSD Bamba B9 M2 NGFF/NVMe USB 3.1 giá tốt chính hãng – Sintech,76,over70_with_suffix
https://sintech.vn/products/bo-chuyen-doi-hdmi-khong-day-m9,Bộ chuyển đổi HDMI không dây M9 cho trình chiếu gọn – Sintech,71,over70_with_suffix
https://sintech.vn/products/ban-phim-gaming-3-mode-aula-s99-pro,Bàn phím AULA S99 PRO 3 mode 99 phím giá tốt chính hãng – Sintech,75,over70_with_suffix
https://sintech.vn/products/cap-usb-c-apple-magsafe-3,Cáp sạc USB c sang MagSafe 3 cho MacBook Air Pro mới – Sintech,72,over70_with_suffix
https://sintech.vn/products/vo-case-magic-m-07-matx-mid-tower,"Case Magic M-07 mATX Mid Tower đen, main M-ATX | mini-ITX – Sintech",77,over70_with_suffix
https://sintech.vn/products/ban-phim-co-aula-f75-4883-ban-phim-co-gaming-co-day-xanh-duong-trang-tim-dam-pink-switch,Bàn phím cơ AULA F75 4883 Pink switch 80 phím LED rainbow – Sintech,77,over70_with_suffix
https://sintech.vn/products/man-hinh-vsp-ip2407s-24inch-ips-fhd-120hz-1ms-den,Màn hình VSP IP2407S 24 inch IPS FHD 120Hz giá tốt chính hãng – Sintech,81,over70_with_suffix
https://sintech.vn/products/man-hinh-msi-pro-mp251-e14l-25-inch-ips-fhd-1ms-144hz-phang,Màn hình MSI PRO MP251 E14L 24.5 inch IPS 144Hz 1ms giá tốt – Sintech,79,over70_with_suffix
https://sintech.vn/products/man-hinh-viewsonic-va2214-h-21-5-inch-ips-fhd-100hz-4ms,Màn Hình ViewSonic VA2214-H 21.5 inch IPS FHD 100Hz giá tốt – Sintech,79,over70_with_suffix
https://sintech.vn/products/ban-phim-co-aula-f75-4890-co-day-phien-ban-den-xanh-dam-cam-pink-switch,Bàn phím cơ AULA F75 4890 có dây Pink switch LED giá tốt – Sintech,76,over70_with_suffix
https://sintech.vn/products/o-cung-ssd-samsung-990-evo-plus-1tb-m-2-nvme-m-2-2280-pcie-gen4-0-x4-5-0-x2-mz-v9s1t0bw,SSD Samsung 990 EVO Plus 1TB M.2 NVMe tốc độ cao giá tốt – Sintech,76,over70_with_suffix
https://sintech.vn/products/laptop-dell-15-dc15250-cph99-intel-core-i5-1334u-8gb-512gb-15-6-inch-fhd-120hz-win-11-office,Laptop Dell 15 DC15250 (i5-1334U | 8GB | 512GB) giá tốt – Sintech,75,over70_with_suffix
https://sintech.vn/products/bo-phat-router-tp-link-tl-mr6400-khong-day-chuan-n-toc-do-300mbps-4g-lte,Router TP-Link TL-MR6400 4G LTE 300Mbps giá tốt chính hãng – Sintech,78,over70_with_suffix
https://sintech.vn/products/mainboard-asus-rog-strix-b860-f-gaming-wifi-ddr5-thunderbolt4-bluetooth,Mainboard Asus ROG STRIX B860-F DDR5 cho PC gaming giá tốt – Sintech,78,over70_with_suffix
https://sintech.vn/products/man-hinh-vsp-ip2408sg-24inch-fhd-ips-120hz-1ms-freesync-adaptivesync-den,Màn Hình VSP IP2408SG 24 inch FHD IPS 120Hz 1ms giá tốt – Sintech,75,over70_with_suffix
https://sintech.vn/products/mainboard-gigabyte-b860m-ds3h-ddr5,Mainboard Gigabyte B860M DS3H DDR5 cho PC Intel giá tốt – Sintech,75,over70_with_suffix
https://sintech.vn/products/mainboard-asus-prime-b860m-a-wifi-csm-ddr5,Mainboard Asus PRIME B860M-A WIFI-CSM DDR5 cho PC giá tốt – Sintech,77,over70_with_suffix
https://sintech.vn/products/mainboard-gigabyte-h810m-k-ddr5,Mainboard Gigabyte H810M-K DDR5 LGA1851 Micro-ATX giá tốt – Sintech,77,over70_with_suffix
https://sintech.vn/products/mainboard-asus-rog-strix-b860-a-wifi-ddr5,Mainboard ASUS ROG Strix B860-A Wifi DDR5 cho PC trắng – Sintech,74,over70_with_suffix
https://sintech.vn/products/mainboard-gigabyte-b860m-eagle-wifi6-v2-ddr5,Mainboard Gigabyte B860M EAGLE WIFI6 V2 DDR5 PCIe 5.0 giá tốt – Sintech,81,over70_with_suffix
https://sintech.vn/products/mainboard-asrock-b860m-steel-legend-wifi-ddr5,Mainboard ASRock B860M Steel Legend WiFi DDR5 chính hãng – Sintech,76,over70_with_suffix
https://sintech.vn/products/mainboard-asus-b860m-k-csm-ddr5,Mainboard Asus PRIME B860M-K-CSM DDR5 build PC Intel giá tốt – Sintech,80,over70_with_suffix
https://sintech.vn/products/nguon-1stplayer-ack-gld-850-850w-den-80-plus-gold,Nguồn 1STPLAYER ACK-GLD-850 850W 80 Plus Gold chính hãng – Sintech,76,over70_with_suffix
https://sintech.vn/products/nguon-1stplayer-ack-brz-850-850w-den-80-plus-bronze,Nguồn 1STPLAYER ACK-BRZ-850 850W 80 Plus Bronze giá tốt – Sintech,75,over70_with_suffix
https://sintech.vn/products/o-cung-ssd-gigabyte-aorus-2tb-pcie-gen4-x4-nvme-m-2-2280-gp-asm2ne6200tttd,SSD Gigabyte AORUS 2TB Gen4 NVMe cho PC gaming giá tốt – Sintech,74,over70_with_suffix
https://sintech.vn/products/card-man-hinh-colorful-geforce-rtx-5060-gaming-duo-8gb-v-8gb-gddr7,Card Colorful RTX 5060 Gaming DUO 8GB-V chính hãng giá tốt – Sintech,78,over70_with_suffix
https://sintech.vn/products/ram-adata-xpg-spectrix-d41-rgb-16gb-ddr4-3200mhz-xam,RAM ADATA Spectrix D41 RGB 16GB Bus 3200MHz cho gaming – Sintech,74,over70_with_suffix
https://sintech.vn/products/ban-phim-co-gaming-aula-s100-pro-3411-3-mode-phien-ban-den-xam-cam-red-switch,Bàn phím cơ AULA S100 PRO Red Switch 99 phím 3 mode giá tốt – Sintech,79,over70_with_suffix
https://sintech.vn/products/usb-2-0-32g-teamgroup-c141-chinh-hang,USB 2.0 32G TEAMGROUP C141 chính hãng giá tốt nhỏ gọn – Sintech,73,over70_with_suffix
https://sintech.vn/products/card-man-hinh-nvidia-geforce-rtx-5060-inno3d-twin-x2-8gb-gddr7,RTX 5060 INNO3D TWIN X2 8GB GDDR7 cho PC gaming giá tốt – Sintech,75,over70_with_suffix
https://sintech.vn/products/lot-chuot-phim-tat-van-phong-size-30-25cm-ban-di-chuot-nho,Lót chuột phím tắt văn phòng size 30x25cm bàn di nhỏ gọn – Sintech,76,over70_with_suffix
https://sintech.vn/products/usb-3-2-kingston-datatraveler-exodia-dtx-128gb,USB 3.2 Kingston DataTraveler Exodia DTX 128GB giá tốt – Sintech,74,over70_with_suffix
https://sintech.vn/products/ram-greatwall-8gb-ddr4-3200mhz-gcpc8gd43200t,Ram Greatwall 8GB DDR4 3200MHz cho PC giá tốt chính hãng – Sintech,76,over70_with_suffix
https://sintech.vn/products/cap-chuyen-dp-displayport-sang-hdmi-dai-1-5m-ho-tro-4k,Cáp DISPLAYPORT sang HDMI 4K dài 1.8M Plug-And-Play – Sintech,71,over70_with_suffix
https://sintech.vn/products/usb-kingston-datatraveler-64gb-usb-3-2-exodia-dtx-64gb,Usb Kingston DataTraveler 64GB USB 3.2 Exodia chính hãng – Sintech,76,over70_with_suffix
https://sintech.vn/products/box-doc-o-cung-m-2-ssd-orico-m2pf-c3-bk-toc-do-5gbps,Box đọc ổ cứng M.2 SSD ORICO M2PF-C3-BK 5Gbps chính hãng – Sintech,76,over70_with_suffix
https://sintech.vn/products/may-bo-rosa-office-premium-amd-ryzen-3-pro-4350g-8g-256g,Máy bộ Rosa Office Premium Ryzen 3 Pro giá tốt chính hãng – Sintech,77,over70_with_suffix
https://sintech.vn/products/may-bo-rosa-office-amd-ryzen-3-3200g-8g-256g,Máy bộ Rosa Office I (Ryzen 3 3200G | 8GB | 256GB) giá tốt – Sintech,78,over70_with_suffix
https://sintech.vn/products/may-bo-rosa-office-center-amd-ryzen-5-pro-4650g-8g-256g,Máy bộ Rosa Office Center AMD Ryzen 5 PRO 4650G giá tốt – Sintech,75,over70_with_suffix
https://sintech.vn/products/cpu-amd-ryzen-9-9800x3d-4-7ghz-boost-5-2ghz-8-nhan-16-luong,CPU AMD Ryzen 7 9800X3D 8 nhân 16 luồng Zen 5 chính hãng – Sintech,76,over70_with_suffix
https://sintech.vn/products/ram-kingbank-16gb-ddr4-3200mhz-black-tan-nhiet,RAM Kingbank 16GB DDR4 3200MHz đen tản nhiệt cho PC mới – Sintech,75,over70_with_suffix
https://sintech.vn/products/ram-greatwall-16gb-ddr4-3200mhz-gcpc16gd43200t,Ram Greatwall 16GB DDR4 3200MHz cho PC nâng cấp giá tốt – Sintech,75,over70_with_suffix
https://sintech.vn/products/man-hinh-yunsi-y270gw2k-27-inch-qhd-100hz-1ms-trang,Màn hình YUNSI Y270GW2K 27 inch QHD cho setup PC giá tốt – Sintech,76,over70_with_suffix
https://sintech.vn/products/nguon-may-tinh-darkflash-pmt-750w-gold-atx-3-1-pcie-5-1-80-plus-gold-full-modular-den,Nguồn máy tính DarkFlash PMT 750W 80 Plus Gold modular đen – Sintech,78,over70_with_suffix
https://sintech.vn/products/card-man-hinh-msi-rtx-5070-12gb-ventus-2x-oc,"MSI RTX 5070 12GB VENTUS 2X OC - GDDR7 192-bit, giá tốt – Sintech",75,over70_with_suffix
https://sintech.vn/products/nguon-may-tinh-darkflash-pmt-850w-gold-atx-3-1-pcie-5-1-80-plus-gold-full-modular-trang,PSU DarkFlash PMT 850W ATX 3.1 PCIe 5.1 80 Plus Gold trắng – Sintech,78,over70_with_suffix
https://sintech.vn/products/nguon-darkflash-emt-650w-80-plus-bronze-non-modular-atx,Nguồn DarkFlash EMT 650W 80 Plus Bronze ATX PC giá tốt – Sintech,74,over70_with_suffix
https://sintech.vn/products/tan-nhiet-khi-jonsbo-ca80-black-led-argb,Tản khí JONSBO CA80 BLACK ARGB 260W 6 ống đồng chính hãng – Sintech,77,over70_with_suffix
https://sintech.vn/products/tan-nhiet-khi-jonsbo-cb40-black-led-argb,Tản nhiệt khí JONSBO CB40 BLACK ARGB cho PC chính hãng – Sintech,74,over70_with_suffix
https://sintech.vn/products/nguon-may-tinh-darkflash-pmt-850w-gold-atx-3-1-pcie-5-1-80-plus-gold-full-modular-den,Nguồn DarkFlash PMT 850W 80 Plus Gold ATX 3.1 Full-Modular – Sintech,78,over70_with_suffix
https://sintech.vn/products/ban-phim-co-gaming-aula-f87-pro-v2-2667-3-mode-phien-ban-mau-orange-juice-meteor-ice-cream-switch,Bàn phím cơ AULA F87 Pro V2 3 Mode TKL giá tốt chính hãng – Sintech,77,over70_with_suffix
https://sintech.vn/products/nguon-darkflash-emt-750w-80-plus-bronze-non-modular-atx,Nguồn DarkFlash EMT 750W Bronze cho máy PC gaming giá tốt – Sintech,77,over70_with_suffix
https://sintech.vn/products/tan-nhiet-khi-jonsbo-cr-1400-dv2-den,Tản nhiệt khí JONSBO CR-1400 DV2 Đen cho PC ARGB giá tốt – Sintech,76,over70_with_suffix
https://sintech.vn/products/tan-nhiet-khi-jonsbo-ca90-black-led-argb,Tản nhiệt khí JONSBO CA90 Black ARGB tháp đôi 270W TDP – Sintech,74,over70_with_suffix
https://sintech.vn/products/aula-f87-pro-v2-2605-ban-phim-co-gaming-aula-f87-pro-v2-2605-3-mode-phien-ban-mau-trang-contour-star-vector-switch,AULA F87 Pro V2 2605 3 Mode cho setup PC trắng giá tốt – Sintech,74,over70_with_suffix
https://sintech.vn/products/nguon-may-tinh-darkflash-pmt-750w-gold-atx-3-1-pcie-5-1-80-plus-gold-full-modular,Nguồn máy tính DarkFlash PMT 750W 80 Plus Gold trắng modular – Sintech,80,over70_with_suffix
https://sintech.vn/products/tan-nhiet-khi-jonsbo-cr-1400-dv2-trang,Tản Nhiệt Khí Jonsbo CR-1400 DV2 Trắng ARGB cho PC giá tốt – Sintech,78,over70_with_suffix
https://sintech.vn/products/ban-phim-co-gaming-aula-f87-pro-v2-2612-3-mode-phien-ban-xanh-duong-trang-tim-dam-star-vector-switch,Bàn Phím Cơ AULA F87 Pro V2 3 Mode TKL Hot-swap giá tốt – Sintech,75,over70_with_suffix
https://sintech.vn/products/ban-phim-co-gaming-aula-f87-pro-v2-2643-3-mode-phien-ban-den-hong-gradient-x3-switch,Bàn Phím Cơ AULA F87 Pro V2 3 Mode 87 Phím X3 Switch giá tốt – Sintech,80,over70_with_suffix
https://sintech.vn/products/man-hinh-msi-pro-mp273w-e14a-27-inch-ips-fhd-144hz-1ms,Màn hình MSI PRO MP273W E14A 27 inch FHD 144Hz giá tốt – Sintech,74,over70_with_suffix
https://sintech.vn/products/card-man-hinh-asus-prime-geforce-rtx-5060-ti-16gb-gddr7-oc-edition,Card màn hình ASUS PRIME RTX 5060 Ti 16GB GDDR7 OC chính hãng – Sintech,81,over70_with_suffix
https://sintech.vn/products/ban-phim-co-gaming-aula-f87-pro-v2-2629-3-mode-phien-ban-xam-den-gradient-grey-wood-v4-switch,"Bàn phím cơ AULA F87 Pro V2 3 Mode gọn cho gaming, giá tốt – Sintech",78,over70_with_suffix
https://sintech.vn/products/man-hinh-gaming-e-dra-egm34q240pr-34-inch-wqhd-240hz,Màn hình E-DRA EGM34Q240PR 34 inch WQHD 240Hz chính hãng – Sintech,76,over70_with_suffix
https://sintech.vn/products/man-hinh-gaming-e-dra-egm27q200-27-inch-2k-200hz,Màn hình E-DRA EGM27Q200 27 inch 2K 200Hz giá tốt chính hãng – Sintech,80,over70_with_suffix
https://sintech.vn/products/man-hinh-gaming-e-dra-egm27u60p-27-inch-4k-60hz,Màn hình Gaming E-DRA EGM27U60P 27 inch 4K 60Hz giá tốt – Sintech,75,over70_with_suffix
https://sintech.vn/products/man-hinh-gaming-e-dra-egm27q165r-27-inch-2k-165hz,Màn hình E-DRA EGM27Q165R 27 inch 2K 165Hz IPS giá tốt – Sintech,74,over70_with_suffix
https://sintech.vn/products/day-chuyen-usb-ra-am-thanh-5h-7-1-cao-cap-h,Dây chuyển USB ra âm thanh 5H 7.1 cho PC laptop giá tốt – Sintech,75,over70_with_suffix
https://sintech.vn/products/adapter-5v-2a-chui-nho-dung-cho-camera-ip-box-android-swicth-3-5-2-1mm,"Adapter 5V-2A chui nhỏ cho camera IP, box android giá tốt – Sintech",77,over70_with_suffix
https://sintech.vn/products/cap-chuyen-minidisplayport-to-hdmi-m-pard-md003-minidisplayport-duc-sang-hdmi-cai,"Cáp MiniDisplayPort to HDMI M-PARD MD003 chính hãng, giá tốt – Sintech",80,over70_with_suffix
https://sintech.vn/products/man-hinh-gaming-edra-egm27f4pr-27-inch-fullhd-240hz,Màn hình Gaming EDRA EGM27F4PR 27 inch FullHD 240Hz IPS – Sintech,75,over70_with_suffix
https://sintech.vn/products/cap-may-in-usb-2-0-arigato-1-5m-mau-xam-chong-nhieu,Cáp máy in USB 2.0 Arigato 1.5M màu xám chống nhiễu giá tốt – Sintech,79,over70_with_suffix
https://sintech.vn/products/switch-tp-link-tl-sg1008d-8-port-gigabit,Switch TP-Link TL-SG1008D 8 Port Gigabit bảo hành chính hãng – Sintech,80,over70_with_suffix
https://sintech.vn/products/dau-ghi-hinh-ip-imou-nvr-n110w-8a0e-ho-tro-10-kenh-dpg-toi-8mp-tich-hop-mic-loa-o-cung-toi-16tb,Đầu ghi IP IMOU NVR-N110W-8A0E 10 kênh giá tốt chính hãng – Sintech,77,over70_with_suffix
https://sintech.vn/products/tay-cam-machenike-f1-tri-mode-white-co-day-2-4g-wireless-bluetooth-5-3,Tay cầm Machenike F1 Tri-mode White chơi game PC giá tốt – Sintech,76,over70_with_suffix
https://sintech.vn/products/man-hinh-dell-pro-plus-p2725h-27-inch-ips-fhd-100hz-5ms-usb-typec,Màn Hình Dell P2725H 27 inch IPS FHD 100Hz USB-C chính hãng – Sintech,79,over70_with_suffix
https://sintech.vn/products/ban-phim-co-gaming-aula-f99-pro-1660-co-num-xoay-mau-comic-star-vector-switch,Bàn Phím AULA F99 PRO Comic Núm Xoay Star Vector Switch – Sintech,75,over70_with_suffix
https://sintech.vn/products/man-hinh-dell-e2225hm-22-inch-va-fhd-100hz-5ms,Màn hình Dell E2225HM 22 inch FHD 100Hz giá tốt chính hãng – Sintech,78,over70_with_suffix
https://sintech.vn/products/ban-phim-co-gaming-aula-f99-pro-6678-3-mode-co-num-xoay-den-xam-xanh-la-greywood-v3-switch,"Bàn Phím Cơ AULA F99 PRO 6678 Đen Xám Xanh, Núm Xoay 99 Phím – Sintech",80,over70_with_suffix
https://sintech.vn/products/mainboard-asus-tuf-gaming-b850m-plus,Mainboard ASUS TUF B850M-PLUS AM5 DDR5 Ryzen chính hãng – Sintech,75,over70_with_suffix
https://sintech.vn/products/chuot-aula-gaming-sc560-3-mode-xanh-la,Chuột GAMING AULA SC560 Xanh lá 3 Mode cho Green Setup – Sintech,74,over70_with_suffix
https://sintech.vn/products/ban-phim-co-gaming-aula-f99-0621-3-mode-den-trang-xanh-duong-star-vector-switch,"Bàn phím cơ gaming AULA F99 3 mode, pin 8000mAh chính hãng – Sintech",78,over70_with_suffix
https://sintech.vn/products/chuot-aula-sc518-2-modes-led-rgb-trong-suot-den,Chuột gaming AULA SC518 2 Mode trong suốt trắng LED RGB đẹp – Sintech,79,over70_with_suffix
https://sintech.vn/products/o-cung-ssd-kioxia-exceria-plus-g3-2tb-nvme-gen-4x4-lsd10z002tg8,SSD Kioxia EXCERIA PLUS G3 2TB NVMe Gen4 cho PC giá tốt – Sintech,75,over70_with_suffix
https://sintech.vn/products/ban-phim-co-gaming-aula-s75-pro-2131-3-mode-phien-ban-mau-hong-gradient-grey-wood-v3-switch,Bàn phím cơ AULA S75 Pro 3 mode Hot-Swap RGB chính hãng – Sintech,75,over70_with_suffix
https://sintech.vn/products/ban-phim-co-gaming-aula-s75-pro-2155-3-mode-phien-ban-mau-xam-den-gradient-star-vector-switch,Bàn phím cơ Aula S75 Pro 3 Mode Star Vector chính hãng – Sintech,74,over70_with_suffix
https://sintech.vn/products/ban-phim-co-gaming-aula-s98-pro-1899-3-mode-phien-ban-xanh-duong-trang-tim-dam-star-vector-switch-pin-5000mah,Bàn phím cơ AULA S98 Pro 3 Mode cho setup gọn dây giá tốt – Sintech,77,over70_with_suffix
https://sintech.vn/products/o-cung-ssd-hiksemi-wave-pro-512gb-m-2-2280-pcie-3-0x4,SSD HIKSEMI WAVE PRO 512GB M.2 PCIe 3.0 giá tốt chính hãng – Sintech,78,over70_with_suffix
https://sintech.vn/products/mainboard-msi-b560m-msi-motar,Mainboard MSI B560M MORTAR DDR4 cho PC Intel chính hãng – Sintech,75,over70_with_suffix
https://sintech.vn/products/ram-geil-spear-v-16gb-buss-5200mhz-ddr5-den,RAM GEIL SPEAR V 16GB 5200MHz DDR5 đen cho PC gaming giá tốt – Sintech,80,over70_with_suffix
https://sintech.vn/products/bo-phat-router-wifi-6-tp-link-archer-ax12-bang-tan-kep-ax1500,Router WiFi 6 TP-Link Archer AX12 AX1500 giá tốt chính hãng – Sintech,79,over70_with_suffix
https://sintech.vn/products/box-ssd-m2-orico-m2pv-c3-nvme-m-2-ssd-toc-do-10gbps,Box SSD M2 ORICO M2PV-C3 10Gbps cho SSD NVMe chính hãng – Sintech,75,over70_with_suffix
https://sintech.vn/products/mainboard-asus-b650m-ayw-wifi-ddr5,Mainboard ASUS B650M-AYW WIFI DDR5 AM5 Micro-ATX giá tốt – Sintech,76,over70_with_suffix
https://sintech.vn/products/o-cung-ssd-nvme-1tb-kioxia-exceria-plus-g3-gen4x4-lsd10z001tg8,SSD KIOXIA EXCERIA PLUS G3 1TB Gen4x4 cho PC gaming – Sintech,71,over70_with_suffix
https://sintech.vn/products/chuot-aula-gaming-sc560-3-mode-hong,Chuột AULA SC560 3 Mode hồng nhỏ gọn Cute hợp Setup – Sintech,71,over70_with_suffix
https://sintech.vn/products/nguon-fsp-vita-750bd-ppa7508005-80-plus-bronze,Nguồn FSP VITA 750BD 750W 80 Plus Bronze ATX chính hãng – Sintech,75,over70_with_suffix
https://sintech.vn/products/vo-case-jonsbo-tk-2-black-atx-mid-tower-mau-den-kinh-cong,Vỏ Case Jonsbo TK-2 đen Mid Tower kính cong đẳng cấp – Sintech,72,over70_with_suffix
https://sintech.vn/products/vo-case-jonsbo-tk-2-white-atx-mid-tower-mau-trang-kinh-cong,Vỏ Case Jonsbo TK-2 trắng Mid Tower kính cong đẳng cấp – Sintech,74,over70_with_suffix
https://sintech.vn/products/vo-case-jonsbo-d32-std-white-mini-matx-mau-trang,Vỏ Case Jonsbo D32 STD White Mini Matx chính hãng giá tốt – Sintech,77,over70_with_suffix
https://sintech.vn/products/vo-case-jonsbo-d32-pro-black-mini-matx-mau-den,Vỏ Case Jonsbo D32 Pro Black Mini Matx nhỏ gọn chính hãng – Sintech,77,over70_with_suffix
https://sintech.vn/products/vo-case-jonsbo-d32-pro-white-mini-matx-mau-trang,Vỏ Case Jonsbo D32 Pro White Mini Matx chính hãng giá tốt – Sintech,77,over70_with_suffix
https://sintech.vn/products/tan-nhiet-nuoc-aio-jonsbo-tg-240-argb-den,Tản nhiệt nước AIO JONSBO TG-240 ARGB Đen radiator 240mm – Sintech,76,over70_with_suffix
https://sintech.vn/products/vo-case-jonsbo-z20-black-mini-matx-mau-den,Vỏ Case Jonsbo Z20 Black Mini MATX cho PC giá tốt chính hãng – Sintech,80,over70_with_suffix
https://sintech.vn/products/chuot-gaming-khong-day-e-dra-em631w-den,Chuột gaming không dây E-DRA EM631W Đen 8000 DPI RGB 7 nút – Sintech,78,over70_with_suffix
https://sintech.vn/products/chuot-gaming-co-day-e-dra-em631-trang,Chuột gaming E-DRA EM631 Trắng 7 nút USB giá tốt chính hãng – Sintech,79,over70_with_suffix
https://sintech.vn/products/tan-nhiet-nuoc-aio-jonsbo-tg-360-argb-den,Tản nhiệt nước AIO JONSBO TG-360 ARGB Đen giá tốt chính hãng – Sintech,80,over70_with_suffix
https://sintech.vn/products/chuot-gaming-co-day-e-dra-em631-den,Chuột Gaming E-DRA EM631 Đen 7 Nút LED RGB 13 Mode 68.2g – Sintech,76,over70_with_suffix
https://sintech.vn/products/vo-case-jonsbo-d32-std-black-mini-matx-mau-den,Vỏ Case Jonsbo D32 STD Black Mini Matx chính hãng giá tốt – Sintech,77,over70_with_suffix
https://sintech.vn/products/fan-case-magic-snowman-reverse-f-129-argb-sync-main-nguoc,Fan Case Magic Snowman Reverse F-129 ARGB 120mm Sync Main – Sintech,77,over70_with_suffix
https://sintech.vn/products/ghe-game-edra-citizen-egc236-new-citizen,"Ghế game E-DRA Citizen EGC236 khung hợp kim, tải 120kg – Sintech",74,over70_with_suffix
https://sintech.vn/products/fan-case-magic-snowman-f-129-argb-sync-main-xuoi,Fan Case MAGIC SNOWMAN F-129 ARGB 120mm Sync Main giá tốt – Sintech,77,over70_with_suffix
https://sintech.vn/products/bo-combo-ban-phim-chuot-khong-day-w140-den,Combo Bàn Phím Chuột Không Dây W140 Đen Cho Dân Văn Phòng – Sintech,77,over70_with_suffix
https://sintech.vn/products/pc-mini-asus-nuc-14-essential-rnuc14mnk9700000-intel-core-n97-ddr5-wifi6-no-os,PC Mini ASUS NUC 14 Essential N97 WiFi6 chính hãng giá tốt – Sintech,78,over70_with_suffix
https://sintech.vn/products/combo-phim-chuot-simetech-km-120-led-rgb,Combo Simetech KM-120 LED RGB cho bàn làm việc giá tốt – Sintech,74,over70_with_suffix
https://sintech.vn/products/vo-case-magic-mix-tower-air-m-atx,"Vỏ Case Magic Mix Tower Air M-ATX tối ưu tản nhiệt, giá tốt – Sintech",79,over70_with_suffix
https://sintech.vn/products/ban-phim-co-gaming-aula-f75-1578-3-mode-phien-ban-mau-comic-reaper-switch,Bàn phím cơ AULA F75 1578 3 Mode Reaper switch giá tốt – Sintech,74,over70_with_suffix
https://sintech.vn/products/o-cung-ssd-samsung-990-pro-2tb-pcie-gen-4-0-x4-nvme-r-7450-w-6900,SSD Samsung 990 PRO 2TB Gen 4 NVMe cho PC giá tốt chính hãng – Sintech,80,over70_with_suffix
https://sintech.vn/products/ban-phim-co-aula-f75-max-gaming-3-mode-xanh-trang-tim-reaper-switch,Bàn Phím AULA F75 MAX 3 Mode Reaper Switch Xanh Trắng Tím – Sintech,77,over70_with_suffix
https://sintech.vn/products/ban-phim-co-aula-f75-max-gaming-3-mode-xanh-trang-tim-dam-reaper-switch,Bàn Phím AULA F75 MAX 3 Mode Reaper Switch Xanh Trắng Tím Đậm – Sintech,81,over70_with_suffix
https://sintech.vn/products/card-man-hinh-zotac-gaming-geforce-rtx-5060-8gb-twin-edge-oc,Card ZOTAC RTX 5060 8GB Twin Edge OC chính hãng giá tốt – Sintech,75,over70_with_suffix
https://sintech.vn/products/ban-phim-co-aula-f75-max-gaming-3-mode-xam-den-gradient-reaper-switch,Bàn Phím Cơ AULA F75 MAX Xám Đen Gradient Reaper Switch – Sintech,75,over70_with_suffix
https://sintech.vn/products/vo-case-jonsbo-c6-handle-mini-tower-den,Vỏ Case Jonsbo C6 Handle Mini Tower màu đen chính hãng – Sintech,74,over70_with_suffix
https://sintech.vn/products/tai-nghe-choi-game-e-dra-eh416pro-hong,Tai nghe E-DRA EH416PRO Hồng driver 50mm USB chính hãng – Sintech,75,over70_with_suffix
https://sintech.vn/products/ban-phim-co-aula-f75-max-gaming-3-mode-xam-den-reaper-switch,Bàn phím cơ AULA F75 MAX 3 mode cho setup gaming giá tốt – Sintech,76,over70_with_suffix
https://sintech.vn/products/ban-phim-co-aula-f75-phien-ban-xanh-duong-trang-tim-reaper-switch-khong-day,Bàn phím cơ AULA F75 3 Mode Reaper switch giá tốt chính hãng – Sintech,80,over70_with_suffix
https://sintech.vn/products/bo-phat-wifi-di-dong-4g-lte-300mbps-tp-link-m7000,TP-Link M7000 4G LTE 300Mbps cho mạng di động gọn giá tốt – Sintech,77,over70_with_suffix
https://sintech.vn/products/fan-case-jonsbo-za-240w-led-argb-infinity-den,Fan Case JONSBO ZA-240B LED ARGB Infinity Đen chính hãng – Sintech,76,over70_with_suffix
https://sintech.vn/products/vo-case-jonsbo-d400-atx-den,"Vỏ case Jonsbo D400 ATX Đen cho PC gọn, chính hãng, giá tốt – Sintech",79,over70_with_suffix
https://sintech.vn/products/tai-nghe-gaming-e-dra-eh496w-wireless,Tai Nghe Gaming E-Dra EH496W Wireless Bluetooth 5.3 50mm – Sintech,76,over70_with_suffix
https://sintech.vn/products/vo-case-aigo-c218m-matx-white,Vỏ Case AIGO C218M MATX Trắng - vỏ máy tính build PC giá tốt – Sintech,80,over70_with_suffix
https://sintech.vn/products/vo-case-qc-art-ultra-hm1-atx-trang,Vỏ Case QC.ART Ultra HM1 ATX Trắng - lắp PC chính hãng – Sintech,74,over70_with_suffix
https://sintech.vn/products/bo-3-fan-jonsbo-zg-120w-trang-3in1-ghep-noi-khong-day,Bộ 3 Fan JONSBO ZG-120W Trắng 120mm ARGB cho PC chính hãng – Sintech,78,over70_with_suffix
https://sintech.vn/products/vo-case-jonsbo-m-atx-d200-den,Vỏ Case Jonsbo D200 M-ATX Đen - Build PC nhỏ gọn giá tốt – Sintech,76,over70_with_suffix
https://sintech.vn/products/bo-3-fan-jonsbo-zg-120wr-trang-3in1-canh-dao-chieu-ghep-noi-khong-day,Fan JONSBO ZG-120WR Trắng 120mm ARGB Cánh Đảo Chiều giá tốt – Sintech,79,over70_with_suffix
https://sintech.vn/products/tan-nhiet-khi-jonsbo-cr-3000e-rgb-den-khong-led,Tản khí Jonsbo CR-3000E đen không LED tower nhôm cho PC – Sintech,75,over70_with_suffix
https://sintech.vn/products/vo-case-jonsbo-bo400-atx-den,Vỏ Case JONSBO BO400 ATX Đen cho build PC giá tốt chính hãng – Sintech,80,over70_with_suffix
https://sintech.vn/products/vo-case-aigo-c218m-matx-den,Vỏ Case Aigo C218M MATX màu Đen build PC gaming chính hãng – Sintech,78,over70_with_suffix
https://sintech.vn/products/vo-case-qc-art-ultra-hm1-matx-trang,Vỏ Case QC.ART Ultra HM1 MATX Trắng chính hãng giá tốt – Sintech,74,over70_with_suffix
https://sintech.vn/products/vo-case-jonsbo-z20-white-mini-matx-mau-trang,"Vỏ Case JONSBO Z20 White Mini MATX, chính hãng giá tốt – Sintech",74,over70_with_suffix
https://sintech.vn/products/fan-case-jonsbo-za-120-argb-den-syns-main,Fan Case Jonsbo ZA-120B ARGB 120mm đồng bộ main giá tốt – Sintech,75,over70_with_suffix
https://sintech.vn/products/kep-treo-laptop-north-bayou-fp2-10-17inch-dung-chung-voi-gia-do-man-hinh,Kẹp treo laptop North Bayou FP2 10-17 inch giá tốt chính hãng – Sintech,81,over70_with_suffix
https://sintech.vn/products/man-hinh-aiwa-27inch-md2707-k-180hz-ips-fhd-1ms,Màn hình AIWA MD2707-K 27 inch 180Hz cho gaming giá tốt – Sintech,75,over70_with_suffix
https://sintech.vn/products/mainboard-asrock-h510m-a-m-2-se-ddr4,Mainboard Asrock H510M-A/M.2 SE DDR4 cho PC Intel giá tốt – Sintech,77,over70_with_suffix
https://sintech.vn/products/man-hinh-aiwa-23-8inch-md2404-v-180hz-ips-fhd-1ms,Màn hình AIWA MD2404-V 23.8 inch 180Hz IPS FHD 1ms giá tốt – Sintech,78,over70_with_suffix
https://sintech.vn/products/mainboard-sstc-h310m-hdv-m2-ddr4,Mainboard Intel SSTC H310M HDV M2 DDR4 cho PC văn phòng – Sintech,75,over70_with_suffix
https://sintech.vn/products/nguon-jetek-j-series-550w-plus-st550-power-supply-atx-12v-pfc,Nguồn Jetek J Series 550W Plus PFC quạt 120mm chính hãng – Sintech,76,over70_with_suffix
https://sintech.vn/products/apple-mac-mini-2023-voi-chip-apple-m2-pro-cpu-10-nhan-ram-16gb-bo-nho-ssd-512gb-mau-bac,"Apple Mac Mini 2023 M2 Pro 16GB 512GB bạc sang trọng, giá tốt – Sintech",81,over70_with_suffix
https://sintech.vn/products/ram-laptop-8gb-bus-2666mhz-ddr4,RAM Laptop 8GB DDR4 Bus 2666MHz nâng cấp máy chính hãng – Sintech,75,over70_with_suffix
https://sintech.vn/products/man-hinh-msi-g275l-e14-27-inch-fhd-ips-144hz-1ms-hdmi-dp,Màn Hình MSI G275L E14 27 inch FHD 144Hz giá tốt chính hãng – Sintech,79,over70_with_suffix
https://sintech.vn/products/mainboard-msi-b760m-gaming-plus-wifi-ddr4,Mainboard MSI B760M Gaming Plus WiFi DDR4 LGA 1700 mATX – Sintech,75,over70_with_suffix
https://sintech.vn/products/ram-laptop-8gb-bus-3200mhz-ddr4,RAM Laptop 8GB DDR4 bus 3200MHz tăng tốc xử lý đa nhiệm – Sintech,75,over70_with_suffix
https://sintech.vn/products/ram-laptop-16gb-ddr5-5200-mhz,RAM Laptop 16GB DDR5 5200MHz nâng cấp hiệu năng chính hãng – Sintech,78,over70_with_suffix
https://sintech.vn/products/mainboard-msi-a520m-a-pro,Mainboard MSI A520M-A PRO AM4 DDR4 M.2 NVMe chính hãng – Sintech,74,over70_with_suffix
https://sintech.vn/products/mainboard-gigabyte-b550m-aorus-elite-ax-wifi-bluetooth,Mainboard Gigabyte B550M AORUS ELITE AX cho PC AMD giá tốt – Sintech,78,over70_with_suffix
https://sintech.vn/products/mainboard-asrock-b450m-hdv-ddr4,Mainboard Asrock B450M HDV DDR4 cho PC AMD B450 giá tốt – Sintech,75,over70_with_suffix
https://sintech.vn/products/card-man-hinh-colorful-igame-geforce-rtx-5060-ti-ultra-w-oc-16gb-v-16gb-gddr7,Card RTX 5060 Ti Ultra W OC 16GB GDDR7 trắng hồng giá tốt – Sintech,77,over70_with_suffix
https://sintech.vn/products/mainboard-asus-prime-b550m-a,Mainboard ASUS PRIME B550M-A DDR4 socket AM4 chính hãng – Sintech,75,over70_with_suffix
https://sintech.vn/products/mainboard-asrock-b550m-pro4,Mainboard ASROCK B550M Pro4 DDR4 AM4 cho PC Ryzen giá tốt – Sintech,77,over70_with_suffix
https://sintech.vn/products/cpu-amd-ryzen-5-5500-am4-upto-4-20-ghz-6c-12t-16mb,CPU AMD Ryzen 5 5500 AM4 6C/12T cho PC chơi game giá tốt – Sintech,76,over70_with_suffix
https://sintech.vn/products/mainboard-asrock-b550m-steel-legend,Mainboard AMD ASROCK B550M Steel Legend DDR4 AM4 giá tốt – Sintech,76,over70_with_suffix
https://sintech.vn/products/mainboard-gigabyte-b450m-ds3h-v3,Mainboard Gigabyte B450M DS3H V3 DDR4 socket AM4 giá tốt – Sintech,76,over70_with_suffix
https://sintech.vn/products/o-cung-western-digital-red-plus-10tb-wd100efgx,Ổ cứng WD Red Plus 10TB WD100EFGX lưu trữ NAS chính hãng – Sintech,76,over70_with_suffix
https://sintech.vn/products/cpu-intel-core-i5-8500-4-10ghz-9m-6-cores-6-threads-tray,CPU Intel Core i5 8500 6 nhân 6 luồng 4.10GHz Tray chính hãng – Sintech,81,over70_with_suffix
https://sintech.vn/products/mainboard-asrock-a520m-ac-ddr4-wifi,Mainboard ASRock A520M/AC DDR4 WiFi Micro ATX chính hãng – Sintech,76,over70_with_suffix
https://sintech.vn/products/mainboard-msi-b450m-a-pro-max-ii,Mainboard MSI B450M-A PRO MAX II DDR4 socket AM4 giá tốt – Sintech,76,over70_with_suffix
https://sintech.vn/products/cpu-intel-core-i5-7600-4-10ghz-6m-4-cores-4-threads-tray,CPU Intel Core i5 7600 Tray cho PC LGA 1151 chính hãng – Sintech,74,over70_with_suffix
https://sintech.vn/products/card-man-hinh-asus-dual-radeon-rx-6500-xt-oc-edition-dual-rx6500xt-o4g-v2,ASUS Dual RX 6500 XT OC 4GB GDDR6 cho PC gaming giá tốt – Sintech,75,over70_with_suffix
https://sintech.vn/products/mainboard-asus-h310m-d-qsd,Mainboard ASUS H310M-D qsd DDR4 cho CPU Intel gen 8 gen 9 – Sintech,77,over70_with_suffix
https://sintech.vn/products/mainboard-asus-prime-b450m-a-ii,Mainboard ASUS PRIME B450M-A II DDR4 AM4 Micro-ATX chính hãng – Sintech,81,over70_with_suffix
https://sintech.vn/products/mainboard-moco-h510m-hdv-sstc-m2-tray,Mainboard H510M MOCO HDV LGA 1200 DDR4 M.2 NVMe chính hãng – Sintech,78,over70_with_suffix
https://sintech.vn/products/man-hinh-cong-vsp-vx272c-27-inch-va-fhd-200hz-1ms-freesync,Màn hình cong VSP VX272C 27 inch VA FHD 200Hz 1ms Freesync – Sintech,78,over70_with_suffix
https://sintech.vn/products/ram-patriot-signature-premium-16gb-ddr4-3200mhz,RAM Patriot Signature Premium 16GB DDR4 3200MHz chính hãng – Sintech,78,over70_with_suffix
https://sintech.vn/products/tan-nhiet-nuoc-aio-leopard-proflow-360-lcd-argb-den,Tản nhiệt AIO Leopard Proflow 360 LCD ARGB Đen giá tốt – Sintech,74,over70_with_suffix
https://sintech.vn/products/mainboard-colorful-cvn-b760i-frozen-wifi-ddr5-v20,Mainboard Colorful CVN B760I FROZEN WIFI DDR5 giá tốt cho PC – Sintech,80,over70_with_suffix
https://sintech.vn/products/vo-case-jonsbo-tk-1-den,Vỏ Case JONSBO TK-1 Đen cho setup PC gọn giá tốt chính hãng – Sintech,79,over70_with_suffix
https://sintech.vn/products/mainboard-gigabyte-b550m-ds3h,Mainboard GIGABYTE B550M DS3H DDR4 build PC AMD giá tốt – Sintech,75,over70_with_suffix
https://sintech.vn/products/cpu-amd-ryzen-5-8400f-4-2-ghz-boost-4-7-ghz-6-nhan-12-luong-22-mb-cache-am5-tray,"CPU AMD Ryzen 5 8400F 6 nhân 12 luồng AM5, DDR5 giá tốt – Sintech",75,over70_with_suffix
https://sintech.vn/products/cpu-amd-ryzen-7-5800x-4-70-ghz-8-nhan-16-luong-tray,CPU AMD Ryzen 7 5800X 8 nhân 16 luồng 4.7GHz AM4 giá tốt – Sintech,76,over70_with_suffix
https://sintech.vn/products/ram-pc-kingston-fury-beast-black-16gb-5200mhz-ddr5-kf552c40bb-16,Ram PC Kingston Fury Beast Black 16GB DDR5 cho PC giá tốt – Sintech,77,over70_with_suffix
https://sintech.vn/products/ram-centaur-monster-pro-r-ct23-16gb-ddr4-3200-trang,RAM Centaur Monster Pro R CT23 16GB DDR4 3200 cho PC giá tốt – Sintech,80,over70_with_suffix
https://sintech.vn/products/tay-cam-machenike-g3-v2-pink-tri-mode-kem-dock-sac,Tay cầm Machenike G3 v2 Pink Tri-mode kèm dock sạc giá tốt – Sintech,78,over70_with_suffix
https://sintech.vn/products/ram-adata-xpg-spectrix-d50-rgb-16gb-ddr4-3200mhz-xam,RAM ADATA XPG D50 RGB 16GB DDR4 cho build PC gaming – Sintech,71,over70_with_suffix
https://sintech.vn/products/nguon-gamdias-helios-m2-850b-850w-80-plus-silver-den,Nguồn Gamdias HELIOS M2-850B 850W cho PC gaming giá tốt – Sintech,75,over70_with_suffix
https://sintech.vn/products/vo-case-asus-prime-ap201-white-mesh,Vỏ Case ASUS Prime AP201 White Mesh 33L cho build trắng – Sintech,75,over70_with_suffix
https://sintech.vn/products/chuot-machenike-l9-x1-paw-3311-ket-noi-3-mode-trang,Chuột Machenike L9 X1 trắng 3 Mode PAW 3311 giá tốt – Sintech,71,over70_with_suffix
https://sintech.vn/products/mainboard-darkflash-h610m-vgd-v1,Mainboard DARKFLASH H610M VGD - V1 build PC Intel giá tốt – Sintech,77,over70_with_suffix
https://sintech.vn/products/tai-nghe-khong-day-machenike-gx30-pro-tri-mode,Tai nghe Machenike GX30 Pro Tri-mode 50mm vòm 7.1 giá tốt – Sintech,77,over70_with_suffix
https://sintech.vn/products/nguon-may-tinh-first-player-ack-brz-750-750w-80-plus-bronze-den,Nguồn 1ST PLAYER ACK-BRZ-750 750W Bronze ATX chính hãng – Sintech,75,over70_with_suffix
https://sintech.vn/products/fan-case-darkflash-inf34-argb-trang-sync-main,Fan Case Darkflash INF34 ARGB Trắng 120mm Sync Main giá tốt – Sintech,79,over70_with_suffix
https://sintech.vn/products/fan-case-darkflash-inf34-argb-sync-main,Fan Case DARKFLASH INF34 ARGB 120mm Đen Sync Main giá tốt – Sintech,77,over70_with_suffix
https://sintech.vn/products/tan-nhiet-nuoc-aio-darkflash-de360-trang,Tản nhiệt nước AIO DARKFLASH DE360 Trắng 360mm ARGB giá tốt – Sintech,79,over70_with_suffix
https://sintech.vn/products/tan-nhiet-nuoc-aio-darkflash-do360-trang,Tản nhiệt nước AIO DARKFLASH DO360 Trắng 360mm 300W giá tốt – Sintech,79,over70_with_suffix
https://sintech.vn/products/tan-nhiet-nuoc-aio-darkflash-do240-den,Tản nhiệt nước AIO DARKFLASH DO240 Đen 240mm 250W chính hãng – Sintech,80,over70_with_suffix
https://sintech.vn/products/tan-nhiet-khi-darkflash-m400-digital-display-argb-trang,Tản nhiệt DARKFLASH M400 ARGB Trắng cho setup PC giá tốt – Sintech,76,over70_with_suffix
https://sintech.vn/products/tan-nhiet-nuoc-aio-darkflash-do360-den,DARKFLASH DO360 đen: AIO 360mm ARGB cho setup gaming – Sintech,72,over70_with_suffix
https://sintech.vn/products/tan-nhiet-khi-darkflash-m400-digital-display-argb-den,Tản nhiệt DARKFLASH M400 Digital ARGB Đen 230W giá tốt – Sintech,74,over70_with_suffix
https://sintech.vn/products/tan-nhiet-nuoc-aio-darkflash-de360-den,Tản nhiệt nước AIO DARKFLASH DE360 Đen 360mm 300W chính hãng – Sintech,80,over70_with_suffix
https://sintech.vn/products/vo-case-darkflash-db460m-den-san-4fan,Vỏ Case DARKFLASH DB460M Đen 4Fan cho PC M-ATX giá tốt – Sintech,74,over70_with_suffix
https://sintech.vn/products/tan-nhiet-nuoc-aio-darkflash-do240-trang,Tản nhiệt nước AIO DARKFLASH DO240 Trắng 240mm ARGB giá tốt – Sintech,79,over70_with_suffix
https://sintech.vn/products/vo-case-darkflash-db460m-trang-san-4fan,Vỏ Case DARKFLASH DB460M Trắng 4Fan cho PC gaming giá tốt – Sintech,77,over70_with_suffix
https://sintech.vn/products/man-hinh-asus-vy249hf-r-23-8-inch-fhd-ips-100hz-1ms,Màn Hình ASUS VY249HF-R 23.8 Inch FHD IPS 100Hz giá tốt – Sintech,75,over70_with_suffix
https://sintech.vn/products/phim-co-leobog-amg65-tm-jadeite-switch-hong-trang-xanh-duong-khong-day,Phím Cơ Leobog AMG65 TM Jadeite Switch 8000mAh không dây – Sintech,76,over70_with_suffix
https://sintech.vn/products/tan-nhiet-khi-jonsbo-cr-3000e-rgb-den,Tản khí Jonsbo CR-3000E RGB đen tower nhôm cao cấp PC – Sintech,73,over70_with_suffix
https://sintech.vn/products/nguon-1stplayer-ngdp-gld-850-850w-trang,Nguồn 1STPLAYER NGDP-GLD-850 850W Trắng giá tốt chính hãng – Sintech,78,over70_with_suffix
https://sintech.vn/products/laptop-lenovo-gaming-legion-5-16irx9-83dg004yvn-i7-14650hx-16gb-512gb-rtx4060-8g-2k-165hz,Laptop Lenovo Legion 5 16IRX9 (i7 | 16GB | 512GB) giá tốt – Sintech,77,over70_with_suffix
https://sintech.vn/products/card-man-hinh-colorful-geforce-rtx-5060-nb-ex-8gb-v-1,Card Colorful RTX 5060 NB EX 8GB GDDR7 145W chính hãng – Sintech,74,over70_with_suffix
https://sintech.vn/products/card-man-hinh-colorful-geforce-rtx-5060-nb-ex-8gb-v,Card Colorful RTX 5060 NB DUO 8GB GDDR7 quạt kép giá tốt – Sintech,76,over70_with_suffix
https://sintech.vn/products/laptop-asus-zenbook-14-um3406ka-pp113ws-ryzen-ai-7-350-amd-radeon-14-inch-3k-120hz-16gb-512gb-win-11-office-den,Laptop ASUS Zenbook 14 UM3406KA (Ryzen AI 7 | 16GB) giá tốt – Sintech,79,over70_with_suffix
https://sintech.vn/products/laptop-lenovo-legion-5-15arh05-82b500gtvn-ryzen-7-4800h-gtx-1650ti-4gb-ram-16gb-ssd-512gb-15-6inch-144hz,Laptop Lenovo Legion 5 (Ryzen 7 | 16GB | 512GB) giá tốt – Sintech,75,over70_with_suffix
https://sintech.vn/products/mainboard-asus-prime-b760m-a-ddr5,Mainboard Asus Prime B760M-A DDR5 PCIe 5.0 M.2 chính hãng – Sintech,77,over70_with_suffix
https://sintech.vn/products/webcam-ugreen-full-hd-15728,"Webcam Ugreen Full HD 15728 1080P, mic kép, góc 85° giá tốt – Sintech",79,over70_with_suffix
https://sintech.vn/products/card-man-hinh-colorful-igame-rtx-5050-ultra-w-duo-oc8-gb-v,Colorful iGame RTX 5050 Ultra W Duo OC8 GB-V 8GB giá tốt – Sintech,76,over70_with_suffix
https://sintech.vn/products/card-man-hinh-gigabyte-geforce-rtx-5050-gaming-oc-8g-gv-n5050gaming-oc-8gd,VGA Gigabyte RTX 5050 Gaming OC 8GB GDDR6 Cho Game Thủ – Sintech,74,over70_with_suffix
https://sintech.vn/products/card-man-hinh-colorful-geforce-rtx-5050-battle-ax-duo-8gb-v-8gb-gddr7,Card Màn Hình Colorful RTX 5050 Battle AX DUO 8G GDDR7 Gaming – Sintech,81,over70_with_suffix
https://sintech.vn/products/chuot-van-phong-e-dra-em605w-mau-trang-khong-day,Chuột văn phòng E-DRA EM605W trắng không dây Ergonomic – Sintech,74,over70_with_suffix
https://sintech.vn/products/man-hinh-asus-vy229hf-21-45-inch-ips-fhd-100hz-1ms,Màn Hình ASUS VY229HF 21.45 Inch FHD 100Hz giá tốt chính hãng – Sintech,81,over70_with_suffix
https://sintech.vn/products/card-man-hinh-inno3d-geforce-rtx-5050-twin-x2-n50502-08d6-174071n,INNO3D GeForce RTX 5050 TWIN X2 8GB GDDR6 giá tốt chính hãng – Sintech,80,over70_with_suffix
https://sintech.vn/products/card-mang-tplink-archer-tx55e-ax3000-wi-fi-6-bluetooth-5-2-pcie-adapter,Card mạng Tplink Archer TX55E AX3000 PCIe cho PC giá tốt – Sintech,76,over70_with_suffix
https://sintech.vn/products/card-man-hinh-colorful-igame-geforce-rtx-5060-ultra-w-oc-8gb-v,Colorful iGame RTX 5060 Ultra W OC 8GB-V GDDR7 giá tốt – Sintech,74,over70_with_suffix
https://sintech.vn/products/ram-gskill-ripjaws-m5-rgb-32gb-16gb-x-2-ddr5-6000mhz-f5-6000j3636f16gx2-rm5rk,Ram GSkill Ripjaws M5 RGB 32GB DDR5 6000MHz cho PC giá tốt – Sintech,78,over70_with_suffix
https://sintech.vn/products/gia-treo-man-hinh-may-tinh-ez100-arm-man-hinh,Giá Treo Màn Hình Máy Tính EZ100 27-40 inch chính hãng – Sintech,74,over70_with_suffix
https://sintech.vn/products/card-man-hinh-asus-dual-rtx-4060-evo-white-oc-edition-8gb-gddr6,ASUS Dual RTX 4060 EVO White OC 8GB GDDR6 chính hãng giá tốt – Sintech,80,over70_with_suffix
https://sintech.vn/products/fan-case-jonsbo-za-360w-led-argb-infinity-trang,Combo Fan Jonsbo ZA-360W trắng LED ARGB cho PC Build – Sintech,72,over70_with_suffix
https://sintech.vn/products/fan-case-jonsbo-za-240w-led-argb-infinity-trang,Combo Fan Jonsbo ZA-240W trắng LED ARGB cho PC Build – Sintech,72,over70_with_suffix
https://sintech.vn/products/tan-nhiet-nuoc-aio-jonsbo-th-240-argb-trang,Tản nhiệt AIO Jonsbo TH-240 ARGB Trắng cho PC trắng giá tốt – Sintech,79,over70_with_suffix
https://sintech.vn/products/tan-nhiet-nuoc-aio-jonsbo-th-240-argb-den,Tản nước AIO Jonsbo TH-240 ARGB Đen radiator 240mm giá tốt – Sintech,78,over70_with_suffix
https://sintech.vn/products/day-display-port-1m,"Dây display port 1M kết nối màn hình cho PC ổn định, sắc nét – Sintech",80,over70_with_suffix
https://sintech.vn/products/tan-nhiet-nuoc-aio-jonsbo-th-360-argb-den,Tản nhiệt nước AIO Jonsbo TH-360 ARGB Đen cho PC giá tốt – Sintech,76,over70_with_suffix
https://sintech.vn/products/mainboard-gigabyte-b760m-aorus-elite-ax-wifi-ddr5,Mainboard Gigabyte B760M AORUS ELITE AX Wifi DDR5 giá tốt – Sintech,77,over70_with_suffix
https://sintech.vn/products/fan-case-centaur-ct-8500-argb-trang-sync-hub,Fan Case Centaur CT-8500 ARGB Trắng 120mm Sync Hub giá tốt – Sintech,78,over70_with_suffix
https://sintech.vn/products/vo-case-jonsbo-tk-1-trang,Vỏ Case JONSBO TK-1 Trắng cho build PC giá tốt chính hãng – Sintech,77,over70_with_suffix
https://sintech.vn/products/lenovo-legion-5-r7000-ryzen-7-8745h-16gb-512gb-rtx-4060-8gb-15-6-fhd-144hz-newoutlet,Laptop Lenovo Legion 5 R7000 (R7 | 16GB | 512GB) giá tốt – Sintech,76,over70_with_suffix
https://sintech.vn/products/dau-chuyen-usb-3-0-1-vga-1-hdmi-bamba,Đầu chuyển USB 3.0 ra VGA + HDMI cho đa màn hình giá tốt – Sintech,76,over70_with_suffix
https://sintech.vn/products/tan-nhiet-khi-leopard-kf400-rgb-den,"Tản nhiệt khí Leopard KF400 RGB Đen quạt PWM 4PIN, giá tốt – Sintech",78,over70_with_suffix
https://sintech.vn/products/fan-case-leopard-f12-khong-led-hieu-nang-cao-91-4-cfm-mau-den,"Fan Case Leopard F12 Không LED 91.4 CFM, đen 120mm giá tốt – Sintech",78,over70_with_suffix
https://sintech.vn/products/day-displayport-to-hdmi-cable-1-8m,Dây DisplayPort to HDMI Cable 1.8M cho PC giá tốt chính hãng – Sintech,80,over70_with_suffix
https://sintech.vn/products/tan-nhiet-khi-tomato-am-6300-max-trang,Tản nhiệt khí Tomato AM-6300 MAX Trắng cho PC RGB giá tốt – Sintech,77,over70_with_suffix
https://sintech.vn/products/tan-nhiet-khi-coolmoon-gt400-argb-trang,Tản nhiệt khí CoolMoon GT400 ARGB Trắng giá tốt chính hãng – Sintech,78,over70_with_suffix
https://sintech.vn/products/tan-nhiet-nuoc-corsair-h100i-elite-rgb-trang,Tản Nhiệt Nước AIO Corsair H100i Elite Trắng RGB Đẹp – Sintech,72,over70_with_suffix
https://sintech.vn/products/tay-cam-machenike-g3-v2-tri-mode-kem-dock-sac,"Tay cầm Machenike G3 v2 Tri-mode Hall Effect, pin 1000mAh – Sintech",77,over70_with_suffix
https://sintech.vn/products/ram-kingston-fury-beast-black-16gb-5600mhz-ddr5,RAM Kingston Fury Beast Black 16GB DDR5 cho PC giá tốt – Sintech,74,over70_with_suffix
https://sintech.vn/products/mainboard-asus-rog-strix-z790-a-gaming-wifi-ii-wifi-7-ddr5,ASUS ROG Strix Z790-A Gaming WiFi II cho PC Intel giá tốt – Sintech,77,over70_with_suffix
https://sintech.vn/products/tan-nhiet-nuoc-aio-jonsbo-th-360-argb-trang,Tản nhiệt nước AIO Jonsbo TH-360 ARGB Trắng chính hãng – Sintech,74,over70_with_suffix
https://sintech.vn/products/cable-display-port-vga-bamba-vga-dau-cai,"Cáp DisplayPort sang VGA Bamba, Full HD 1920x1080 60Hz – Sintech",74,over70_with_suffix
https://sintech.vn/products/cable-display-port-hdmi-bamba-hdmi-dau-cai,Cable DisplayPort HDMI Bamba Full HD Plug Play giá tốt – Sintech,74,over70_with_suffix
https://sintech.vn/products/sac-macbook-air-45w-magsafe-2,Sạc MacBook Air MagSafe 2 45W an toàn bền bỉ cho pin lâu – Sintech,76,over70_with_suffix
https://sintech.vn/products/ram-laptop-8gb-pc3-ddr3,RAM Laptop 8GB PC3 DDR3 nâng cấp bộ nhớ cho máy đời cũ – Sintech,74,over70_with_suffix
https://sintech.vn/products/tan-nhiet-khi-deepcool-ag500-digital-argb-trang,Tản nhiệt Deepcool AG500 Digital ARGB Trắng cho PC giá tốt – Sintech,78,over70_with_suffix
https://sintech.vn/products/tan-nhiet-nuoc-aio-gamdias-chione-p5-360-trang,AIO Gamdias CHIONE P5-360 trắng flagship 360mm cho gaming – Sintech,77,over70_with_suffix
https://sintech.vn/products/tan-nhiet-nuoc-aio-gamdias-chione-p5-360-den,AIO Gamdias CHIONE P5-360 đen flagship 360mm cho gaming – Sintech,75,over70_with_suffix
https://sintech.vn/products/tan-nhiet-nuoc-aio-gamdias-chione-p5-240-den,Tản nhiệt nước AIO Gamdias CHIONE P5-240 LCD 3.4 inch giá tốt – Sintech,81,over70_with_suffix
https://sintech.vn/products/vo-case-gamdias-aura-gc9m-elite-san-3-fan-argb-den,Vỏ Case GAMDIAS AURA GC9M ELITE 3 Fan ARGB Đen giá tốt – Sintech,74,over70_with_suffix
https://sintech.vn/products/tan-nhiet-nuoc-aio-gamdias-chione-p5-240-trang,Tản nhiệt nước AIO Gamdias CHIONE P5-240 Trắng giá tốt – Sintech,74,over70_with_suffix
https://sintech.vn/products/tai-nghe-gaming-edra-eh414w-trang,Tai nghe Gaming Không Dây E-DRA EH414W Trắng cho PC giá tốt – Sintech,79,over70_with_suffix
https://sintech.vn/products/tai-nghe-gaming-e-dra-eh414-pro,Tai nghe Gaming E-Dra EH414 Pro 7.1 driver 50mm giá tốt – Sintech,75,over70_with_suffix
https://sintech.vn/products/tai-nghe-gaming-edra-eh414w-den,"Tai nghe Gaming E-DRA EH414W Đen 3 chế độ kết nối, giá tốt – Sintech",78,over70_with_suffix
https://sintech.vn/products/box-doc-ssd-sata-ssk-he-v350-chuan-3-0,Box đọc SSD SATA SSK HE-V350 chuẩn USB 3.0 5Gbps chính hãng – Sintech,79,over70_with_suffix
https://sintech.vn/products/nhan-ban-tu-combo-ban-phim-chuot-aula-ac306-den-khong-day,Combo AULA AC306 Coffee phím giả cơ chuột không dây văn phòng – Sintech,81,over70_with_suffix
https://sintech.vn/products/phim-co-aula-win60he-max-wing-chun-magnetic-switch-den-do-co-day,Phím cơ Aula WIN60HE Max 8000Hz Magnetic Switch chính hãng – Sintech,78,over70_with_suffix
https://sintech.vn/products/chuot-quang-khong-day-lecoo-ws202-trang,Chuột Lecoo WS202 Trắng không dây cho văn phòng giá tốt – Sintech,75,over70_with_suffix
https://sintech.vn/products/card-man-hinh-pny-geforce-rtx-4060-ti-16gb-verto-dual-fan,Card PNY RTX 4060 Ti 16GB VERTO Dual Fan giá tốt chính hãng – Sintech,79,over70_with_suffix
https://sintech.vn/products/phim-co-aula-f2058-red-switch-co-day,Phím cơ AULA F2058 Red Switch 104 phím fullsize có dây – Sintech,74,over70_with_suffix
https://sintech.vn/products/chuot-quang-khong-day-lecoo-ws202-xanh,Chuột không dây Lecoo WS202 Xanh cho văn phòng giá tốt – Sintech,74,over70_with_suffix
https://sintech.vn/products/man-hinh-27-inch-dell-s2725h-fhd-ips-100hz-4ms-speaker10w-tuv-eyecomfort4,Màn hình Dell S2725H 27 inch FHD IPS 100Hz cho làm việc – Sintech,75,over70_with_suffix
https://sintech.vn/products/chuot-gaming-aula-co-day-s12-pro-trang-xam,Chuột Gaming Aula S12 PRO Trắng Xám 12800 DPI 8 nút RGB – Sintech,75,over70_with_suffix
https://sintech.vn/products/man-hinh-24-inch-samsung-ls24d300gaexxv-ips-fhd-5ms-100hz,Màn hình Samsung LS24D300GAEXXV 24 inch IPS FHD giá tốt – Sintech,75,over70_with_suffix
https://sintech.vn/products/man-hinh-22-inch-dell-pro-e2225hsm-va-fhd-100hz-5ms-speakers,Màn Hình Dell Pro E2225HSM 21.5 inch FHD 100Hz giá tốt – Sintech,74,over70_with_suffix
https://sintech.vn/products/man-hinh-24-inch-dell-s2425h-fhd-ips-100hz,Màn Hình Dell S2425H FHD IPS 100Hz 99% sRGB chính hãng – Sintech,74,over70_with_suffix
https://sintech.vn/products/man-hinh-dell-p2425h-24-inch-fhd-ips-100hz-5ms-usb-typec,Màn Hình Dell P2425H 24 inch FHD IPS 100Hz USB Type-C giá tốt – Sintech,81,over70_with_suffix
https://sintech.vn/products/mainboard-asus-h110m-ks-ddr4,Mainboard Intel ASUS H110M-KS DDR4 cho PC phổ thông – Sintech,71,over70_with_suffix
https://sintech.vn/products/nguon-thermaltake-gf-a3-850w-80-plus-gold-snow,Nguồn Thermaltake GF A3 850W Gold Snow cho PC gaming giá tốt – Sintech,80,over70_with_suffix
https://sintech.vn/products/man-hinh-do-hoa-samsung-viewfinity-s8-ls27b800pxexxv-24inch-4k-ips-60hz-5ms-usb-typec,Samsung ViewFinity S8 LS27B800 4K IPS USB-C 27 inch giá tốt – Sintech,79,over70_with_suffix
https://sintech.vn/products/chuot-quang-khong-day-lecoo-ws202-xanh-trang-den,"Chuột không dây Lecoo WS202 DPI 1200, 4 phím chính hãng – Sintech",75,over70_with_suffix
https://sintech.vn/products/nguon-thermaltake-gf-a3-1050w-80-plus-gold-snow,PSU Thermaltake GF A3 1050W Gold Snow cho PC Gaming – Sintech,71,over70_with_suffix
https://sintech.vn/products/tan-nhiet-nuoc-aio-deepcool-lt720-black-high-perfotmance-3-fan-12cm,Tản AIO Deepcool LT720 Black 360mm cho PC gaming giá tốt – Sintech,76,over70_with_suffix
https://sintech.vn/products/man-hinh-do-hoa-asus-proart-pa248qv-24-inch-ips-75hz-5ms,Màn Hình ASUS ProArt PA248QV 24 Inch sRGB 100% chính hãng – Sintech,77,over70_with_suffix
https://sintech.vn/products/cpu-amd-ryzen-5-3400g-3-7ghz-up-to-4-2ghz-4-nhan-8-luong-4mb-cache,CPU AMD Ryzen 5 3400G 4 nhân 8 luồng cho PC gọn giá tốt – Sintech,75,over70_with_suffix
https://sintech.vn/products/man-hinh-qd-oled-ai-gaming-vision-pro-g3224uo-32-inch-4k-10bit-240hz-0-03ms-g-sync,Màn hình QD-OLED Vision Pro G3224UO 32 inch 4K 240Hz giá tốt – Sintech,80,over70_with_suffix
https://sintech.vn/products/man-hinh-qd-oled-ai-gaming-vision-pro-g2724qo-27-inch-2k-10bit-240hz-0-03ms-g-sync,"VSP Vision Pro G2724QO: QD-OLED 2K 240Hz cho gaming, sắc nét – Sintech",80,over70_with_suffix
https://sintech.vn/products/card-man-hinh-inno3d-geforce-rtx-5060ti-twin-x2-oc-16gb-gddr7,INNO3D RTX 5060Ti Twin X2 OC 16GB GDDR7 cho PC giá tốt – Sintech,74,over70_with_suffix
https://sintech.vn/products/may-in-laser-canon-lbp-6030w-wifi-trang,Máy in Laser Canon LBP 6030w Wifi Trắng cho văn phòng gọn – Sintech,77,over70_with_suffix
https://sintech.vn/products/tui-chong-soc-laptop-15-inch,Túi Chống Sốc Laptop 15 Inch Màu Đen Bảo Vệ Khi Di Chuyển – Sintech,77,over70_with_suffix
https://sintech.vn/products/tan-nhiet-nuoc-aio-vsp-ice-g240-den,Tản Nhiệt Nước AIO VSP ICE G240 Đen 240mm cho PC giá tốt – Sintech,76,over70_with_suffix
https://sintech.vn/products/card-man-hinh-zotac-gaming-rtx-4060-8gb-twin-edge-oc-white-edition,ZOTAC GAMING RTX 4060 8GB White cho PC trắng chính hãng – Sintech,75,over70_with_suffix
https://sintech.vn/products/fan-case-magic-snowman-f-120-argb-den,Fan Case Magic Snowman F-120 ARGB Đen 120mm PC giá tốt – Sintech,74,over70_with_suffix
https://sintech.vn/products/cpu-intel-xeon-e5-2683v4-3-00ghz-turbo-16-nhan-32-luong-tray,CPU Intel Xeon E5 2683V4 16 nhân cho máy trạm X99 giá tốt – Sintech,77,over70_with_suffix
https://sintech.vn/products/tui-chong-soc-laptop-14-inch,Túi chống sốc Laptop 14 Inch màu đen chính hãng giá tốt – Sintech,75,over70_with_suffix
https://sintech.vn/products/card-man-hinh-gigabyte-rtx-4070-super-12gb-windforce-oc-gv-n407swf3oc-12gd,GIGABYTE RTX 4070 SUPER 12GB WINDFORCE OC giá tốt chính hãng – Sintech,80,over70_with_suffix
https://sintech.vn/products/ram-corsair-vengeance-lpx-16gb-ddr4-3200mhz-den,RAM Corsair Vengeance LPX 16GB DDR4 3200MHz chính hãng – Sintech,74,over70_with_suffix
https://sintech.vn/products/tan-nhiet-nuoc-aio-darkflash-dv360s-ips-lcd-den,Tản Nhiệt Nước AIO DARKFLASH DV360S IPS LCD 240W Đen giá tốt – Sintech,80,over70_with_suffix
https://sintech.vn/products/vo-case-darkflash-dy450-pro-atx-trang,Vỏ Case DARKFLASH DY450 PRO ATX Trắng build PC gọn giá tốt – Sintech,78,over70_with_suffix
https://sintech.vn/products/vo-case-darkflash-dy451-pro-atx-den,Vỏ Case DARKFLASH DY451 PRO ATX Đen cho PC mua giá tốt – Sintech,74,over70_with_suffix
https://sintech.vn/products/card-man-hinh-palit-geforce-rtx-3060-dual-12gb-gddr6,Card màn hình RTX 3060 Dual 12GB GDDR6 Palit chính hãng – Sintech,75,over70_with_suffix
https://sintech.vn/products/vo-case-darkflash-dy450-pro-atx-den,Vỏ Case DARKFLASH DY450 PRO ATX Đen kính cường lực giá tốt – Sintech,78,over70_with_suffix
https://sintech.vn/products/vo-case-darkflash-dy451-pro-atx-trang,Vỏ Case DARKFLASH DY451 PRO ATX Trắng build PC gọn giá tốt – Sintech,78,over70_with_suffix
https://sintech.vn/products/vo-case-darkflash-l280-atx-den,Vỏ Case DARKFLASH L280 ATX Đen gaming kính cường lực giá tốt – Sintech,80,over70_with_suffix
https://sintech.vn/products/vo-case-darkflash-ds900g-atx-trang,Vỏ Case DARKFLASH DS900G ATX Trắng - VGA 425mm chính hãng – Sintech,77,over70_with_suffix
https://sintech.vn/products/tan-nhiet-nuoc-aio-darkflash-dv360s-ips-lcd-trang,Tản Nhiệt Nước AIO DARKFLASH DV360S IPS LCD Trắng giá tốt – Sintech,77,over70_with_suffix
https://sintech.vn/products/vo-case-darkflash-ds900g-atx-den,Vỏ Case DARKFLASH DS900G ATX Đen kính cường lực giá tốt – Sintech,75,over70_with_suffix
https://sintech.vn/products/vo-case-darkflash-ds900wd-atx-trang,Vỏ Case DARKFLASH DS900WD ATX Trắng kính cường lực giá tốt – Sintech,78,over70_with_suffix
https://sintech.vn/products/vo-case-darkflash-ds900ws-atx-trang,Vỏ Case DARKFLASH DS900WS ATX Trắng kính cường lực giá tốt – Sintech,78,over70_with_suffix
https://sintech.vn/products/vo-case-darkflash-ds900w-atx-den,Vỏ Case DARKFLASH DS900W ATX Đen kính cường lực giá tốt – Sintech,75,over70_with_suffix
https://sintech.vn/products/tan-nhiet-nuoc-aio-vsp-ice-g240-trang,Tản Nhiệt Nước AIO VSP ICE G240 Trắng cho PC gọn giá tốt – Sintech,76,over70_with_suffix
https://sintech.vn/products/o-cung-hdd-western-digital-wd85purz-8tb-sata-iii,Ổ cứng WD Purple WD85PURZ 8TB SATA III cho camera giám sát – Sintech,78,over70_with_suffix
https://sintech.vn/products/vo-case-darkflash-ds900w-atx-trang,Vỏ Case DARKFLASH DS900W ATX Trắng kính cường lực giá tốt – Sintech,77,over70_with_suffix
https://sintech.vn/products/vo-case-darkflash-ds900ws-atx-den,"Vỏ Case DARKFLASH DS900WS ATX Đen, VGA 425mm, kính cường lực – Sintech",80,over70_with_suffix
https://sintech.vn/products/vo-case-darkflash-ds900-atx-mesh-trang,Vỏ Case DarkFlash DS900 ATX Mesh Trắng giá tốt chính hãng – Sintech,77,over70_with_suffix
https://sintech.vn/products/vo-case-darkflash-l285m-m-atx-den,Vỏ Case DARKFLASH L285M M-ATX Đen kính cường lực giá tốt – Sintech,76,over70_with_suffix
https://sintech.vn/products/o-cung-ssd-simorchip-1tb-m-2-nvme-pcie-gen4-x4,SSD Simorchip 1TB M.2 NVMe Gen4 x4 cho PC laptop giá tốt – Sintech,76,over70_with_suffix
https://sintech.vn/products/vo-case-darkflash-l285m-m-atx-trang,Vỏ Case DARKFLASH L285M M-ATX Trắng VGA 445mm chính hãng – Sintech,76,over70_with_suffix
https://sintech.vn/products/vo-case-darkflash-th285m-m-atx-trang,Vỏ Case DARKFLASH TH285M M-ATX Trắng chính hãng giá tốt – Sintech,75,over70_with_suffix
https://sintech.vn/products/vo-case-darkflash-l280m-m-atx-den,Vỏ Case DARKFLASH L280M M-ATX Đen cho PC nhỏ gọn giá tốt – Sintech,76,over70_with_suffix
https://sintech.vn/products/vo-case-darkflash-l280-atx-trang,Vỏ Case DARKFLASH L280 ATX Trắng build PC gọn chính hãng – Sintech,76,over70_with_suffix
https://sintech.vn/products/vo-case-darkflash-db330m-m-atx-den-glass,Vỏ Case DARKFLASH DB330M M-ATX Đen kính cường lực giá tốt – Sintech,77,over70_with_suffix
https://sintech.vn/products/vo-case-darkflash-db330m-m-atx-trang-mesh,Vỏ Case DARKFLASH DB330M M-ATX Trắng MESH giá tốt chính hãng – Sintech,80,over70_with_suffix
https://sintech.vn/products/tan-nhiet-khi-centaur-ct-air200-argb-den,Tản nhiệt khí Centaur CT-AIR200 ARGB Đen cho PC giá tốt – Sintech,75,over70_with_suffix
https://sintech.vn/products/vo-case-darkflash-db330m-m-atx-trang-glass,Case DARKFLASH DB330M M-ATX Trắng kính cường lực giá tốt – Sintech,76,over70_with_suffix
https://sintech.vn/products/mainboard-gigabyte-z890-ud-wifi6e-ddr5-bluetooth,Mainboard Gigabyte Z890 UD WIFI6E DDR5 LGA1851 chính hãng – Sintech,77,over70_with_suffix
https://sintech.vn/products/gia-treo-man-hinh-nb-g45-arm-man-hinh,Giá treo màn hình NB G45 cho setup gọn giá tốt chính hãng – Sintech,77,over70_with_suffix
https://sintech.vn/products/mainboard-gigabyte-z890m-aorus-elite-wifi7-ddr5,Mainboard Gigabyte Z890M AORUS ELITE WIFI7 DDR5 chính hãng – Sintech,78,over70_with_suffix
https://sintech.vn/products/dich-vu-lap-dat-nang-cap-pc-laptop,"Dịch vụ lắp đặt, nâng cấp PC Laptop tại TP.HCM giá tốt – Sintech",74,over70_with_suffix
https://sintech.vn/products/vo-case-leopard-ms-01-den-khong-kem-fan-rgb,Vỏ Case Leopard MS-01 đen không fan RGB chính hãng giá tốt – Sintech,78,over70_with_suffix
https://sintech.vn/products/nguon-ocpc-energia-bz750-750w-80-plus-bronze,Nguồn OCPC Energia BZ750 750W 80 Plus Bronze APFC giá tốt – Sintech,77,over70_with_suffix
https://sintech.vn/products/ram-corsair-vengeance-lpx-16gb-ddr5-5200mhz-den,RAM Corsair Vengeance LPX 16GB DDR5 5200MHz Đen chính hãng – Sintech,78,over70_with_suffix
https://sintech.vn/products/ban-phim-co-gaming-aula-s100-pro-5762-3-mode-phien-ban-xanh-duong-trang-tim-red-switch,Bàn phím cơ AULA S100 Pro 99 phím Red switch 3 mode giá tốt – Sintech,79,over70_with_suffix
https://sintech.vn/products/o-cung-ssd-lexar-nm610-pro-500gb-m-2-pcie-gen3-x4-nvme,SSD Lexar NM610 PRO 500GB Gen3x4 cho PC/laptop giá tốt – Sintech,74,over70_with_suffix
https://sintech.vn/products/lot-chuot-darmoshark-pad-2-mau-trang,Lót Chuột Darmoshark PAD-2 Màu Trắng cho gaming giá tốt – Sintech,75,over70_with_suffix
https://sintech.vn/products/card-man-hinh-asus-dual-geforce-rtx-5060-8gb-oc-gddr7,Card Asus Dual RTX 5060 8GB OC GDDR7 chơi game Full HD – Sintech,74,over70_with_suffix
https://sintech.vn/products/vo-case-darkflash-db330m-m-atx-den-mesh,Vỏ Case DARKFLASH DB330M M-ATX Đen MESH giá tốt chính hãng – Sintech,78,over70_with_suffix
https://sintech.vn/products/cpu-intel-core-i5-12400-4-4ghz-6-nhan-12-luong,CPU Intel Core i5 12400 6 nhân cho PC gaming Box giá tốt – Sintech,76,over70_with_suffix
https://sintech.vn/products/chuot-gaming-darmoshark-m3-mau-den-khong-day-3-mode,Chuột Darmoshark M3 đen 3 mode cho setup gaming giá tốt – Sintech,75,over70_with_suffix
https://sintech.vn/products/tai-nghe-gaming-darmoshark-t3-enc-den-co-day,Tai Nghe Gaming Darmoshark T3 ENC Đen USB 2.0 7.1 giá tốt – Sintech,77,over70_with_suffix
https://sintech.vn/products/darmoshark-4k-receiver,Darmoshark 4K Receiver 8000Hz cho chuột gaming không dây – Sintech,76,over70_with_suffix
https://sintech.vn/products/card-man-hinh-asus-rtx-3050-6gb-no-box,Card Asus RTX 3050 6GB No Box nâng cấp PC giá tốt chính hãng – Sintech,80,over70_with_suffix
https://sintech.vn/products/card-man-hinh-ocpc-gtx-1660-super-6gb-no-box,Card OCPC GTX 1660 Super 6GB GDDR6 tản nhiệt kép giá tốt – Sintech,76,over70_with_suffix
https://sintech.vn/products/chuot-gaming-darmoshark-m3-s-varun-polling-rate-2k-mau-xam-khong-day-3-mode,Chuột Darmoshark M3-S Varun 2K không dây 3 mode chính hãng – Sintech,78,over70_with_suffix
https://sintech.vn/products/ghe-gaming-darmoshark-r1-r3,Ghế Gaming Darmoshark R1-R3 ergonomic chính hãng giá tốt – Sintech,76,over70_with_suffix
https://sintech.vn/products/mainboard-asus-prime-a620m-k-ddr5,Mainboard ASUS PRIME A620M-K DDR5 AM5 chính hãng giá tốt – Sintech,76,over70_with_suffix
https://sintech.vn/products/mainboard-gigabyte-b360m-d2v-ddr4,Mainboard Gigabyte B360M D2V DDR4 Micro-ATX chính hãng – Sintech,74,over70_with_suffix
https://sintech.vn/products/vo-case-darkflash-l280m-m-atx-trang,Vỏ Case DARKFLASH L280M M-ATX Trắng kính cường lực giá tốt – Sintech,78,over70_with_suffix
https://sintech.vn/products/phim-co-darmoshark-k9-magnetic-switch-rgb-den-xanh-la-xam-co-day,Phím Cơ Darmoshark K9 Magnetic Switch RGB có dây giá tốt – Sintech,76,over70_with_suffix
https://sintech.vn/products/ban-phim-co-gaming-aula-s100-pro-5755-3-mode-phien-ban-xanh-duong-trang-tim-dam-brown-switch,AULA S100 Pro 3 Mode Brown switch cho setup gaming giá tốt – Sintech,78,over70_with_suffix
https://sintech.vn/products/tan-nhiet-khi-ocypus-delta-a40-bk-argb-trang,Tản nhiệt Ocypus Delta A40 BK ARGB Trắng cho PC giá tốt – Sintech,75,over70_with_suffix
https://sintech.vn/products/phim-co-ban-phim-darmoshark-top-98-tri-mode-rgb-trang-3-mode,Bàn phím Darmoshark TOP 98 Tri-mode 3 mode RGB trắng – Sintech,72,over70_with_suffix
https://sintech.vn/products/chuot-gaming-darmoshark-n3-mau-den-co-day,Chuột Gaming Darmoshark N3 đen có dây cho chơi game giá tốt – Sintech,79,over70_with_suffix
https://sintech.vn/products/chuot-gaming-darmoshark-m3-s-mau-xam-co-day,Chuột Gaming Darmoshark M3-S xám có dây giá tốt chính hãng – Sintech,78,over70_with_suffix
https://sintech.vn/products/tan-nhiet-nuoc-aio-ocypus-delta-l24-bk-argb-v2-trang,Tản nhiệt nước AIO Ocypus Delta L24 ARGB V2 Trắng giá tốt – Sintech,77,over70_with_suffix
https://sintech.vn/products/tan-nhiet-khi-ocypus-delta-a40-se-bk-argb-den,Tản nhiệt khí Ocypus Delta A40 BK ARGB Đen giá tốt cho PC – Sintech,77,over70_with_suffix
https://sintech.vn/products/tan-nhiet-nuoc-aio-ocypus-delta-l36-bk-argb-v2-den,"AIO Ocypus Delta L36 BK ARGB V2 đen, tản 360mm CPU mạnh – Sintech",75,over70_with_suffix
https://sintech.vn/products/tan-nhiet-nuoc-aio-ocypus-delta-l24-bk-argb-v2-den,Tản nhiệt nước Ocypus Delta L24 BK ARGB V2 giá tốt chính hãng – Sintech,81,over70_with_suffix
https://sintech.vn/products/phim-co-darmoshark-top-87-tri-mode-rgb-den-3-mode,Phím Cơ Darmoshark TOP 87 TKL hot-swap RGB 16 triệu màu – Sintech,75,over70_with_suffix
https://sintech.vn/products/tan-nhiet-nuoc-aio-ocypus-sigma-l36-pro-den,Tản nước AIO Ocypus Sigma L36 PRO đen màn IPS 3.5 inch giá rẻ – Sintech,81,over70_with_suffix
https://sintech.vn/products/phim-co-darmoshark-top-75-tri-mode-rgb-trang-3-mode,Phím Cơ Darmoshark TOP 75 Tri-mode RGB Trắng mua giá tốt – Sintech,76,over70_with_suffix
https://sintech.vn/products/vo-case-ocypus-gamma-c52-bk-den,Vỏ Case Ocypus Gamma C52 BK Đen kính cường lực giá tốt – Sintech,74,over70_with_suffix
https://sintech.vn/products/nguon-ocypus-delta-p750-750w-80-plus-bronze-den,Nguồn Ocypus Delta P750 750W ATX 3.1 cho PC gaming giá tốt – Sintech,78,over70_with_suffix
https://sintech.vn/products/nguon-ocypus-iota-p1200-1200w-80-plus-gold-den,Nguồn Ocypus Iota P1200 1200W 80 Plus Gold ATX 3.1 giá tốt – Sintech,78,over70_with_suffix
https://sintech.vn/products/tan-nhiet-khi-cpu-centaur-ct-air07-den,Tản nhiệt khí Centaur CT-AIR07 Đen cho PC gaming giá tốt – Sintech,76,over70_with_suffix
https://sintech.vn/products/man-hinh-msi-pro-mp272lkl-100hz-27-inch-fhd,Màn Hình MSI PRO MP272LKL 100Hz 27 inch FHD IPS giá tốt – Sintech,75,over70_with_suffix
https://sintech.vn/products/vo-case-xigmatek-sky-ii-3f-trang-kem-3-fan,Case Xigmatek Sky II 3F trắng EN44182 ATX kính cường lực – Sintech,76,over70_with_suffix
https://sintech.vn/products/card-man-hinh-colorful-igame-rtx-3060-ultra-white-oc-12gb-l-v-3-fan,Colorful iGame RTX 3060 Ultra White OC 12GB GDDR6 giá tốt – Sintech,77,over70_with_suffix
https://sintech.vn/products/phim-co-darmoshark-k8-tri-mode-rgb-trang,Phím Cơ Darmoshark K8 Tri-mode RGB Trắng 75% chính hãng – Sintech,75,over70_with_suffix
https://sintech.vn/products/vo-case-montech-sky-two-gx-white,Vỏ Case Montech SKY TWO GX trắng ATX kính cường lực – Sintech,71,over70_with_suffix
https://sintech.vn/products/vo-case-xigmatek-cubi-m-nano-artic-trang,Vỏ Case Xigmatek Cubi M Nano Artic Trắng Micro-ATX/ITX – Sintech,74,over70_with_suffix
https://sintech.vn/products/vo-case-silver-stone-mini-sugo-16-itx-trang,Vỏ Case Silver Stone Mini Sugo 16 ITX Trắng giá tốt cho PC – Sintech,78,over70_with_suffix
https://sintech.vn/products/vo-case-montech-sky-one-lite-den,Vỏ Case MONTECH SKY ONE LITE Đen cho build PC gọn giá tốt – Sintech,77,over70_with_suffix
https://sintech.vn/products/phim-co-leobog-amg65-jadeite-switch-trang-khong-day,Phím Cơ Leobog AMG65 không dây cho setup trắng giá tốt – Sintech,74,over70_with_suffix
https://sintech.vn/products/chuot-co-day-gaming-logitech-g102-lightsync-gen-2-trang,Chuột Logitech G102 LightSync GEN 2 trắng có dây GAMING – Sintech,75,over70_with_suffix
https://sintech.vn/products/mainboard-gigabyte-z490-ud-cu,Mainboard Gigabyte Z490 UD cũ LGA1200 VRM 11+1 giá tốt – Sintech,74,over70_with_suffix
https://sintech.vn/products/phim-co-leobog-amg65-jadeite-switch-den-tim-khong-day,Phím Cơ Leobog AMG65 Không Dây 67 Phím PBT Hot-Swap RGB – Sintech,75,over70_with_suffix
https://sintech.vn/products/cpu-amd-ryzen-5-9600x-3-9-ghz-boost-5-4-ghz-6-cores-12-threads-32-mb-cache-tray,CPU AMD Ryzen 5 9600X Tray 6 nhân cho PC gaming giá tốt – Sintech,75,over70_with_suffix
https://sintech.vn/products/tan-nhiet-nuoc-centaur-ct-h500-360-trang,Tản nước AIO Centaur CT-H500-360 trắng 360mm cho gaming – Sintech,75,over70_with_suffix
https://sintech.vn/products/mainboard-msi-b650m-b-pro-ddr5,Mainboard Intel MSI B650M-B Pro DDR5 cho PC AM5 giá tốt – Sintech,75,over70_with_suffix
https://sintech.vn/products/nguon-jetek-maxwatt-mw700-v2-700w,Nguồn Jetek MaxWatt MW700 V2 700W cho PC gaming giá tốt – Sintech,75,over70_with_suffix
https://sintech.vn/products/tan-nhiet-nuoc-centaur-ct-h500-240-trang,Tản nước AIO Centaur CT-H500-240 trắng 240mm cho gaming – Sintech,75,over70_with_suffix
https://sintech.vn/products/combo-ban-phim-chuot-aula-ac306-xanh-duong-khong-day,Combo AULA AC306 xanh dương không dây cho văn phòng – Sintech,71,over70_with_suffix
https://sintech.vn/products/combo-ban-phim-chuot-g21b-trang-co-day,Combo bàn phím + chuột G21B trắng có dây cho setup sáng – Sintech,75,over70_with_suffix
https://sintech.vn/products/nguon-jetek-maxwatt-mw750-v2-750w,Nguồn Jetek MaxWatt MW750 V2 750W ATX 80% PFC chính hãng – Sintech,76,over70_with_suffix
https://sintech.vn/products/nguon-jetek-swat750-750w-e5-0,"Nguồn Jetek SWAT750 750W 80 Plus Bronze, PCIe 5.0 giá tốt – Sintech",77,over70_with_suffix
https://sintech.vn/products/nguon-jetek-maxwatt-mw650-v2-650w,Nguồn Jetek MaxWatt MW650 V2 650W cho PC gaming giá tốt – Sintech,75,over70_with_suffix
https://sintech.vn/products/phim-co-machenike-kt84-b84w-gateron-north-pole-2-0-yellow-switch-trang-khong-day,Phím cơ Machenike KT84-B84W trắng North Pole 3 Mode – Sintech,71,over70_with_suffix
https://sintech.vn/products/vo-case-gamdiastalos-e3-mesh-elite-den,Vỏ case Gamdias TALOS E3 MESH ELITE Đen giá tốt chính hãng – Sintech,78,over70_with_suffix
https://sintech.vn/products/cpu-amd-ryzen-5-3600-3-6ghz-turbo-up-to-4-2ghz-6-nhan-12-luong-35mb-cache-65w,CPU AMD Ryzen 5 3600 6 nhân 12 luồng cho PC AM4 giá tốt – Sintech,75,over70_with_suffix
https://sintech.vn/products/cpu-amd-ryzen-5-2400g-3-6-ghz-3-9-ghz-with-boost-tray,CPU AMD Ryzen 5 2400G 3.6GHz cho PC AM4 giá tốt chính hãng – Sintech,78,over70_with_suffix
https://sintech.vn/products/ban-phim-co-gaming-aula-f87-9425-3-mode-phien-ban-den-trang-xanh-duong-greywood-v4-switch,Bàn phím cơ AULA F87 3 Mode Greywood V4 giá tốt chính hãng – Sintech,78,over70_with_suffix
https://sintech.vn/products/phim-co-aula-f108-pro-nimbus-switch-den-gradient-khong-day,Phím Cơ Aula F108 Pro Nimbus Không Dây 108 Phím RGB giá tốt – Sintech,79,over70_with_suffix
https://sintech.vn/products/ban-phim-co-gaming-aula-f87-8619-3-mode-phien-ban-den-trang-xanh-la-grey-wood-v3-switch,Bàn phím cơ AULA F87 8619 3 Mode 87 phím hot-swap LED RGB – Sintech,77,over70_with_suffix
https://sintech.vn/products/man-hinh-24-5-inch-gaming-asus-tuf-gaming-vg259q5a-200hz-ips,Màn hình ASUS TUF VG259Q5A 25 inch 200Hz IPS chính hãng – Sintech,75,over70_with_suffix
https://sintech.vn/products/phim-co-aula-f75-reaper-switch-den-hong-gradient-khong-day,Phím Cơ Aula F75 Reaper Switch Không Dây 3 Mode Gasket – Sintech,74,over70_with_suffix
https://sintech.vn/products/phim-co-aula-f75-reaper-switch-den-xanh-dam-cam-khong-day,Phím Cơ Aula F75 3 Mode (E6913) Reaper Switch chính hãng – Sintech,76,over70_with_suffix
https://sintech.vn/products/man-hinh-cong-dell-u3419w-ultrasharp-34-inch-wqhd-60hz-8ms-99-9-srgb-hdmi-2-0,Màn hình cong Dell U3419W 34 inch WQHD cho setup giá tốt – Sintech,76,over70_with_suffix
https://sintech.vn/products/phim-co-aula-f108-pro-reaper-switch-den-xam-vang-khong-day,Phím Cơ Aula F108 Pro không dây cho setup gaming giá tốt – Sintech,76,over70_with_suffix
https://sintech.vn/products/vo-case-vsp-aqual-x3-trang-1,Vỏ Case VSP AQUAL X3 Trắng cho PC Micro ATX gọn giá tốt – Sintech,75,over70_with_suffix
https://sintech.vn/products/ram-simorchip-premium-16gb-3200,Ram Simorchip Premium 16GB DDR4 3200MHz chính hãng giá tốt – Sintech,78,over70_with_suffix
https://sintech.vn/products/ram-silicon-power-xpower-storm-rgb-gaming-ddr5-16gb-6000mhz-1x16gb,Ram Silicon Power XPOWER Storm RGB 16GB DDR5 6000MHz giá tốt – Sintech,80,over70_with_suffix
https://sintech.vn/products/vo-case-vsp-aqual-x3-hong,Vỏ Case VSP AQUAL X3 Hồng gọn cho PC Micro ATX giá tốt – Sintech,74,over70_with_suffix
https://sintech.vn/products/man-hinh-viewsonic-va2732-h-27-inch-fhd-ips-100hz-1ms-104-srgb,Màn Hình ViewSonic VA2732-H 27 Inch FHD IPS 100Hz giá tốt – Sintech,77,over70_with_suffix
https://sintech.vn/products/mainboard-biostar-h610mhc-2-0-ddr4,Mainboard Biostar H610MHC 2.0 DDR4 LGA 1700 chính hãng – Sintech,74,over70_with_suffix
https://sintech.vn/products/ram-pc-ddr5-kingston-fury-beast-32gb-32gbx1-6000mhz-kf560c40bb-32,RAM DDR5 Kingston Fury Beast 32GB 6000MHz cho PC giá tốt – Sintech,76,over70_with_suffix
https://sintech.vn/products/ram-pc-g-skill-trident-z5-neo-rgb-32gb-6000mhz-ddr5-16gbx2-f5-6000j3636f16gx2-tz5nr,Ram G.SKILL Trident Z5 Neo RGB 32GB DDR5 6000MHz 16GBx2 – Sintech,75,over70_with_suffix
https://sintech.vn/products/mainboard-biostar-h510mhp-3-0-ddr4,Mainboard BIOSTAR H510MHP 3.0 DDR4 cho PC Intel giá tốt – Sintech,75,over70_with_suffix
https://sintech.vn/products/ram-geil-polaris-rgb-16gb-ddr5-6000mhz,RAM Geil Polaris RGB 16GB DDR5 6000MHz cho PC gaming giá tốt – Sintech,80,over70_with_suffix
https://sintech.vn/products/ram-corsair-vengeance-rgb-32gb-2-x-16gb-ddr5-6000mhz-cmh32gx5m2e6000c36,Ram Corsair Vengeance RGB 32GB DDR5 6000MHz chính hãng – Sintech,74,over70_with_suffix
https://sintech.vn/products/ram-may-tinh-adata-ddr5-16gb-4800,RAM ADATA DDR5 16GB 4800MHz U-DIMM nâng cấp PC DDR5 giá tốt – Sintech,79,over70_with_suffix
https://sintech.vn/products/ram-apacer-oc-nox-rgb-64gb-32-2-ddr5-6000mhz-black,RAM Apacer 64GB DDR5 6000MHz OC NOX RGB đen sống động – Sintech,73,over70_with_suffix
https://sintech.vn/products/ram-apacer-oc-nox-rgb-32gb-16-2-ddr5-5200mhz-black,RAM Apacer 32GB DDR5 5200MHz OC NOX RGB đen sống động – Sintech,73,over70_with_suffix
https://sintech.vn/products/ram-apacer-ddr5-32gb-5200mhz-oc-nox-16x2,Kit RAM Apacer OC NOX 32GB DDR5 5200 cao cấp giá tốt – Sintech,72,over70_with_suffix
https://sintech.vn/products/ram-apacer-ddr5-16gb-panther-rgb-6000mhz-black-16x1,RAM Apacer Panther RGB 16GB DDR5 6000MHz chính hãng giá tốt – Sintech,79,over70_with_suffix
https://sintech.vn/products/ram-apacer-ddr5-16gb-5600mhz-oc-nox-16x1,RAM Apacer 16GB DDR5 5600 OC NOX cho gaming sống động – Sintech,73,over70_with_suffix
https://sintech.vn/products/ram-apacer-ddr5-16gb-5600mhz-oc-nox-white-16x1,RAM Apacer OC NOX 16GB DDR5 5600MHz nâng cấp PC mượt – Sintech,72,over70_with_suffix
https://sintech.vn/products/ram-apacer-ddr5-16gb-5200mhz-oc-nox-white-16x1,RAM Apacer OC NOX 16GB DDR5 5200MHz bảo hành chính hãng – Sintech,75,over70_with_suffix
https://sintech.vn/products/ram-adata-xpg-lancer-blade-32gb-ddr5-5600mhz-16-2,Ram Adata XPG Lancer Blade 32GB DDR5 5600MHz cho PC giá tốt – Sintech,79,over70_with_suffix
https://sintech.vn/products/ram-vengeance-32gb-2x16gb-ddr5-dram-5200mhz-c40,RAM VENGEANCE 32GB DDR5 5200MHz cho PC đa nhiệm giá tốt – Sintech,75,over70_with_suffix
https://sintech.vn/products/ram-adata-xpg-lancer-blade-rgb-black-32gb-16x2-ddr5-6000mhz-ax5u6000c3016g-dtlabrbk,Ram Adata XPG Lancer Blade RGB 32GB DDR5 cho PC giá tốt – Sintech,75,over70_with_suffix
https://sintech.vn/products/ram-silicon-rgb-16gb-1x16gb-ddr4-3200mhz-trang,RAM SILICON RGB 16GB DDR4 3200MHz Trắng giá tốt chính hãng – Sintech,78,over70_with_suffix
https://sintech.vn/products/ram-patrot-sig-8gb-ddr4-3200mhz-den,Ram Patriot Signature 8GB DDR4 3200MHz Đen giá tốt chính hãng – Sintech,81,over70_with_suffix
https://sintech.vn/products/ram-pc-kingston-fury-beast-black-8gb-3200mhz-ddr4-kf432c16bb-8,Ram Kingston Fury Beast Black 8GB 3200MHz giá tốt chính hãng – Sintech,80,over70_with_suffix
https://sintech.vn/products/ram-ocpc-xt-ii-16gb-bus-3200-ddr4-black,"RAM OCPC XT II 16GB DDR4 3200MHz Black, hỗ trợ XMP 2.0 – Sintech",74,over70_with_suffix
https://sintech.vn/products/ram-may-tinh-teamgroup-t-force-vulcan-z-gray-16gb-ddr4-3200mhz,RAM TeamGroup Vulcan Z Gray 16GB DDR4 3200MHz chính hãng – Sintech,76,over70_with_suffix
https://sintech.vn/products/ram-netac-xt-ii-8gb-ddr4-3200mt-s-den,RAM NETAC XT II 8GB DDR4 3200MHz Đen cho PC DDR4 giá tốt – Sintech,76,over70_with_suffix
https://sintech.vn/products/ram-patriot-signature-line-premium-8gb-ddr4-3200mhz,RAM Patriot Signature Premium 8GB DDR4 3200MHz giá tốt – Sintech,74,over70_with_suffix
https://sintech.vn/products/ram-netac-shadow-s-8gb-bus-3200-ddr4-white-1,RAM Netac Shadow S 8GB DDR4 3200MHz White tản kim loại – Sintech,74,over70_with_suffix
https://sintech.vn/products/ram-may-tinh-kingston-fury-beast-black-16gb-3200mhz-ddr4-kf432c16bb-16,RAM Kingston Fury Beast 16GB 3200MHz DDR4 giá tốt chính hãng – Sintech,80,over70_with_suffix
https://sintech.vn/products/ram-may-tinh-kingston-fury-beast-rgb-32gb-1x32gb-ddr4-3200mhz-kf432c16bb2a-32,RAM Kingston FURY Beast RGB 32GB DDR4 3200MHz CL16 giá tốt – Sintech,78,over70_with_suffix
https://sintech.vn/products/kit-ram-may-tinh-geil-orion-v-rgb-ddr5-32g-5200-16gbx2,RAM GeIL Orion V RGB 32GB (16GBx2) DDR5 5200MHz đồng bộ – Sintech,75,over70_with_suffix
https://sintech.vn/products/ram-netac-xt-ii-16gb-ddr4-3200-den,RAM NETAC XT II 16GB DDR4 3200MHz Đen giá tốt chính hãng – Sintech,76,over70_with_suffix
https://sintech.vn/products/ram-may-tinh-geil-super-luce-rgb-8gb-ddr4-3200-den,RAM GEIL SUPER LUCE RGB 8GB DDR4 3200MHz Đen chính hãng – Sintech,75,over70_with_suffix
https://sintech.vn/products/ram-may-tinh-geil-super-luce-rgb-16gb-ddr4-3200-den,RAM GEIL SUPER LUCE RGB 16GB DDR4 3200MHz giá tốt chính hãng – Sintech,80,over70_with_suffix
https://sintech.vn/products/ram-may-tinh-geil-super-luce-black-rgb-ddr4-8g-3600,RAM GEIL Super Luce RGB 8G DDR4 3600MHz Đen chính hãng – Sintech,74,over70_with_suffix
https://sintech.vn/products/ram-may-tinh-geil-orion-gray-rgb-ddr4-3200-8gb-16gb,RAM GEIL ORION RGB 8GB/16GB DDR4 3200MHz Xám cho PC giá tốt – Sintech,79,over70_with_suffix
https://sintech.vn/products/ram-may-tinh-geil-pristine-ddr4-8gb-3200-den,RAM GEIL Pristine DDR4 8GB 3200MHz Đen giá tốt chính hãng – Sintech,77,over70_with_suffix
https://sintech.vn/products/ram-may-tinh-centaur-ragnarok-pro-rgb-8gb-ddr4-3200-den-trang,RAM Centaur Ragnarok Pro 8GB DDR4 đen Gaming giá tốt – Sintech,72,over70_with_suffix
https://sintech.vn/products/ram-may-tinh-geil-evo-spear-ddr4-8g-3600,"RAM GeIL Spear EVO 8GB DDR4 3600MHz Đen, hỗ trợ XMP 2.0 – Sintech",75,over70_with_suffix
https://sintech.vn/products/ram-may-tinh-adata-xpg-hunter-ddr5-8gb-5200-black,RAM ADATA XPG HUNTER 8GB DDR5 5200MHz Black chính hãng – Sintech,74,over70_with_suffix
https://sintech.vn/products/ram-may-tinh-adata-xpg-d35-ddr4-16gb-3200-den-trang,RAM ADATA XPG D35 DDR4 16GB 3200 XMP 2.0 chính hãng giá tốt – Sintech,79,over70_with_suffix
https://sintech.vn/products/ram-may-tinh-adata-xpg-d30-ddr4-8gb-3200-den,RAM ADATA XPG D30 DDR4 8GB 3200MHz tản nhiệt chính hãng – Sintech,75,over70_with_suffix
https://sintech.vn/products/ram-may-tinh-adata-xpg-d10-ddr4-8gb-3200-den-trang,"RAM ADATA XPG D10 DDR4 8GB 3200MHz Đen, tản nhiệt nhôm – Sintech",74,over70_with_suffix
https://sintech.vn/products/ram-may-tinh-adata-xpg-d20-ddr4-8gb-3200-den,RAM ADATA XPG D20 DDR4 8GB 3200 Đen cho PC build giá tốt – Sintech,76,over70_with_suffix
https://sintech.vn/products/ram-may-tinh-adata-premier-ddr4-8gb-3200,RAM ADATA Premier 8GB DDR4 3200MHz - UDIMM 1.2V giá tốt – Sintech,75,over70_with_suffix
https://sintech.vn/products/ram-kingston-fury-black-1x8gb-ddr4-2666mhz-hx426c16fb3-8,RAM Kingston Fury Black 8GB DDR4 2666MHz CL16 chính hãng – Sintech,76,over70_with_suffix
https://sintech.vn/products/ram-may-tinh-adata-ddr5-xpg-lancer-rgb-16gb-6000-den-trang,RAM ADATA XPG Lancer RGB 16GB DDR5 5200MHz Đen chính hãng – Sintech,77,over70_with_suffix
https://sintech.vn/products/ram-may-tinh-corsair-vengeance-rgb-32gb-2x32gb-ddr5-5200mhz-kf432c16bb2a-32,RAM Corsair Vengeance RGB 32GB DDR5 5200MHz chính hãng – Sintech,74,over70_with_suffix
https://sintech.vn/products/ram-may-tinh-adata-ddr5-xpg-lancer-rgb-16gb-5600-den-trang,RAM ADATA XPG LANCER RGB 16GB DDR5 5600MHz Đen giá tốt – Sintech,74,over70_with_suffix
https://sintech.vn/products/ram-ecc-ddr3-16gb-bus-1600,RAM DDR3 Samsung 16GB 1600MHz ECC cho máy chủ chính hãng – Sintech,76,over70_with_suffix
https://sintech.vn/products/ram-desktop-adata-xpg-spectrix-d41-rgb-grey,RAM ADATA XPG Spectrix D41 RGB 8GB DDR4 3200MHz xám – Sintech,71,over70_with_suffix
https://sintech.vn/products/ram-desktop-adata-xpg-spectrix-d50-rgb-white-8gb-ddr4-3200mhz,RAM Adata XPG Spectrix D50 RGB White 8GB DDR4 3200MHz giá tốt – Sintech,81,over70_with_suffix
https://sintech.vn/products/ram-may-tinh-adata-ddr5-xpg-lancer-rgb-16gb-6400-den-trang,RAM ADATA XPG Lancer RGB 16GB DDR5 6400MHz Đen Trắng giá tốt – Sintech,80,over70_with_suffix
https://sintech.vn/products/ram-may-tinh-adata-premier-ddr4-4gb-2666,RAM ADATA Premier 4GB DDR4 2666MHz cho PC văn phòng giá tốt – Sintech,79,over70_with_suffix
https://sintech.vn/products/ram-ddr4-team-8g-3000-t-force-delta-rgb,Ram Team T-FORCE Delta RGB 16GB DDR4 3000MHz chính hãng – Sintech,75,over70_with_suffix
https://sintech.vn/products/ram-desktop-sstc-16gb-ddr4-3200mhz-black-sstc-3200c22-16g,Ram SSTC 16GB DDR4 3200MHz BLACK cho PC desktop giá tốt – Sintech,75,over70_with_suffix
https://sintech.vn/products/ram-ddr4-ecc-16gb-2133mhz,RAM DDR4 Samsung 16GB 2133MHz ECC Registered chính hãng – Sintech,75,over70_with_suffix
https://sintech.vn/products/ram-ddr4-adata-xpg-spectrix-d50-16gb-3200mhz-rgb,RAM ADATA XPG Spectrix D50 RGB 16GB DDR4 3200MHz trắng – Sintech,74,over70_with_suffix
https://sintech.vn/products/ram-ddr4-colorful-8gb-3200mhz-1x-8gb-battle-ax-tan-nhiet,RAM Colorful Battle AX 8GB DDR4 3200MHz tản nhiệt nhôm – Sintech,74,over70_with_suffix
https://sintech.vn/products/ram-ddr4-colorful-16gb-3200mhz-1x-16gb-battle-ax-tan-nhiet,Ram Colorful Battle AX 16GB DDR4 3200MHz tản nhiệt nhôm – Sintech,75,over70_with_suffix
https://sintech.vn/products/ram-colorful-cvn-32gb-ddr5-guardian-16gbx2-6600mhz,Ram Colorful CVN Guardian 32GB DDR5 6600MHz RGB giá tốt – Sintech,75,over70_with_suffix
https://sintech.vn/products/ram-ddr4-ecc-32gb-bus-2133mhz,RAM ECC 32GB DDR4 2133MHz cho server cũ nâng cấp giá tốt – Sintech,76,over70_with_suffix
https://sintech.vn/products/ram-kingston-fury-beast-8gb-3600-ddr4-rgb,RAM Kingston FURY Beast RGB 8GB trắng Gaming giá tốt – Sintech,72,over70_with_suffix
https://sintech.vn/products/ram-apacer-dimm-ddr4-16gb-3200mhz-el-16g21-gsh,RAM Apacer DDR4 8GB 3200MHz nâng cấp PC giá tốt chính hãng – Sintech,78,over70_with_suffix
https://sintech.vn/products/ram-apacer-panther-16gb-1x16gb-ddr4-3200mhz-ah4u16g32c28y7gaa-1,RAM Apacer Panther 16GB DDR4 3200MHz CL22 tản nhiệt nhôm – Sintech,76,over70_with_suffix
https://sintech.vn/products/ram-apacer-ddr4-dimm-3200-16gb-nox-rgb-aura2-16x1,RAM Apacer DIMM 16GB DDR4 NOX RGB Đen Gaming sống động – Sintech,74,over70_with_suffix
https://sintech.vn/products/ram-apacer-ddr4-dimm-3200mhz-8gb-nox-rgb-black,RAM Apacer DIMM NOX RGB 8GB DDR4 đen Gaming sống động – Sintech,73,over70_with_suffix
https://sintech.vn/products/ram-apacer-ddr4-8gb-3200mhz-oc-nox-white-ah4u16g32c28ymwaa-1,RAM Apacer DDR4 8GB 3200MHz NOX White giá tốt chính hãng – Sintech,76,over70_with_suffix
https://sintech.vn/products/kit-ram-may-tinh-adata-xpg-d10-ddr4-16gb-3200-den,RAM ADATA XPG D10 DDR4 dual channel 16GB 3200MHz giá hời – Sintech,76,over70_with_suffix
https://sintech.vn/products/nhan-ban-tu-ram-kingbank-8gb-ddr4-2666mhz-tan-nhiet,Ram Kingbank 16GB DDR4 2666MHz tản nhiệt cho PC giá tốt – Sintech,75,over70_with_suffix
https://sintech.vn/products/kit-ram-may-tinh-adata-xpg-d45g-ddr4-16gb-2x8g-4133-rgb,RAM ADATA XPG D45G RGB 16GB DDR4 4133MHz giá tốt chính hãng – Sintech,79,over70_with_suffix
https://sintech.vn/products/vo-case-vsp-v4-m-atx-itx-xanh,Vỏ Case Mini Tower VSP V4 xanh nhỏ gọn cute giá tốt – Sintech,71,over70_with_suffix
https://sintech.vn/products/vo-case-xigmatek-cubi-m-m-atx-itx-trang,Vỏ Case Xigmatek Cubi M M-ATX/ITX Trắng kính cường lực – Sintech,74,over70_with_suffix
https://sintech.vn/products/vo-case-vsp-aquanaut-pro-gaming-x2-galaxy-m-atx-itx-hong,Vỏ Case VSP Aquanaut Pro X2 Galaxy Hồng M-ATX/ITX giá tốt – Sintech,77,over70_with_suffix
https://sintech.vn/products/vo-case-vsp-v4-m-atx-itx-trang,Vỏ Case Mini Tower VSP V4 trắng nhỏ gọn đẹp giá tốt – Sintech,71,over70_with_suffix
https://sintech.vn/products/vo-case-segotep-gank-360-e-atx-atx-matx-trang,Vỏ Case Segotep GANK 360 trắng E-ATX cao cấp Mid Tower – Sintech,74,over70_with_suffix
https://sintech.vn/products/vo-case-segotep-lumi-ii-matx-trang,Vỏ Case SEGOTEP LUMI II mATX Trắng cho PC gọn đẹp giá tốt – Sintech,77,over70_with_suffix
https://sintech.vn/products/vo-case-montech-air-903-base-trang,Vỏ Case Montech Air 903 Base trắng mesh airflow ATX – Sintech,71,over70_with_suffix
https://sintech.vn/products/vo-case-xigmatek-cubi-e-atx-atx-m-atx-itx-trang,Case XIGMATEK CUBI Trắng Mid Tower kính cường lực giá tốt – Sintech,77,over70_with_suffix
https://sintech.vn/products/vo-case-silver-stone-mini-sugo-13-itx-trang,Case Silver Stone Mini Sugo 13 ITX trắng sang trọng – Sintech,71,over70_with_suffix
https://sintech.vn/products/vo-case-montech-king-65-pro-argb-caking65problmt-trang,Vỏ Case Montech King 65 Pro ARGB trắng kính cường lực – Sintech,73,over70_with_suffix
https://sintech.vn/products/vo-case-mik-lv12-mini-elite-itx-m-atx-hong,Case MIK LV12 Mini Elite ITX/M-ATX Hồng kính cường lực – Sintech,74,over70_with_suffix
https://sintech.vn/products/vo-case-montech-xr-trang,Vỏ Case Montech XR trắng ATX kính cường lực Mid Tower – Sintech,73,over70_with_suffix
https://sintech.vn/products/vo-case-magic-vila-ultra-m-atx-atx-itx-trang,Vỏ Case Magic Vila Ultra trắng ATX flagship cao cấp – Sintech,71,over70_with_suffix
https://sintech.vn/products/vo-case-magic-o11-vision-m-atx-trang,Vỏ Case MAGIC O11 VISION M-ATX Trắng Kính 2 Mặt giá tốt – Sintech,75,over70_with_suffix
https://sintech.vn/products/o-cung-ssd-colorful-cn600-512gb-m-2-nvme-pcie-2280,SSD Colorful CN600 512GB M.2 NVMe nâng cấp PC gaming giá tốt – Sintech,80,over70_with_suffix
https://sintech.vn/products/vo-case-magic-mix-tower-pro-aio-360-trang,Vỏ Case Magic MIX Tower Pro AIO 360 Trắng cho PC giá tốt – Sintech,76,over70_with_suffix
https://sintech.vn/products/vo-case-magic-mix-m-atx-hong,Vỏ Case Magic MIX M-ATX Hồng cho setup PC nhỏ gọn giá tốt – Sintech,77,over70_with_suffix
https://sintech.vn/products/vo-case-magic-aqua-m-ultra-plus-m-atx-itx-trang,Vỏ Case Magic Aqua M Ultra Plus trắng M-ATX kính cường – Sintech,74,over70_with_suffix
https://sintech.vn/products/vo-case-magic-mix-m-atx-trang,Vỏ Case Magic MIX M-ATX Trắng cho PC gọn chính hãng giá tốt – Sintech,79,over70_with_suffix
https://sintech.vn/products/vo-case-magic-mix-full-tower-e-atx-trang,Vỏ Case MAGIC Mix Full Tower E-ATX Trắng cho PC giá tốt – Sintech,75,over70_with_suffix
https://sintech.vn/products/vo-case-magic-aqua-m-ultra-pro-full-micro-atx-aio-360-top-trang,Vỏ Case Magic Aqua M Ultra Pro trắng cao cấp giá tốt – Sintech,72,over70_with_suffix
https://sintech.vn/products/vo-case-magic-aqua-m-ultra-trang,Vỏ Case MAGIC Aqua M Ultra Trắng cho PC giá tốt chính hãng – Sintech,78,over70_with_suffix
https://sintech.vn/products/vo-case-jonsbo-d300-m-atx-trang-kinh-cong,Vỏ Case Jonsbo D300 M-ATX Trắng kính cong giá tốt chính hãng – Sintech,80,over70_with_suffix
https://sintech.vn/products/cpu-amd-ryzen-7-5700x3d-3-0ghz-up-to-4-1-ghz-8-cores-16-threads-am4-tray,CPU AMD Ryzen 7 5700X3D AM4 cho PC gaming giá tốt chính hãng – Sintech,80,over70_with_suffix
https://sintech.vn/products/vo-case-montech-x1-atx-m-atx-itx-trang-kem-fan,Vỏ Case Montech X1 Trắng kèm fan cho PC gaming giá tốt – Sintech,74,over70_with_suffix
https://sintech.vn/products/vo-case-mik-lv12-atx-m-atx-itx-trang,Vỏ Case MIK LV12 Trắng ATX/M-ATX/ITX cho PC gọn giá tốt – Sintech,75,over70_with_suffix
https://sintech.vn/products/vo-case-vsp-esport-rog-es1-m-atx-itx-trang,Vỏ Case VSP ESPORT ROG ES1 Trắng M-ATX/ITX kính cường lực – Sintech,77,over70_with_suffix
https://sintech.vn/products/vo-case-xigmatek-myx-air-3f-den,Vỏ Case Xigmatek MYX Air 3F Đen cho PC giá tốt chính hãng – Sintech,77,over70_with_suffix
https://sintech.vn/products/vo-case-xigmatek-hero-ii-air-3f-den,Vỏ Case Xigmatek Hero II Air 3F Đen cho PC gaming giá tốt – Sintech,77,over70_with_suffix
https://sintech.vn/products/vo-case-xigmatek-cubi-m-m-atx-itx-den,Vỏ Case XIGMATEK CUBI M M-ATX/ITX Đen Mini Tower giá tốt – Sintech,76,over70_with_suffix
https://sintech.vn/products/vo-case-xigmatek-cubi-e-atx-atx-m-atx-itx-den,Vỏ Case XIGMATEK CUBI E-ATX/ATX/M-ATX/ITX Đen chính hãng – Sintech,76,over70_with_suffix
https://sintech.vn/products/vo-case-xigmatek-sky-ii-3f-kem-3-fan,Case Xigmatek Sky II 3F đen EN44182 ATX kính cường lực – Sintech,74,over70_with_suffix
https://sintech.vn/products/vo-case-xigmatek-cubi-m-nano-artic,Vỏ Case Xigmatek Cubi M Nano Artic Đen 3 Mặt Kính giá tốt – Sintech,77,over70_with_suffix
https://sintech.vn/products/vo-case-vsp-esport-rog-es1-m-atx-itx-den,Vỏ Case VSP ESPORT ROG ES1 M-ATX/ITX Đen kính cường lực – Sintech,75,over70_with_suffix
https://sintech.vn/products/vo-case-vsp-aqual-x3,"Vỏ Case VSP AQUAL X3 Đen kính cường lực, Micro ATX giá tốt – Sintech",78,over70_with_suffix
https://sintech.vn/products/vo-case-thermaltake-view-380-xl-tg-argb-atx-matx-itx-trang,Vỏ Case Thermaltake View 380 XL trắng kính cường lực – Sintech,72,over70_with_suffix
https://sintech.vn/products/vo-case-thermaltake-view-380-xl-tg-argb-atx-matx-itx-vang,Vỏ Case Thermaltake View 380 XL TG ARGB Vàng cho PC giá tốt – Sintech,79,over70_with_suffix
https://sintech.vn/products/vo-case-vsp-gaming-v3-atx-mid-tower-trang,Vỏ Case VSP Gaming V3 Mid Tower Trắng kính cường lực giá tốt – Sintech,80,over70_with_suffix
https://sintech.vn/products/vo-case-vsp-gaming-v3-atx-mid-tower-den,Vỏ Case VSP Gaming V3 ATX Mid Tower Đen kính cường lực – Sintech,74,over70_with_suffix
https://sintech.vn/products/vo-case-vsp-esport-rog-es3-m-atx-itx-den,Vỏ Case VSP ESPORT ROG ES3 M-ATX/ITX Đen cho build PC gọn – Sintech,77,over70_with_suffix
https://sintech.vn/products/vo-case-thermaltake-view-270-tg-v2-argb-snow-atx-matx-itx-trang,Case Thermaltake View 270 TG V2 ARGB Mid Tower trắng – Sintech,72,over70_with_suffix
https://sintech.vn/products/vo-case-thermaltake-view-170-tg-argb-snow-matx-itx-trang,Case Thermaltake View 170 TG ARGB trắng kèm 3 Fan ARGB – Sintech,74,over70_with_suffix
https://sintech.vn/products/vo-case-thermaltake-tower-300-snow-matx-itx-trang,Case Thermaltake TOWER 300 Snow kính cường lực 3mm trắng – Sintech,76,over70_with_suffix
https://sintech.vn/products/vo-case-thermaltake-view-170-tg-argb-matx-itx-den,Case Thermaltake View 170 TG ARGB đen kèm 3 Fan ARGB – Sintech,72,over70_with_suffix
https://sintech.vn/products/vo-case-thermaltake-tr100-snow-mini-itx-trang,Vỏ Case Thermaltake TR100 Snow trắng cho ITX giá tốt – Sintech,72,over70_with_suffix
https://sintech.vn/products/vo-case-thermaltake-tower-600-mid-tower-black-atx-matx-itx-den,Case Thermaltake TOWER 600 đen Black độc đáo giá tốt – Sintech,72,over70_with_suffix
https://sintech.vn/products/vo-case-thermaltake-tower-250-black-itx-den,Vỏ Case Thermaltake Tower 250 ITX Đen 3 mặt kính giá tốt – Sintech,76,over70_with_suffix
https://sintech.vn/products/vo-case-thermaltake-tower-250-snow-itx-trang,Vỏ Case Thermaltake TOWER 250 Snow ITX Trắng chính hãng – Sintech,75,over70_with_suffix
https://sintech.vn/products/vo-case-thermaltake-view-170-tg-argb-bubble-pink-matx-itx-hong,Case Mini View 170 TG ARGB Bubble Pink kèm 3 Fan ARGB – Sintech,73,over70_with_suffix
https://sintech.vn/products/vo-case-thermaltake-cte-e550-tg-snow-atx-matx-itx-trang,Case Thermaltake CTE E550 TG Snow mid tower trắng ATX – Sintech,73,over70_with_suffix
https://sintech.vn/products/vo-case-thermaltake-core-p3-tg-pro-eatx-atx-matx-itx-trang,Case Thermaltake Core P3 TG Pro Mid Tower trắng eATX – Sintech,72,over70_with_suffix
https://sintech.vn/products/vo-case-thermaltake-core-p3-tg-pro-eatx-atx-matx-itx-den,Case Thermaltake P3 TG Pro đen eATX cho dàn PC cao cấp – Sintech,74,over70_with_suffix
https://sintech.vn/products/vo-case-silver-stone-mini-sugo-16-itx,Vỏ case silver stone Mini sugo 16 ITX đen gọn cho PC – Sintech,72,over70_with_suffix
https://sintech.vn/products/vo-case-thermaltake-s250-tg-argb-eatx-atx-matx-itx-den,Case Thermaltake S250 TG ARGB eATX/ATX/mATX/ITX đen – Sintech,71,over70_with_suffix
https://sintech.vn/products/vo-case-segotep-gank-360-e-atx-atx-matx-den,Vỏ Case Segotep GANK 360 đen E-ATX cao cấp Mid Tower – Sintech,72,over70_with_suffix
https://sintech.vn/products/vo-case-segotep-nexus-1-matx-trang-khong-kem-nguon,Vỏ Case SEGOTEP NEXUS 1 mATX Trắng build PC gọn giá tốt – Sintech,75,over70_with_suffix
https://sintech.vn/products/vo-case-segotep-memphis-s-meow-orange-matx-cam,Vỏ Case SEGOTEP MEMPHIS S MEOW ORANGE mATX cam giá tốt – Sintech,74,over70_with_suffix
https://sintech.vn/products/vo-case-segotep-lumi-ii-matx-den,"Vỏ Case SEGOTEP LUMI II mATX Đen 2 Mặt Kính, GPU 410mm – Sintech",74,over70_with_suffix
https://sintech.vn/products/vo-case-segotep-endura-pro-e-atx-atx-matx-den,Vỏ Case Segotep Endura Pro+ đen cho PC Build giá tốt – Sintech,72,over70_with_suffix
https://sintech.vn/products/vo-case-segotep-axe-5-atx-matx-den,"Vỏ Case Mini Tower AXE 5 đen cao cấp, giá tốt, dễ lắp – Sintech",73,over70_with_suffix
https://sintech.vn/products/vo-case-montech-xr-den,Vỏ Case Montech XR đen ATX kính cường lực Mid Tower – Sintech,71,over70_with_suffix
https://sintech.vn/products/vo-case-segotep-endura-240s-matx-den,Vỏ Case SEGOTEP ENDURA 240S mATX Đen cho PC gọn chính hãng – Sintech,78,over70_with_suffix
https://sintech.vn/products/vo-case-montech-x3-mesh-atx-m-atx-itx-den-kem-fan,Vỏ Case Montech X3 Mesh đen cao cấp kèm Fan giá tốt – Sintech,71,over70_with_suffix
https://sintech.vn/products/vo-case-montech-king-65-pro-argb-caking65problmt-den,Vỏ Case Montech King 65 Pro ARGB đen kính cường lực – Sintech,71,over70_with_suffix
https://sintech.vn/products/vo-case-montech-king-95-ultra-titanium,Vỏ Case Montech King 95 Ultra Titanium chính hãng giá tốt – Sintech,77,over70_with_suffix
https://sintech.vn/products/vo-case-montech-air-1000-premium-atx-m-atx-itx-den,Vỏ Case Montech AIR 1000 Premium đen cao cấp giá tốt – Sintech,72,over70_with_suffix
https://sintech.vn/products/vo-case-montech-x1-atx-m-atx-itx-den-kem-fan,Vỏ Case Montech X1 đen kèm fan cho PC gaming chính hãng – Sintech,75,over70_with_suffix
https://sintech.vn/products/vo-case-montech-x3-glass-atx-m-atx-itx-den-kem-fan,Vỏ Case Montech X3 Glass đen cao cấp kèm Fan giá tốt – Sintech,72,over70_with_suffix
https://sintech.vn/products/vo-case-montech-air-100-lite-m-atx-itx-den,Vỏ Case Montech Air 100 Lite đen airflow tốt giá tốt – Sintech,72,over70_with_suffix
https://sintech.vn/products/vo-case-mik-lv12-mini-elite-itx-m-atx-den,Vỏ Case MIK LV12 Mini Elite ITX/M-ATX Đen kính cường lực – Sintech,76,over70_with_suffix
https://sintech.vn/products/vo-case-montech-air-100-argb-m-atx-mid-tower-den-kem-4-fan-argb,Vỏ Case Montech Air 100 ARGB đen đèn rực rỡ giá tốt – Sintech,71,over70_with_suffix
https://sintech.vn/products/vo-case-mik-lv12-m-m-atx-itx,Vỏ Case MIK LV12 M M-ATX/ITX cho PC gọn giá tốt chính hãng – Sintech,78,over70_with_suffix
https://sintech.vn/products/vo-case-mik-aether-gaming-den-khong-kem-fan,"Vỏ Case MIK Aether Gaming Đen M ATX, ITX giá tốt chính hãng – Sintech",79,over70_with_suffix
https://sintech.vn/products/vo-case-mik-aether-gaming-trang-khong-kem-fan,Vỏ Case MIK Aether Gaming Trắng tối ưu setup PC giá tốt – Sintech,75,over70_with_suffix
https://sintech.vn/products/vo-case-mik-lv12-atx-m-atx-itx-den,Vỏ Case MIK LV12 Đen ATX/M-ATX/ITX cho build PC giá tốt – Sintech,75,over70_with_suffix
https://sintech.vn/products/vo-case-magic-mix-tower-pro-aio-360-den-trang,Vỏ Case Magic MIX Tower Pro AIO 360 Đen bảo hành chính hãng – Sintech,79,over70_with_suffix
https://sintech.vn/products/vo-case-magic-o11-vision-m-at-den,Vỏ Case MAGIC O11 VISION M-ATX Đen kính cường lực 2 mặt – Sintech,75,over70_with_suffix
https://sintech.vn/products/vo-case-magic-mix-m-atx-den,Vỏ Case Magic MIX M-ATX Đen cho PC gọn dễ phối giá tốt – Sintech,74,over70_with_suffix
https://sintech.vn/products/vo-case-mik-lumine-4fa-trang-kem-4-fan-argb,Vỏ Case MIK Lumine 4FA Trắng 4 Fan ARGB giá tốt chính hãng – Sintech,78,over70_with_suffix
https://sintech.vn/products/vo-case-magic-vila-ultra-pro-atx-den,Vỏ case MAGIC Vila Ultra Pro ATX đen cho PC gọn đẹp – Sintech,71,over70_with_suffix
https://sintech.vn/products/vo-case-magic-aqua-m-ultra-pro-full-micro-atx-aio-360-top-den,Vỏ Case Magic Aqua M Ultra Pro Đen cho PC M-ATX giá tốt – Sintech,75,over70_with_suffix
https://sintech.vn/products/vo-case-magic-mix-full-tower-e-atx-den,Vỏ Case MAGIC Mix Full Tower E-ATX Đen chính hãng giá tốt – Sintech,77,over70_with_suffix
https://sintech.vn/products/vo-case-magic-aqua-m-ultra-plus-m-atx-itx-den,Vỏ Case Magic Aqua M Ultra Plus đen M-ATX kính cường – Sintech,72,over70_with_suffix
https://sintech.vn/products/vo-case-jonsbo-d300-m-atx-den-kinh-cong,Vỏ Case Jonsbo D300 M-ATX Đen kính cong giá tốt chính hãng – Sintech,78,over70_with_suffix
https://sintech.vn/products/vo-case-jetek-squid-game-z1,Vỏ Case Jetek Squid Game Z1 build PC gaming chính hãng – Sintech,74,over70_with_suffix
https://sintech.vn/products/vo-case-infinity-gasu-e-atx-gaming-chassis,Vỏ Case Infinity Gasu E-ATX kính cường lực cho PC giá tốt – Sintech,77,over70_with_suffix
https://sintech.vn/products/vo-case-jetek-csgo2-wukong-trang,Vỏ Case Jetek CSGO2 Wukong trắng ATX cao cấp Mid Tower – Sintech,74,over70_with_suffix
https://sintech.vn/products/vo-case-gamdias-aura-gc5-den-argb,Vỏ Case Gamdias Aura GC5 Đen ARGB cho PC gaming giá tốt – Sintech,75,over70_with_suffix
https://sintech.vn/products/vo-case-jetek-csgo2-wukong-den,Vỏ Case Jetek CSGO2 Wukong đen ATX cao cấp Mid Tower – Sintech,72,over70_with_suffix
https://sintech.vn/products/vo-case-galax-revoluton-06-mid-tower-atx-atx-m-atx-itx-den-kem-4-fan-rgb,Vỏ Case Galax Revolution 06 đen cho PC Build giá tốt – Sintech,72,over70_with_suffix
https://sintech.vn/products/vo-case-magic-aqua-m-ultra-den,Vỏ Case Magic Aqua M Ultra đen M-ATX kính cường lực – Sintech,71,over70_with_suffix
https://sintech.vn/products/vo-case-gamdias-aura-gc2-den-kem-4-fan-argb,Vỏ Case Gamdias GC2 đen kèm 4 Fan ARGB Setup giá tốt – Sintech,72,over70_with_suffix
https://sintech.vn/products/vo-case-edra-ecs1303-black,Vỏ Case E-DRA ECS1303 Black mini cho PC gọn chính hãng – Sintech,74,over70_with_suffix
https://sintech.vn/products/vo-case-galax-gaming-revolution-07-cgg7agba4b0-den,Vỏ Case Galax Revolution 07 Đen cho PC gaming chính hãng – Sintech,76,over70_with_suffix
https://sintech.vn/products/vo-case-centaur-titan-ct-v001-trang,Vỏ Case Centaur Titan CT V001 Trắng cho PC gaming giá tốt – Sintech,77,over70_with_suffix
https://sintech.vn/products/vo-case-edra-ecs1303-white,Vỏ Case E-DRA ECS1303 White M-ATX/ITX kính cường lực giá tốt – Sintech,80,over70_with_suffix
https://sintech.vn/products/vo-case-centaur-timber-m-atx-itx-den-luoi,Vỏ Case Centaur TIMBER đen lưới cho PC Build giá tốt – Sintech,72,over70_with_suffix
https://sintech.vn/products/vo-case-centaur-lumix-m-atx-hong-kem-3-fan-rgb,Vỏ Case Centaur Lumix M-ATX Hồng kèm 3 Fan RGB giá tốt – Sintech,74,over70_with_suffix
https://sintech.vn/products/vo-case-centaur-odyssey-c09-gaming-den,Vỏ Case Centaur Odyssey C09 đen cho PC Build giá tốt – Sintech,72,over70_with_suffix
https://sintech.vn/products/vo-case-centaur-nova-atx-m-atx-itx-den,"Vỏ Case Centaur NOVA ATX/M-ATX/ITX Đen, kính cường lực – Sintech",74,over70_with_suffix
https://sintech.vn/products/vo-case-aquanaut-pro-gaming-x7-m-atx-itx-den,Vỏ Case AQUANAUT PRO GAMING X7 M-ATX/ITX Đen chính hãng – Sintech,75,over70_with_suffix
https://sintech.vn/products/vo-case-centaur-nova-atx-m-atx-itx-trang,Vỏ Case Centaur NOVA Trắng ATX/M-ATX/ITX giá tốt chính hãng – Sintech,79,over70_with_suffix
https://sintech.vn/products/vo-case-aquanaut-pro-gaming-x7-m-atx-itx-trang,Vỏ Case AQUANAUT PRO GAMING X7 M-ATX/ITX Trắng chính hãng – Sintech,77,over70_with_suffix
https://sintech.vn/products/vo-case-centaur-hyper-gaming-trang,Vỏ Case Centaur Hyper Gaming Trắng M-ATX/ITX GPU 290mm – Sintech,74,over70_with_suffix
https://sintech.vn/products/day-audio-2-dau-3-5mm-v-a615,Dây Audio 2 đầu 3.5mm V-A615 kết nối âm thanh chính hãng – Sintech,76,over70_with_suffix
https://sintech.vn/products/cap-hdmi-2-0-dai-20m-veggieg-v-h112,Cáp HDMI 2.0 VegGieg V-H112 20m 18Gbps 4K 30Hz chính hãng – Sintech,77,over70_with_suffix
https://sintech.vn/products/cap-audio-3-5mm-ra-2-dau-rca-v-a601,Cáp Audio 3.5mm ra 2 đầu RCA V-A601 cho loa hay giá tốt – Sintech,75,over70_with_suffix
https://sintech.vn/products/cap-dvi-24-1-dai-1-5m-veggieg-v-d401,Cáp DVI 24+1 Veggieg V-D401 1.5m cho màn hình chính hãng – Sintech,76,over70_with_suffix
https://sintech.vn/products/cap-displayport-1-4-8k-veggieg-v-z620-1-5m,Cáp DisplayPort 1.4 8K VEGGIEG V-Z620 1.5m 32.4Gbps giá tốt – Sintech,79,over70_with_suffix
https://sintech.vn/products/cap-vga-1-5m-chuan-3-6-veggieg-v-v202,"Cáp VGA VegGieg V-V101 1.5m, 1920x1080 60Hz, lõi 6.0mm – Sintech",74,over70_with_suffix
https://sintech.vn/products/cap-hdmi-2-0-dai-15m-veggieg-v-h111,Cáp HDMI 2.0 VegGieg V-H111 dài 15m 18Gbps 4K chính hãng – Sintech,76,over70_with_suffix
https://sintech.vn/products/ram-laptop-apacer-so-dimm-32gb-ddr5-5200-mhz-fs-32g2b-pvh,RAM Laptop 8GB DDR5 5200 MHz nâng cấp máy chính hãng giá tốt – Sintech,80,over70_with_suffix
https://sintech.vn/products/ram-laptop-16gb-bus-3200mhz,RAM Laptop 16GB DDR4 3200MHz nâng cấp máy chính hãng giá tốt – Sintech,80,over70_with_suffix
https://sintech.vn/products/ram-laptop-16gb-bus-2666mhz,"RAM LAPTOP 16GB BUS 2666MHZ DDR4 chính hãng, giá rẻ – Sintech",71,over70_with_suffix
https://sintech.vn/products/cap-hdmi-2-0-dai-10m-veggieg-v-h110,Cáp HDMI 2.0 VegGieg V-H110 10m cho máy chiếu chính hãng – Sintech,76,over70_with_suffix
https://sintech.vn/products/fan-case-leopard-prism-4rs-ultra-argb-den-sync-main,Fan Case Leopard Prism 4RS Ultra ARGB 120mm Sync Main giá tốt – Sintech,81,over70_with_suffix
https://sintech.vn/products/fan-case-centaur-ct-8600-led-argb-trang-sync-hub,Fan Case Centaur CT-8600 Led ARGB Trắng Sync Hub giá tốt – Sintech,76,over70_with_suffix
https://sintech.vn/products/cpu-intel-core-i5-14600kf-up-to-5-3ghz-14-nhan-20-luong-24mb-cache-125w-tray,CPU Intel Core i5 14600KF Tray PC gaming 125W giá tốt – Sintech,73,over70_with_suffix
https://sintech.vn/products/tan-nhiet-nuoc-aio-gamdias-aura-gl360-v2-argb-trang,AIO Gamdias AURA GL360 V2 ARGB trắng cao cấp giá tốt – Sintech,72,over70_with_suffix
https://sintech.vn/products/fan-case-centaur-ct-9900-led-argb-den-sync-main,Fan Case CT-9900 ARGB đen 120mm cho PC Setup giá tốt – Sintech,72,over70_with_suffix
https://sintech.vn/products/tan-nhiet-nuoc-aio-gamdias-aura-gl240-v2-argb-trang,AIO Gamdias AURA GL240 V2 ARGB trắng 240mm cho gaming – Sintech,73,over70_with_suffix
https://sintech.vn/products/tan-nhiet-khi-jungle-leopard-k400-trang,Tản khí Jungle Leopard K400 trắng tower nhôm đồng cho PC – Sintech,76,over70_with_suffix
https://sintech.vn/products/man-hinh-cong-gaming-ultrawide-vsp-vg3418qc-34inch-2k-va-180hz-1ms-adaptive-sync,Màn Hình Cong Gaming VSP VG3418QC 34 inch 2K/180Hz chính hãng – Sintech,81,over70_with_suffix
https://sintech.vn/products/card-man-hinh-inno3d-geforce-rtx-5070-twin-x2-oc,INNO3D RTX 5070 Twin X2 OC 12GB GDDR7 cho PC gaming giá tốt – Sintech,79,over70_with_suffix
https://sintech.vn/products/usb-netac-um1-128gb-pearl-nickel-usb-3-2-flash-drive-150mb-s,USB Netac UM1 128GB 150MB/s cho lưu trữ giá tốt chính hãng – Sintech,78,over70_with_suffix
https://sintech.vn/products/nguon-thermalright-tg-750-w-750w-trang-80-plus-gold-full-modular,Nguồn Thermalright TG-750-W 750W 80 Plus Gold trắng giá tốt – Sintech,79,over70_with_suffix
https://sintech.vn/products/mainboard-asus-tuf-gaming-b760m-e-ddr4,Mainboard Asus TUF Gaming B760M-E DDR4 cho PC Intel giá tốt – Sintech,79,over70_with_suffix
https://sintech.vn/products/tan-nhiet-nuoc-thermalright-aqua-elite-360-v3-den,Thermalright Aqua Elite 360 V3 Đen cho PC gaming giá tốt – Sintech,76,over70_with_suffix
https://sintech.vn/products/phim-co-aula-s2022-pro-red-switch-black-co-day,Phím cơ Aula S2022 PRO Red Switch 104 Phím LED Rainbow – Sintech,74,over70_with_suffix
https://sintech.vn/products/man-hinh-vsp-ip2706s-27inch-ips-fhd-100hz-1ms-trang,Màn hình VSP IP2706S 27 inch IPS FHD 100Hz 1ms giá tốt – Sintech,74,over70_with_suffix
https://sintech.vn/products/man-hinh-gaming-edra-egm27f100h-27-inch-fullhd-100hz-ips-100hz-den,Màn hình E-DRA EGM27F100H 27 inch gaming IPS 100Hz giá tốt – Sintech,78,over70_with_suffix
https://sintech.vn/products/card-man-hinh-sapphire-nitro-rx-9060xt-gaming-oc-16gb,Sapphire Nitro+ RX 9060 XT OC 16GB cho PC gaming giá tốt – Sintech,76,over70_with_suffix
https://sintech.vn/products/mainboard-asus-prime-b760m-a-ddr4,Mainboard Asus PRIME B760M-A DDR4 cho PC Intel giá tốt – Sintech,74,over70_with_suffix
https://sintech.vn/products/mainboard-asrock-b650m-pro-rs-wifi-ddr5,Mainboard Asrock B650M Pro RS Wifi DDR5 AM5 chính hãng – Sintech,74,over70_with_suffix
https://sintech.vn/products/man-hinh-van-phong-vsp-ip2203-22inch-fhd-100hz-1ms,Màn hình VSP IP2203 22 inch FHD 100Hz cho văn phòng giá tốt – Sintech,79,over70_with_suffix
https://sintech.vn/products/cpu-amd-ryzen-5-7500f-5-0ghz-6-nhan-12-luong-tray,CPU AMD Ryzen 5 7500F Tray cho PC gaming AM5 chính hãng – Sintech,75,over70_with_suffix
https://sintech.vn/products/man-hinh-cong-gaming-vsp-va2718g-27inch-va-fhd-180hz-1ms-adaptive-sync,Màn hình cong VSP VA2718G 27 inch FHD 180Hz chính hãng – Sintech,74,over70_with_suffix
https://sintech.vn/products/man-hinh-vsp-ip2404s-24inch-fhd-120hz-1ms-den,Màn hình VSP IP2404S 24 inch FHD 120Hz 1ms Đen chính hãng – Sintech,77,over70_with_suffix
https://sintech.vn/products/cpu-intel-core-i9-9900k-5ghz-8-nhan-16-luong-cu,CPU Intel Core i9 9900K 5GHz 8 nhân cho PC Tray giá tốt – Sintech,75,over70_with_suffix
https://sintech.vn/products/cpu-amd-ryzen-5-5600x-tray-4-6ghz-6-nhan-12-luong,CPU AMD Ryzen 5 5600X Tray 6 nhân cho PC gaming giá tốt – Sintech,75,over70_with_suffix
https://sintech.vn/products/man-hinh-vsp-gaming-vg273f1-27-inch-ips-fhd-200hz-1ms-freesync-adaptive-sync-den,Màn hình VSP Gaming VG273F1 27 inch FHD 200Hz chính hãng – Sintech,76,over70_with_suffix
https://sintech.vn/products/vga-colorful-geforce-rtx-5060-ti-nb-duo-16gb-v,Card Colorful RTX 5060 Ti NB Duo 16GB GDDR7 chính hãng – Sintech,74,over70_with_suffix
https://sintech.vn/products/o-cung-ssd-sata-ocpc-xtl-200-128gb-ssd25s3t128glt,Ổ cứng SSD OCPC XTL-200 128GB SATA III giá tốt chính hãng – Sintech,77,over70_with_suffix
https://sintech.vn/products/man-hinh-vsp-g2724q1-2k-ips-27-inch-240hz,Màn hình VSP G2724Q1 2K 27 inch 240Hz giá tốt chính hãng – Sintech,76,over70_with_suffix
https://sintech.vn/products/nhan-ban-tu-card-man-hinh-vga-gigabyte-rtx-5090-gaming-oc-32gb-gddr7,Gigabyte AORUS RTX 5090 Master 32GB GDDR7 cho 8K chính hãng – Sintech,79,over70_with_suffix
https://sintech.vn/products/man-hinh-vsp-mini-led-vision-pro-g2732um-27-inch-4k-uhd160hz-fhd320hz-1ms-adpter-sync,Màn hình VSP Vision Pro G2732UM 27 inch 4K 160Hz Mini-LED – Sintech,77,over70_with_suffix
https://sintech.vn/products/fan-case-centaur-ct-8900-led-argb-trang-sync-main,"Fan Case Centaur CT-8900 Led ARGB Trắng 61,5 CFM Sync Main – Sintech",78,over70_with_suffix
https://sintech.vn/products/card-man-hinh-vga-gigabyte-rtx-5090-gaming-oc-32gb-gddr7,Gigabyte RTX 5090 Gaming OC 32GB GDDR7 giá tốt chính hãng – Sintech,77,over70_with_suffix
https://sintech.vn/products/man-hinh-vsp-vision-pro-g2732ue-27inch-4k-ips-10bit-320hz-1ms-freesync,Màn hình VSP Vision Pro G2732UE 27inch 4K IPS 320Hz 1ms – Sintech,75,over70_with_suffix
https://sintech.vn/products/mainboard-gigabyte-b760m-gaming-plus-wifi-ddr4,Mainboard Gigabyte B760M Gaming Plus Wifi DDR4 giá tốt – Sintech,74,over70_with_suffix
https://sintech.vn/products/cuc-sac-19v-7-1a-dung-cho-laptop-acer-an515-52-an515-53-an715-51-pt515-vn7-593-vn7-793-v5-591g-an515-51-an515-57-ph315-51-helios-300-g3-571-g3-572-g-573,Sạc laptop acer 19V 7.1A 135W cho nitro AN515 Predator PT515 – Sintech,80,over70_with_suffix
https://sintech.vn/products/man-hinh-van-phong-vsp-ip2702s-27inch-fhd-120hz-1ms,Màn hình VSP IP2702S 27 inch FHD 120Hz cho văn phòng giá tốt – Sintech,80,over70_with_suffix
https://sintech.vn/products/card-man-hinh-colorful-igame-rtx-5060-ti-ultra-w-duo-oc-16gb-v,Colorful iGame RTX 5060 Ti Ultra 16GB GDDR7 chính hãng – Sintech,74,over70_with_suffix
https://sintech.vn/products/phim-co-aula-win68he-max-wing-chun-magnetic-switch-den-do-co-day,Phím Cơ Aula WIN68HE Max có dây cho setup gaming giá tốt – Sintech,76,over70_with_suffix
https://sintech.vn/products/card-man-hinh-vga-gigabyte-rtx-5090-windforce-oc-32gb-gddr7,Gigabyte RTX 5090 Windforce OC 32GB GDDR7 cho AI giá tốt – Sintech,76,over70_with_suffix
https://sintech.vn/products/vo-case-magic-m-09-matx-mid-tower,"Case Magic M-09 mATX Mid Tower đen, hỗ trợ VGA 240mm giá tốt – Sintech",80,over70_with_suffix
https://sintech.vn/products/tan-nhiet-nuoc-aio-segotep-kunlun-mu-360-a-rgb,AIO Segotep Kunlun MU-360 ARGB 360mm màn LCD 2.4 inch – Sintech,73,over70_with_suffix
https://sintech.vn/products/laptop-lenovo-thinkpad-x13-gen-2-i7-1165g7-8gb-512gb-pcie-13-3-wqxga-free-os-den-20wk00cuva,Laptop Lenovo ThinkPad X13 Gen 2 (i7 | 16GB | 256GB) giá tốt – Sintech,80,over70_with_suffix
https://sintech.vn/products/nguon-may-tinh-segotep-gm1250w-80-plus-gold-den-1250w-80-plus-gold,Nguồn Segotep GM1250W 1250W Gold cho PC hiệu năng cao giá tốt – Sintech,81,over70_with_suffix
https://sintech.vn/products/tai-nghe-gaming-jrs-m2-usb-led-rgb-sound-7-1-den-hong,Tai Nghe Gaming HT-98 USB Led RGB 7.1 loa 50mm chính hãng – Sintech,77,over70_with_suffix
https://sintech.vn/products/nguon-may-tinh-segotep-gm1000w-80-plus-gold-den-1000w-80-plus-platinum,Nguồn Segotep GM1000W 1000W 80 Plus Gold giá tốt chính hãng – Sintech,79,over70_with_suffix
https://sintech.vn/products/nguon-may-tinh-segotep-bn750w-80-plus-bronze-pcie-5-1-den-750w-80-bronze,Nguồn Segotep BN750W đen Bronze 750W ATX 3.1 giá tốt – Sintech,72,over70_with_suffix
https://sintech.vn/products/nguon-may-tinh-segotep-550w-super-battleship-s7gt-550w,"Nguồn Segotep S7GT-550W 550W cho PC phổ thông, giá tốt – Sintech",74,over70_with_suffix
https://sintech.vn/products/nguon-may-tinh-segotep-an650w-80-plus-standard-white-trang-650w,Nguồn Segotep AN650W trắng Standard 650W ATX giá tốt – Sintech,72,over70_with_suffix
https://sintech.vn/products/card-man-hinh-colorful-geforce-rtx-4060-nb-duo-8gb-v-v5-v,Colorful GeForce RTX 4060 NB Duo 8GB-V cho PC gaming giá tốt – Sintech,80,over70_with_suffix
https://sintech.vn/products/nguon-may-tinh-segotep-u5-sg-d600a-500w-den,Nguồn Segotep U5 SG-D600A 500W Active PFC cho PC phổ thông – Sintech,78,over70_with_suffix
https://sintech.vn/products/tan-nhiet-khi-segotep-lumos-g4-den-4-ong-dong-led-argb,Tản Segotep Lumos G4-150W ARGB 4 Ống Đồng Quạt 12cm giá tốt – Sintech,79,over70_with_suffix
https://sintech.vn/products/tan-nhiet-nuoc-aio-thermaltake-magfloe-420-ultra-argb,Tản nước Thermaltake MAGFloe 420 ULTRA ARGB màn LCD – Sintech,71,over70_with_suffix
https://sintech.vn/products/tan-nhiet-nuoc-aio-thermaltake-magfloe-360-ultra-argb,Tản nước Thermaltake MAGFloe 360 ULTRA ARGB màn LCD – Sintech,71,over70_with_suffix
https://sintech.vn/products/cpu-intel-xeon-e5-2680v4-3-3ghz-14-nhan-28-luong-tray,CPU Intel Xeon E5 2680V4 14 nhân cho workstation giá tốt – Sintech,76,over70_with_suffix
https://sintech.vn/products/tan-nhiet-nuoc-aio-thermaltake-la240-s-argb-sync,AIO Thermaltake LA240-S ARGB SYNC 240mm cho PC GAMING – Sintech,73,over70_with_suffix
https://sintech.vn/products/cap-chuyen-displayport-ra-vga-ket-noi-pc-laptop-voi-man-hinh-may-chieu,"Cáp chuyển DISPLAYPORT ra VGA cho PC, laptop, máy chiếu – Sintech",75,over70_with_suffix
https://sintech.vn/products/cap-type-c-thunderbolt-chuan-usb-c-4-ho-tro-8k60hz-4k120hz-pd-100w-20gbps,Cáp Type C Thunderbolt USB C 4 8K60Hz PD 100W chính hãng – Sintech,76,over70_with_suffix
https://sintech.vn/products/10gbps-dau-chuyen-usb-sang-type-c-usb-to-c,"Đầu chuyển USB sang Type C tốc độ 10Gbps giá rẻ, tiện lợi – Sintech",77,over70_with_suffix
https://sintech.vn/products/tan-nhiet-nuoc-aio-thermaltake-la360-s-argb-digital,Thermaltake LA360-S ARGB Digital cho PC gaming giá tốt – Sintech,74,over70_with_suffix
https://sintech.vn/products/dau-chuyen-doi-usb-sang-type-c-usb-a-ra-type-c-ho-tro-sac-120w-20v6a-10gbps,Đầu chuyển USB A ra Type-C sạc 120W 20V6A 10Gbps giá tốt – Sintech,76,over70_with_suffix
https://sintech.vn/products/nguon-segotep-q-power-350-250w-den,Nguồn Segotep Q-Power 350W Đen cho PC phổ thông giá tốt – Sintech,75,over70_with_suffix
https://sintech.vn/products/op-tai-nghe-xiberia-k18,"Ốp tai nghe Xiberia K18 thay đệm cũ đúng mẫu, giá tốt – Sintech",73,over70_with_suffix
https://sintech.vn/products/tai-nghe-gaming-xiberia-x20-den-rgb-7-1-virtual-overear,Tai nghe Xiberia X20 RGB 7.1 USB cho PC gaming giá tốt – Sintech,74,over70_with_suffix
https://sintech.vn/products/nguon-may-tinh-thermaltake-toughpower-gt-1200-atx-3-1-80-gold-black-snow,Nguồn Thermaltake Toughpower GT 1200W ATX 3.1 80 Plus Gold – Sintech,78,over70_with_suffix
https://sintech.vn/products/tai-nghe-gaming-xiberia-q4-den-rgb-7-1-virtual-overear,Tai nghe Xiberia Q4 7.1 Virtual RGB cho game thủ giá tốt – Sintech,76,over70_with_suffix
https://sintech.vn/products/nguon-centaur-ct-850w-gaming-gold,Nguồn Centaur CT 850W Gaming Gold cho PC gaming giá tốt – Sintech,75,over70_with_suffix
https://sintech.vn/products/tai-nghe-xiberia-v15-7-1-grey-rgb-chuyen-icafe,Tai nghe Xiberia V15 7.1 Grey RGB cho gaming PC giá tốt – Sintech,75,over70_with_suffix
https://sintech.vn/products/tai-nghe-gaming-xiberia-k9-pro-am-thanh-vom-7-1-led-rgb-mic-enc,Tai Nghe Gaming Xiberia K9 Pro Virtual 7.1 RGB chính hãng – Sintech,77,over70_with_suffix
https://sintech.vn/products/card-man-hinh-vga-gigabyte-rtx-5060-windforce-8g-gddr7,Gigabyte RTX 5060 Windforce 8GB GDDR7 giá tốt chính hãng – Sintech,76,over70_with_suffix
https://sintech.vn/products/nguon-jetek-rm850-e5-0-full-modular-850w-80plus-gold-active-pfc-full-modular-atx-3-0,Nguồn JETEK RM850 E5.0 Full Modular 850W cho PC gaming – Sintech,74,over70_with_suffix
https://sintech.vn/products/tai-nghe-gaming-xiberia-k9-am-thanh-vom-7-1-led-rgb-chuyen-icafe-gaming,Tai nghe gaming Xiberia K9 USB Virtual 7.1 RGB giá tốt – Sintech,74,over70_with_suffix
https://sintech.vn/products/tai-nghe-xiberia-k1-metal-black-blue-virtual-7-1-rgb,"Tai Nghe Xiberia K1 METAL Virtual 7.1, RGB, Driver 50mm – Sintech",75,over70_with_suffix
https://sintech.vn/products/nhan-ban-tu-tai-nghe-gaming-xiberia-t20-vali-cao-cap,Tai nghe Xiberia X8 RGB Virtual 7.1 cho gaming giá tốt – Sintech,74,over70_with_suffix
https://sintech.vn/products/tai-nghe-gaming-xiberia-k1-pro-enc-7-1,"Tai nghe Xiberia K1 Pro USB RGB, ENC, Virtual 7.1 giá tốt – Sintech",77,over70_with_suffix
https://sintech.vn/products/tai-nghe-gaming-xiberia-t20-vali-cao-cap,Tai nghe Xiberia T20 RGB 7.1 cho game thủ PC chính hãng – Sintech,75,over70_with_suffix
https://sintech.vn/products/tai-nghe-gaming-xiberia-t2-cao-cap-virtual-7-1,Tai nghe Xiberia T2 RGB Virtual 7.1 cho gaming giá tốt – Sintech,74,over70_with_suffix
https://sintech.vn/products/camera-ip-imou-ipc-s51fep-cruiser-se-5mp,Camera IMOU IPC-S51FEP 5MP Wi-Fi 6 quay quét 355 độ giá tốt – Sintech,79,over70_with_suffix
https://sintech.vn/products/card-do-hoa-vga-inno3d-rtx-4070-ti-super-ichill-x3,Card Inno3D RTX 4070 Ti Super iChill X3 cho Gaming 4K – Sintech,73,over70_with_suffix
https://sintech.vn/products/de-tan-nhiet-laptop-bamba-b10-4-quat-rgb,Đế tản nhiệt Laptop Bamba B10 4 quạt RGB 2 cổng USB giá tốt – Sintech,79,over70_with_suffix
https://sintech.vn/products/card-do-hoa-vga-inno3d-rtx-4080-super-ichill-black,Card Inno3D RTX 4080 Super iChill Black 16GB GDDR6X giá tốt – Sintech,79,over70_with_suffix
https://sintech.vn/products/card-do-hoa-vga-inno3d-rtx-4080-super-ichill-frostbite,Inno3D RTX 4080 Super iChill Frostbite 16GB GDDR6X giá tốt – Sintech,78,over70_with_suffix
https://sintech.vn/products/card-do-hoa-vga-inno3d-rtx-4070-super-x3-oc,Card RTX 4070 Super X3 OC Inno3D 12GB DLSS 3 giá tốt – Sintech,72,over70_with_suffix
https://sintech.vn/products/ban-phim-co-gaming-co-day-aula-win60he-phien-ban-den-gray-wood-magnetic-switch-rapid-trigger,Phím Cơ Aula WIN60HE 61 Phím Magnetic Switch chính hãng – Sintech,75,over70_with_suffix
https://sintech.vn/products/man-hinh-aivision-a245fc-24-inch-100hz-full-hd-va-5ms-trang-cong,Màn hình AIVision A245FC 24 inch 100Hz Full HD cong VA – Sintech,74,over70_with_suffix
https://sintech.vn/products/man-hinh-cong-hkc-antteq-ant-24f242-24-inch-fhd-75hz-8ms-curved,Màn hình HKC ANTTEQ ANT 24F242 24 inch VA cong giá tốt – Sintech,74,over70_with_suffix
https://sintech.vn/products/tai-nghe-xiberia-v13u-pink-am-thanh-vom-7-1,"Tai nghe Xiberia V13U Pink RGB Virtual 7.1, OverEar tai mèo – Sintech",79,over70_with_suffix
https://sintech.vn/products/chuot-gaming-xiberia-gaming-xt600-co-day,Chuột Gaming Xiberia XT600 Có Dây PAW3389 16000 DPI giá tốt – Sintech,79,over70_with_suffix
https://sintech.vn/products/card-man-hinh-palit-rtx-2070-super-jetstream-8g-2-fan-qsd,Palit RTX 2070 Super Jetstream 8GB cho PC gaming giá tốt – Sintech,76,over70_with_suffix
https://sintech.vn/products/card-man-hinh-vga-gigabyte-rtx-2070-oc-8gb-qsd,Gigabyte RTX 2070 OC 8GB QSD cho gaming giá tốt chính hãng – Sintech,78,over70_with_suffix
https://sintech.vn/products/chuot-gaming-xiberia-gaming-xt510,Chuột Xiberia XT510 RGB có dây cho FPS giá tốt chính hãng – Sintech,77,over70_with_suffix
https://sintech.vn/products/tai-nghe-bluetooth-xiberia-dm02,Tai Nghe Không Dây XIBERIA DM02 RGB Virtual 7.1 giá tốt – Sintech,75,over70_with_suffix
https://sintech.vn/products/laptop-msi-gaming-katana-a15-ai-b8ve-402vn-r7-8845hs-16gb-512gb-15-6-fhd-rtx4050-6gb-win-11,Laptop MSI Katana A15 AI B8VE-402VN 16GB | 512GB giá tốt – Sintech,76,over70_with_suffix
https://sintech.vn/products/nhan-ban-tu-nguon-may-tinh-segotep-gn850w-atx-3-0-den-850w-80-gold,Nguồn Segotep GN850W ATX 3.0 850W 80 Plus Gold chính hãng – Sintech,77,over70_with_suffix
https://sintech.vn/products/card-man-hinh-vga-colorful-igame-rtx-3070-neptune-oc-v-8g,Card màn hình RTX 3070 Neptune OC-V 8GB GDDR6 tản nước – Sintech,74,over70_with_suffix
https://sintech.vn/products/chuot-van-phong-khong-day-motospeed-g11,"Chuột không dây Motospeed G11 - 1200 DPI, Wireless 2.4GHz – Sintech",77,over70_with_suffix
https://sintech.vn/products/chuot-van-phong-motospeed-khong-day-g40,Chuột không dây Motospeed G40 cho văn phòng tiện gọn giá tốt – Sintech,80,over70_with_suffix
https://sintech.vn/products/chuot-gaming-motospeed-v400-black-red,Chuột Gaming Motospeed V400 Black Red DPI 6400 RGB giá tốt – Sintech,78,over70_with_suffix
https://sintech.vn/products/chuot-gaming-motospeed-v70-rgb-den-trang-hong,Chuột Gaming Motospeed V70 RGB Zeus 6400 DPI chính hãng – Sintech,75,over70_with_suffix
https://sintech.vn/products/chuot-van-phong-motospeed-f333-co-day,Chuột Motospeed F333 Có Dây USB 1000 DPI văn phòng giá tốt – Sintech,78,over70_with_suffix
https://sintech.vn/products/day-cap-sac-dien-thoai-laptop-bamba-b102-65w-1m-sac-nhanh,Dây cáp Bamba B102 65W 1m sạc nhanh cho laptop giá tốt – Sintech,74,over70_with_suffix
https://sintech.vn/products/ban-phim-co-motospeed-ck980-rgb-new-version-2025,Phím Cơ Motospeed CK980 Brown Switch có dây USB giá tốt – Sintech,75,over70_with_suffix
https://sintech.vn/products/box-ssd-bamba-b2-msata-sata-3-nhom-den,"Box SSD Bamba B2 mSATA sang SATA 3 cho PC, laptop giá tốt – Sintech",77,over70_with_suffix
https://sintech.vn/products/loa-bluetooth-thonet-vander-kino,Loa Bluetooth Thonet & Vander KINO 2.1 150W chính hãng – Sintech,74,over70_with_suffix
https://sintech.vn/products/loa-soundbar-bluetooth-thonet-vander-dunn,Loa Soundbar Bluetooth Thonet & Vander Dunn 100W giá tốt – Sintech,76,over70_with_suffix
https://sintech.vn/products/loa-bluetooth-thonet-vander-titan,Loa Bluetooth Thonet & Vander TITAN 180W chính hãng giá tốt – Sintech,79,over70_with_suffix
https://sintech.vn/products/nguon-may-tinh-super-flower-zillion-db-650w-80plus-bronze,Nguồn SuperFlower Zillion DB 650W 80 Plus Bronze giá tốt – Sintech,76,over70_with_suffix
https://sintech.vn/products/loa-bluetooth-thonet-vander-rein-5-1,Loa Bluetooth Thonet & Vander REIN 5.1 chính hãng giá tốt – Sintech,77,over70_with_suffix
https://sintech.vn/products/day-cap-sac-dien-thoai-laptop-bamba-b24-240w-sac-nhanh,"Cáp sạc Bamba B24 240W 2m cho điện thoại, laptop giá tốt – Sintech",76,over70_with_suffix
https://sintech.vn/products/loa-bluetooth-thonet-vander-kugel,Loa Bluetooth Thonet & Vander KUGEL cho phòng làm việc – Sintech,74,over70_with_suffix
https://sintech.vn/products/loa-bluetooth-thonet-vander-grub-bt,Loa Bluetooth Thonet Vander GRUB BT 48W RMS 240W chính hãng – Sintech,79,over70_with_suffix
https://sintech.vn/products/cuc-sac-dien-thoai-laptop-bamba-b22-65w-sac-nhanh-den,"Cục Sạc Bamba B22 65W PD PPS đa năng, chính hãng giá tốt – Sintech",76,over70_with_suffix
https://sintech.vn/products/man-hinh-phang-gaming-ktc-h27e6-27-inch-qhd-fast-ips-320hz-1ms,Màn hình Gaming KTC H27E6 27 inch QHD Fast IPS 320Hz 1ms – Sintech,76,over70_with_suffix
https://sintech.vn/products/cap-chuyen-doi-tu-typec-sang-hdmi-vga-ugreen-30843-vo-nhua,Cáp TypeC sang HDMI + VGA Ugreen 30843 chính hãng giá tốt – Sintech,77,over70_with_suffix
https://sintech.vn/products/loa-di-dong-bluetooth-thonet-vander-frei-tws-topp,Loa Thonet Vander FREI TWS TOPP pin 30 giờ giá tốt chính hãng – Sintech,81,over70_with_suffix
https://sintech.vn/products/loa-bluetooth-thonet-vander-dass-bt,Loa Bluetooth Thonet & Vander DASS BT nghe nhạc giá tốt – Sintech,75,over70_with_suffix
https://sintech.vn/products/loa-di-dong-bluetooth-thonet-and-vander-duett,Loa BLUETOOTH Thonet Vander DUETT TM đức chính hãng – Sintech,71,over70_with_suffix
https://sintech.vn/products/loa-di-dong-bluetooth-thonet-vander-ziegel,Loa Bluetooth Thonet Vander ZIEGEL 30W pin 5000mAh giá tốt – Sintech,78,over70_with_suffix
https://sintech.vn/products/loa-bluetooth-thonet-vander-spiel-2-1,Loa Bluetooth Thonet & Vander Spiel 2.1 chính hãng giá tốt – Sintech,78,over70_with_suffix
https://sintech.vn/products/loa-kiem-am-bluetooth-thonet-vander-kurbis-2-0,Loa Bluetooth Thonet & Vander KURBIS 2.0 woofer 5.25 inch – Sintech,77,over70_with_suffix
https://sintech.vn/products/loa-di-dong-bluetooth-thonet-vander-frei-chain,Loa Thonet & Vander FREI CHAIN nghe nhạc giá tốt chính hãng – Sintech,79,over70_with_suffix
https://sintech.vn/products/tan-nhiet-khi-cpu-tomato-am-6300-max-black,Tản nhiệt khí Tomato AM6300 Max Black quạt 120mm chính hãng – Sintech,79,over70_with_suffix
https://sintech.vn/products/day-hdmi-8k-veggieg-v-h405-5m,Dây HDMI 8K VEGGIEG V-H405 5m cho PC gaming chính hãng – Sintech,74,over70_with_suffix
https://sintech.vn/products/loa-kiem-am-bluetooth-thonet-vander-vertrag-2-0,Loa Thonet & Vander Vertrag 2.0 cho góc làm việc giá tốt – Sintech,76,over70_with_suffix
https://sintech.vn/products/loa-bluetooth-thonet-vander-hoch-bt,Loa BLUETOOTH HOCH BT Thonet Vander âm Thanh đỉnh Cao – Sintech,73,over70_with_suffix
https://sintech.vn/products/cap-chuyen-doi-hdmi-to-vga,Cáp chuyển đổi HDMI To VGA 1080p 20cm chính hãng giá tốt – Sintech,76,over70_with_suffix
https://sintech.vn/products/loa-bluetooth-thonet-and-vander-fleck-9-gen-2,Loa BLUETOOTH FLECK 9 GEN 2 Thonet Vander 400W sân vườn – Sintech,75,over70_with_suffix
https://sintech.vn/products/cable-chuyen-2-chieu-dvi-sang-hdmi-24-1,"Cáp chuyển 2 chiều DVI sang HDMI chuẩn 24+1 tiện lợi, giá rẻ – Sintech",80,over70_with_suffix
https://sintech.vn/products/day-hdmi-8k-veggieg-v-h404-3m,"Dây HDMI 8K VEGGIEG V-H404 3m cho PC, TV, gaming giá tốt – Sintech",76,over70_with_suffix
https://sintech.vn/products/o-cung-ssd-apacer-as2280p4u-1tb-m-2-pcie-gen-3x4-ap1tbas2280p4u-1,SSD Apacer AS2280P4U 1TB M.2 NVMe Gen3 giá tốt chính hãng – Sintech,77,over70_with_suffix
https://sintech.vn/products/o-cung-ssd-apacer-as2280p4u-256gb-m-2-pcie-gen-3x4-ap256gas2280p4u-1,SSD Apacer AS2280P4U 256GB M.2 NVMe giá tốt chính hãng – Sintech,74,over70_with_suffix
https://sintech.vn/products/o-cung-ssd-apacer-zadak-2-5-sata-iii-twss-1tb-zs1tbtwss3-1,SSD Apacer Zadak TWSS3 1TB SATA III 2.5 inch 3D NAND – Sintech,72,over70_with_suffix
https://sintech.vn/products/o-cung-ssd-apacer-as2280p4u-512gb-m-2-pcie-gen-3x4-ap512gas2280p4u-1,SSD Apacer AS2280P4U 512GB M.2 NVMe nâng cấp PC giá tốt – Sintech,75,over70_with_suffix
https://sintech.vn/products/man-hinh-gaming-cong-msi-mag-32cq6f-32-inch-rapid-va-wqhd-2k-0-5ms-180hz,MSI MAG 32CQ6F 32 inch WQHD 180Hz cho game thủ giá tốt – Sintech,74,over70_with_suffix
https://sintech.vn/products/man-hinh-gaming-msi-mag-275qf-27-inch-ips-wqhd-2k-0-5ms-180hz-phang,MSI MAG 275QF 27 inch WQHD 180Hz cho gaming chính hãng – Sintech,74,over70_with_suffix
https://sintech.vn/products/man-hinh-msi-pro-mp275-e2-27-ips-fhd-1ms-120hz-phang,Màn hình MSI PRO MP275 E2 27 inch IPS FHD 120Hz giá tốt – Sintech,75,over70_with_suffix
https://sintech.vn/products/man-hinh-gaming-msi-mag-276cf-e20-27-va-fhd-0-5ms-200hz-phang,Màn hình Gaming MSI MAG 276CF E20 27 inch FHD 200Hz cong – Sintech,76,over70_with_suffix
https://sintech.vn/products/man-hinh-gaming-cong-msi-mag-32c6x-32-inch-va-fhd-1ms-250hz,Màn hình Gaming Cong MSI MAG 32C6X 32 inch FHD 250Hz giá tốt – Sintech,80,over70_with_suffix
https://sintech.vn/products/man-hinh-gaming-msi-mag-g274pf-27-inch-rapid-ips-fhd-0-5ms-180hz-phang,Màn hình MSI MAG G274PF 27 inch Rapid IPS 180Hz FHD giá tốt – Sintech,79,over70_with_suffix
https://sintech.vn/products/man-hinh-gaming-msi-mag-255xf-24-5-rapid-ips-fhd-0-5ms-300hz-phang,Màn hình MSI MAG 255XF 25 inch 300Hz cho FPS chính hãng – Sintech,75,over70_with_suffix
https://sintech.vn/products/man-hinh-msi-pro-mp225v-22-va-fhd-1ms-100hz-phang,Màn hình MSI PRO MP225V 22 inch VA FHD 100Hz chính hãng – Sintech,75,over70_with_suffix
https://sintech.vn/products/man-hinh-msi-pro-mp275-24-5-ips-fhd-1ms-120hz-phang,Màn hình MSI PRO MP275 27 inch IPS FHD 100Hz chính hãng – Sintech,75,over70_with_suffix
https://sintech.vn/products/man-hinh-cong-gaming-ktc-h32s17f-32-inch-fhd-hva-240hz-1ms,Màn hình Cong Gaming KTC H32S17F 32 inch FHD 240Hz 1ms – Sintech,74,over70_with_suffix
https://sintech.vn/products/man-hinh-cong-gaming-ktc-h34s18s-165hz-2k-34-inch-3440-1440-va-1500r-165hz-1ms-g-sync,KTC H34S18S 34 inch 2K 165Hz cho gaming giá tốt chính hãng – Sintech,78,over70_with_suffix
https://sintech.vn/products/man-hinh-phang-gaming-ktc-h27t22s-27-inch-2k-fast-ips-180hz-1ms,Màn hình gaming KTC H27T22S 27 inch 2K 180Hz 1ms giá tốt – Sintech,76,over70_with_suffix
https://sintech.vn/products/man-hinh-gaming-cong-msi-mag-274cxf-27-inch-va-fhd-0-5ms-280hz,MSI MAG 274CXF 27 inch FHD 280Hz cho gaming PC giá tốt – Sintech,74,over70_with_suffix
https://sintech.vn/products/man-hinh-phang-gaming-ktc-h27e22p-27-inch-fhd-hva-280hz-1ms,Màn hình Gaming KTC H27E22P 27 inch FHD 280Hz 1ms giá tốt – Sintech,77,over70_with_suffix
https://sintech.vn/products/man-hinh-cong-gaming-ktc-h27s12y-27-inch-fhd-hva-280hz-1ms,Màn hình cong KTC H27S12Y 27 inch FHD 280Hz 1ms giá tốt – Sintech,75,over70_with_suffix
https://sintech.vn/products/man-hinh-phang-gaming-ktc-h27f22-27-inch-fhd-fast-ips-180hz-1ms,Màn hình KTC H27F22 27 inch FHD 180Hz chơi game giá tốt – Sintech,75,over70_with_suffix
https://sintech.vn/products/card-man-hinh-colorful-igame-rtx-5070-vulcan-oc-12gb,Card màn hình Colorful iGame RTX 5070 Vulcan OC 12GB giá tốt – Sintech,80,over70_with_suffix
https://sintech.vn/products/camera-ip-wifi-imou-cruiser-dual-2-ipc-s7xep-10m0wed-10mp-chinh-hang,Camera IMOU Cruiser Dual 2 10MP giám sát giá tốt chính hãng – Sintech,79,over70_with_suffix
https://sintech.vn/products/box-ssd-m2-sata-pcie-orico-pwdm2-g2-usb-3-2-kem-cap-usb-to-type-c,Box SSD ORICO PWDM2-G2 USB 3.2 cho M.2 NVMe chính hãng – Sintech,74,over70_with_suffix
https://sintech.vn/products/o-cung-hdd-seagate-ironwolf-8tb-3-5-inch-sata-iii-256mb-cache-7200rpm-st8000vn004,HDD Seagate IronWolf ST8000VN004 8TB cho NAS ổn định – Sintech,72,over70_with_suffix
https://sintech.vn/products/man-hinh-phang-gaming-ktc-h25x7-25-inch-fhd-fast-ips-360hz-1ms,Màn hình gaming KTC H25X7 25 inch Fast IPS 360Hz FHD giá tốt – Sintech,80,over70_with_suffix
https://sintech.vn/products/cpu-intel-core-i5-12600kf-4-90-ghz-10-nhan-16-luong-tray,CPU Intel Core i5-12600KF 10 nhân cho PC gaming giá tốt – Sintech,75,over70_with_suffix
https://sintech.vn/products/o-cung-ssd-sstc-m110-megamouth-sata-iii-256gb,SSD SSTC M110 Megamouth 256GB SATA III 560MB/s giá tốt – Sintech,74,over70_with_suffix
https://sintech.vn/products/card-man-hinh-t-wolf-rx-580-8gb-gddr5,Card màn hình T-Wolf RX 580 8GB GDDR5 chơi Full HD giá tốt – Sintech,78,over70_with_suffix
https://sintech.vn/products/man-hinh-cong-gaming-ktc-h27s17-27-inch-2k-hva-180hz-1ms,Màn hình KTC H27S17 27 inch 2K 180Hz chính hãng giá tốt – Sintech,75,over70_with_suffix
https://sintech.vn/products/camera-ip-wifi-imou-cruiser-dual-2-ipc-s7xep-6m0wed-6mp-chinh-hang,Camera IP Wifi IMOU Cruiser Dual 2 6MP chính hãng giá tốt – Sintech,77,over70_with_suffix
https://sintech.vn/products/nguon-may-tinh-segotep-u6-650w-sg-d750a,Nguồn Segotep U6+ SG-D750A 650W 120mm chính hãng giá tốt – Sintech,76,over70_with_suffix
https://sintech.vn/products/o-cung-ssd-kingston-nv3-2tb-pcie-4-0-x4-m-2-nvme-snv3s-2000g,SSD Kingston NV3 2TB M.2 PCIe 4.0 x4 chính hãng giá tốt – Sintech,75,over70_with_suffix
https://sintech.vn/products/man-hinh-gaming-fps-ktc-h25y7-25-inch-full-hd-fast-ips-300hz-320hz-oc-1ms,Màn hình Gaming KTC H25Y7 25 inch Full HD 300Hz 1ms giá tốt – Sintech,79,over70_with_suffix
https://sintech.vn/products/cpu-intel-core-i7-14700f-5-4-ghz-20-nhan-28-luong-tray,CPU Intel Core i7 14700F Tray cho PC gaming chính hãng – Sintech,74,over70_with_suffix
https://sintech.vn/products/man-hinh-ktc-h27t13-27-inch-wqhd-2k-fast-ips-100hz,Màn hình KTC H27T13 27 inch 2K Fast IPS 100Hz chính hãng – Sintech,76,over70_with_suffix
https://sintech.vn/products/mainboard-asus-prime-z790-p-wifi-csm-ddr5,Mainboard Asus PRIME Z790-P WIFI-CSM DDR5 build PC Intel – Sintech,76,over70_with_suffix
https://sintech.vn/products/o-cung-ssd-1tb-colorful-cn600-pro-m2-nvme,Ổ cứng SSD Colorful CN600 Pro 1TB M.2 NVMe giá tốt chính hãng – Sintech,81,over70_with_suffix
https://sintech.vn/products/o-cung-ssd-512gb-colorful-cn600-pro-m2-nvme,SSD Colorful CN600 Pro 512GB M.2 NVMe giá tốt chính hãng – Sintech,76,over70_with_suffix
https://sintech.vn/products/mainboard-colorful-igame-z890-vulcan-w-v20-ddr5,Mainboard Colorful iGame Z890 VULCAN W V20 DDR5 giá tốt – Sintech,75,over70_with_suffix
https://sintech.vn/products/mainboard-colorful-igame-z890-flow-v20-ddr5,Mainboard Colorful iGame Z890 FLOW V20 DDR5 chính hãng – Sintech,74,over70_with_suffix
https://sintech.vn/products/mainboard-colorful-igame-z890-vulcan-x-v20-ddr5,Mainboard Colorful Z890 VULCAN X V20 DDR5 WiFi 7 chính hãng – Sintech,79,over70_with_suffix
https://sintech.vn/products/o-cung-ssd-1tb-colorful-sl500-2-5-inch-sata-iii-tlc,SSD Colorful SL500 1TB SATA III cho PC giá tốt chính hãng – Sintech,77,over70_with_suffix
https://sintech.vn/products/mainboard-colorful-igame-z890-ultra-v20-ddr5,Mainboard Colorful iGame Z890 ULTRA V20 DDR5 cho PC giá tốt – Sintech,79,over70_with_suffix
https://sintech.vn/products/mainboard-colorful-cvn-z890m-ark-frozen-v20,Mainboard Colorful CVN Z890M ARK FROZEN V20 DDR5 giá tốt – Sintech,76,over70_with_suffix
https://sintech.vn/products/mainboard-colorful-igame-z790d5-flow-v20-ddr5,Mainboard Colorful iGame Z790 D5 FLOW V20 DDR5 White PCB – Sintech,76,over70_with_suffix
https://sintech.vn/products/mainboard-colorful-battle-ax-z890m-plus-v20-ddr5,Mainboard Colorful CVN Z890M GAMING FROZEN V20 DDR5 giá tốt – Sintech,79,over70_with_suffix
https://sintech.vn/products/mainboard-colorful-battle-ax-z890m-plus-v20-new-ddr5,Mainboard Colorful Z890M-PLUS V20 DDR5 socket LGA 1851 – Sintech,74,over70_with_suffix
https://sintech.vn/products/mainboard-colorful-cvn-b760i-frozen-wifi-d5-v20-ddr5,Mainboard Colorful B760I Frozen WIFI D5 ITX chính hãng – Sintech,74,over70_with_suffix
https://sintech.vn/products/chuot-gaming-khong-day-e-dra-em624w,Chuột gaming không dây E-DRA EM624W LED RGB đen giá tốt – Sintech,75,over70_with_suffix
https://sintech.vn/products/nguon-may-tinh-antec-zen-350-350w,Nguồn Antec Zen 350 350W ATX quạt 120mm cho PC văn phòng – Sintech,76,over70_with_suffix
https://sintech.vn/products/chuot-gaming-khong-day-e-dra-em623w,Chuột Gaming không dây E-DRA EM623W 3200 DPI LED RGB giá tốt – Sintech,80,over70_with_suffix
https://sintech.vn/products/mainboard-colorful-cvn-b760i-a-frozen-wifi-v20-ddr5,Mainboard Colorful B760I-A Frozen WiFi DDR5 ITX giá tốt – Sintech,75,over70_with_suffix
https://sintech.vn/products/chuot-khong-day-e-dra-em605w-ergonomic,Chuột văn phòng không dây E-DRA EM605W đen Ergonomic 3 DPI – Sintech,78,over70_with_suffix
https://sintech.vn/products/mainboard-colorful-battle-ax-b760m-t-wifi-v20-ddr4,Mainboard Colorful BATTLE-AX B760M-T WIFI V20 cho PC gọn – Sintech,76,over70_with_suffix
https://sintech.vn/products/mainboard-colorful-battle-ax-h610m-e-wifi-ddr4-1,Mainboard Colorful BATTLE-AX H610M-E WIFI DDR4 giá tốt – Sintech,74,over70_with_suffix
https://sintech.vn/products/mainboard-colorful-battle-ax-b760m-d-pro-v20-ddr4,Mainboard Colorful B760M-D PRO V20 DDR4 LGA 1700 giá tốt – Sintech,76,over70_with_suffix
https://sintech.vn/products/mainboard-colorful-h510m-k-m-2-v20-ddr4-1,Bo Mạch Chủ Colorful H510M-K M.2 V20 DDR4 Intel chính hãng – Sintech,78,over70_with_suffix
https://sintech.vn/products/card-man-hinh-vga-colorful-igame-geforce-rtx-5080-advanced-oc-16gb-v,Card Colorful iGame RTX 5080 Advanced OC 16GB-V giá tốt – Sintech,75,over70_with_suffix
https://sintech.vn/products/mainboard-colorful-h610m-d-m-2-v20-ddr4,Mainboard Colorful H610M-D M.2 V20 DDR4 LGA 1700 giá tốt – Sintech,76,over70_with_suffix
https://sintech.vn/products/card-man-hinh-vga-colorful-igame-geforce-rtx-5080-vulcan-oc-16gb-v,Colorful iGame RTX 5080 Vulcan OC 16GB cho gaming giá tốt – Sintech,77,over70_with_suffix
https://sintech.vn/products/card-man-hinh-vga-colorful-igame-geforce-rtx-5080-ultra-oc-v-16gb,Card màn hình Colorful iGame RTX 5080 Ultra OC 16GB-V giá tốt – Sintech,81,over70_with_suffix
https://sintech.vn/products/card-man-hinh-vga-colorful-igame-geforce-rtx-5080-neptune-oc-16gb-v,Colorful iGame RTX 5080 Neptune OC 16GB cho PC gaming giá tốt – Sintech,81,over70_with_suffix
https://sintech.vn/products/card-man-hinh-vga-colorful-igame-geforce-rtx-5070-ti-advanced-oc-16gb-v,VGA Colorful iGame RTX 5070 Ti Advanced OC 16GB-V giá tốt – Sintech,77,over70_with_suffix
https://sintech.vn/products/card-man-hinh-vga-colorful-geforce-rtx-5070-ti-nb-ex-16gb-v,Colorful RTX 5070 Ti NB EX 16GB-V cho gaming PC giá tốt – Sintech,75,over70_with_suffix
https://sintech.vn/products/igame-geforce-rtx-5070-ti-ultra-w-oc-16gb-v,Colorful RTX 5070 Ti Ultra W OC 16GB cho gaming giá tốt – Sintech,75,over70_with_suffix
https://sintech.vn/products/card-man-hinh-vga-colorful-gt-1030-4g-v-4gb-gddr5-64-bit-dvi-hdmi,Card Colorful GT 1030 4G-V 4GB GDDR5 64-bit cho PC phổ thông – Sintech,80,over70_with_suffix
https://sintech.vn/products/card-man-hinh-vga-colorful-geforce-rtx-5070-nb-ex-12gb-v,Card RTX 5070 Colorful NB EX 12GB Blackwell giá tốt – Sintech,71,over70_with_suffix
https://sintech.vn/products/netac-um1-usb3-2-flash-drive-32gb,Netac UM1 USB3.2 Flash Drive 32GB cho lưu trữ hằng ngày – Sintech,75,over70_with_suffix
https://sintech.vn/products/the-nho-netac-p500-standard-64gb-u1-c10,Thẻ nhớ Netac P500 Standard 64GB U1/C10 giá tốt chính hãng – Sintech,78,over70_with_suffix
https://sintech.vn/products/card-man-hinh-vga-colorful-igame-geforce-rtx-5070-ti-vulcan-oc-16gb-v,Colorful RTX 5070 Ti Vulcan OC 16GB cho gaming giá tốt – Sintech,74,over70_with_suffix
https://sintech.vn/products/the-nho-netac-p500-standard-128gb-u1-c10,Thẻ nhớ Netac P500 Standard 128GB U1/C10 đọc 80MB/s giá tốt – Sintech,79,over70_with_suffix
https://sintech.vn/products/o-cung-ssd-netac-sa500-128gb-2-5-sata-iii,SSD Netac SA500 128GB SATA III cho PC laptop cũ giá tốt – Sintech,75,over70_with_suffix
https://sintech.vn/products/o-cung-ssd-netac-sa500-512gb-2-5-sata-iii,Ổ cứng SSD Netac SA500 512GB SATA III cho PC laptop giá tốt – Sintech,79,over70_with_suffix
https://sintech.vn/products/o-cung-ssd-sstc-megamouth-512gb-sata-iii-m110,Ổ cứng SSD SSTC Megamouth M110 512GB SATA III cho PC giá tốt – Sintech,80,over70_with_suffix
https://sintech.vn/products/ssd-netac-sa500-2-5-sata-iii-256gb,SSD Netac SA500 256GB SATA III 520MB/s chính hãng giá tốt – Sintech,77,over70_with_suffix
https://sintech.vn/products/ssd-netac-n930e-pro-pcie-3-x4-m-2-2280-nvme-512gb,SSD Netac N930E Pro 512GB M.2 NVMe PCIe 3x4 (3100MB/s) – Sintech,74,over70_with_suffix
https://sintech.vn/products/o-cung-ssd-netac-n930e-pro-256gb-pcie-3x4-m-2-nvme,SSD Netac N930E Pro 256GB NVMe PCIe Gen3 x4 chính hãng – Sintech,74,over70_with_suffix
https://sintech.vn/products/cuc-sac-19-5v-4-7a-dau-kim-cho-laptop-sony-vpc-f-s-eh-eb-ea-ee-el-ej-sa-sb-sc-sve-14-sve-15-svf-14-svf-15-vgn-cr-cs-cw-nr-ns-nw-fw,Sạc Laptop Sony 19.5V-4.7A Đầu Kim 6.5-4.4mm Chính Hãng – Sintech,75,over70_with_suffix
https://sintech.vn/products/tai-nghe-in-ear-bamba-b48-cong-cam-jack-3-5,"Tai nghe Bamba B48 jack 3.5 In-Ear êm ái, âm thanh chất lượng – Sintech",81,over70_with_suffix
https://sintech.vn/products/cap-man-hinh-type-c-hdmi-bamba-4k-60hz-b54-2-dau-duc,Cáp Type C HDMI BamBa B54 4K/60Hz 2m cho màn hình giá tốt – Sintech,77,over70_with_suffix
https://sintech.vn/products/man-hinh-lg-ultrawide-29wq600-w-29-0-inch-uwhd-ips-100hz-1ms-usb-typec-freesync-hdr10-speaker,Màn Hình LG UltraWide 29WQ600-W 29 inch IPS 100Hz UWHD – Sintech,74,over70_with_suffix
https://sintech.vn/products/cuc-sac-20-3v-3a-usb-c-61w-macbook-a1706-a1708-a2251-a1989-a2159-a2251-a2289-a2337-a2338-a1932-a2179-a1718-a1947,Sạc MacBook USB-C 61W 20.3V 3A cho Pro A1706 A1708 A2251 – Sintech,76,over70_with_suffix
https://sintech.vn/products/ban-gaming-chan-sat-chu-y,Bàn Gaming chân sắt chữ Y cho góc setup gọn tại nhà giá tốt – Sintech,79,over70_with_suffix
https://sintech.vn/products/pin-laptop-dell-latitude-e5540-e5440,Pin thay thế laptop Dell Latitude E5540 E5440 chính hãng – Sintech,76,over70_with_suffix
https://sintech.vn/products/chuot-quang-khong-day-aula-am205,Chuột không dây AULA AM205 2.4G 1200DPI 4 nút chính hãng – Sintech,76,over70_with_suffix
https://sintech.vn/products/chuot-van-phong-co-day-aula-am104,Chuột văn phòng có dây AULA AM104 1200DPI giá tốt chính hãng – Sintech,80,over70_with_suffix
https://sintech.vn/products/o-cung-ssd-megamouth-sstc-mm-110-128gb-sata-iii-2-5-inch,SSD SSTC Megamouth MM-110 128GB SATA III 550MB/s giá tốt – Sintech,76,over70_with_suffix
https://sintech.vn/products/ban-phim-van-phong-co-day-aula-ak105,Phím văn phòng Aula AK105 đen có dây 104 phím chính hãng – Sintech,76,over70_with_suffix
https://sintech.vn/products/mainboard-asus-tuf-gaming-b760m-plus-ii-ddr5,Mainboard Asus TUF B760M-PLUS II DDR5 LGA 1700 giá tốt – Sintech,74,over70_with_suffix
https://sintech.vn/products/mainboard-gigabyte-b760m-d-ddr4,Mainboard Gigabyte B760M D DDR4 LGA1700 Micro-ATX chính hãng – Sintech,80,over70_with_suffix
https://sintech.vn/products/chuot-quang-co-day-lecoo-m1102,Chuột quang có dây LECOO M1102 USB cho văn phòng giá tốt – Sintech,76,over70_with_suffix
https://sintech.vn/products/ban-phim-co-gaming-co-day-aula-f75-red-switch,Phím Cơ Aula F75 Red Switch Đen Có Dây giá tốt chính hãng – Sintech,77,over70_with_suffix
https://sintech.vn/products/o-cung-ssd-sstc-megamouth-m110-1tb-sata-3-2-5-inch,SSD SSTC Megamouth M110 1TB SATA III 2.5 inch cho PC giá tốt – Sintech,80,over70_with_suffix
https://sintech.vn/products/man-hinh-viewsonic-va270a-h-27-inch-full-hd-ips-120hz-1ms,Màn hình ViewSonic VA270A-H 27 inch FHD IPS 120Hz giá tốt – Sintech,77,over70_with_suffix
https://sintech.vn/products/chuot-gaming-e-dra-em6102-hong,Chuột Gaming E-DRA EM6102 hồng 3600 DPI LED 7 màu chính hãng – Sintech,80,over70_with_suffix
https://sintech.vn/products/tay-cam-machenike-g5-pro-v2-premium-edition-set-tri-mode-hot-swap,Tay cầm Machenike G5 Pro v2 tri-mode cho PC chính hãng – Sintech,74,over70_with_suffix
https://sintech.vn/products/man-hinh-aivision-a272fs-27-inch-full-hd-ips-100hz-1ms-phang,Màn hình AIVISION A272FS 27 inch Full HD IPS 100Hz 1ms – Sintech,74,over70_with_suffix
https://sintech.vn/products/tay-cam-machenike-g3s-dual-mode,Tay cầm Machenike G3S Dual-mode cho PC giá tốt chính hãng – Sintech,77,over70_with_suffix
https://sintech.vn/products/ghe-van-phong-chan-xoay,"Ghế văn phòng chân xoay 360 độ tựa lưng êm, ngồi lâu cả ngày – Sintech",80,over70_with_suffix
https://sintech.vn/products/tay-cam-machenike-g5-pro-max-tri-mode-set-pink,Tay cầm Machenike G5 Pro Max Tri-mode Pink 1000Hz giá tốt – Sintech,77,over70_with_suffix
https://sintech.vn/products/bo-chuyen-doi-usb-type-c-sang-hdmi-3xusb-3-0-pd-veggieg-v-tc05h,Veggieg V-TC05H USB-C HDMI 3xUSB 3.0 PD giá tốt chính hãng – Sintech,78,over70_with_suffix
https://sintech.vn/products/hub-chia-cong-usb-3-0-1-ra-4-cong-usb-3-0-y-3089-chinh-hang-cu,Hub USB 3.0 Y-3089 chia 1 ra 4 cổng 5Gbps chính hãng cũ – Sintech,75,over70_with_suffix
https://sintech.vn/products/ban-phim-machenike-k500-b61-wired-rgb,Machenike K500-B61 Wired RGB 61 phím gọn cho setup giá tốt – Sintech,78,over70_with_suffix
https://sintech.vn/products/usb-thu-tin-hieu-wifi-2-4g-300mbps-v-k300m-veggieg,USB Wifi V-K300M VegGieg 2.4G 300Mbps chuẩn 802.11b/g/n – Sintech,75,over70_with_suffix
https://sintech.vn/products/tan-nhiet-nuoc-aio-thermaltake-th360-v2-ultra-argb-snow,Tản nước AIO Thermaltake TH360 V2 ULTRA ARGB trắng 360 – Sintech,74,over70_with_suffix
https://sintech.vn/products/nhan-ban-tu-ban-phim-machenike-k500b-b87-wired-mixed-light-b,Phím Cơ Machenike K600E-B87W không dây giá tốt chính hãng – Sintech,77,over70_with_suffix
https://sintech.vn/products/tan-nhiet-nuoc-aio-thermaltake-th240-v2-ultra-argb-snow,Tản nhiệt nước AIO Thermaltake TH240 V2 ULTRA Snow cao cấp – Sintech,78,over70_with_suffix
https://sintech.vn/products/cap-chuyen-doi-type-c-3-1-sang-hdmi-v-z915,Cáp Type C 3.1 sang HDMI V-Z915 4K/30Hz vỏ nhôm 15cm giá tốt – Sintech,80,over70_with_suffix
https://sintech.vn/products/tan-nhiet-nuoc-aio-thermaltake-th360-v2-ultra-argb-black,Tản nước AIO Thermaltake TH360 V2 ULTRA ARGB đen 360 – Sintech,72,over70_with_suffix
https://sintech.vn/products/tan-nhiet-nuoc-aio-thermaltake-th240-v2-ultra-argb-black,"Thermaltake TH240 V2 ULTRA chính hãng, giá rẻ cho PC GAMING – Sintech",79,over70_with_suffix
https://sintech.vn/products/tan-nhiet-nuoc-aio-thermaltake-th240-v2-argb-black,Tản nhiệt nước Thermaltake TH240 V2 ARGB Black hiệu năng cao – Sintech,80,over70_with_suffix
https://sintech.vn/products/chan-do-man-hinh-thermaltake-triple-racing-monitor-stand,Chân đỡ Thermaltake Triple Racing cho sim racing giá tốt – Sintech,76,over70_with_suffix
https://sintech.vn/products/man-hinh-philips-27e1n1300a-27-inch-fhd-ips-100hz-1ms-usb-c,Màn hình Philips 27E1N1300A 27 inch FHD IPS 100Hz USB-C – Sintech,75,over70_with_suffix
https://sintech.vn/products/tan-nhiet-nuoc-aio-thermaltake-th240-v2-argb-snow,Thermaltake TH240 V2 ARGB Snow: tản nước hiệu năng cao – Sintech,74,over70_with_suffix
https://sintech.vn/products/sac-laptop-asus-19v-3-42a-65w-hinh-chu-nhat,Sạc Laptop Asus 19V 3.42A 65W Hình Chữ Nhật Chính Hãng – Sintech,74,over70_with_suffix
https://sintech.vn/products/tan-nhiet-nuoc-aio-thermaltake-th360-v2-argb-black,Tản nhiệt nước Thermaltake TH360 V2 ARGB Black làm mát – Sintech,74,over70_with_suffix
https://sintech.vn/products/nguon-may-tinh-thermaltake-toughpower-tf3-1550w-80-plat,Nguồn Thermaltake TF3 1550W Titanium cho PC cao cấp giá tốt – Sintech,79,over70_with_suffix
https://sintech.vn/products/o-cung-ssd-4tb-adata-sx8100np-m-2-nvme-pcie-gen3x4-asx8100np-4tt-c,SSD Adata SX8100NP 4TB M.2 NVMe đọc 3500MB/s chính hãng – Sintech,75,over70_with_suffix
https://sintech.vn/products/nguon-may-tinh-thermaltake-gf3-1350w-80-gold,Nguồn Thermaltake GF3 1350W 80 Plus Gold cho PC gaming – Sintech,74,over70_with_suffix
https://sintech.vn/products/ghe-gia-lap-lai-xe-thermaltake-gr500-racing-simulator-cockpit-snow,Cockpit Thermaltake GR500 Snow trắng cho Sim Racing – Sintech,71,over70_with_suffix
https://sintech.vn/products/man-hinh-gaming-vsp-vx327c-32-inch-cong-165hz,Màn Hình Gaming VSP VX327C 32 inch Cong 165Hz chính hãng – Sintech,76,over70_with_suffix
https://sintech.vn/products/nguon-may-tinh-thermaltake-80-bronze-smart-bx1-650w-dc-dc,PSU Thermaltake Smart BX1 650W 80 Plus Bronze DC-DC – Sintech,71,over70_with_suffix
https://sintech.vn/products/nguon-may-tinh-thermaltake-gf3-1650w-80-gold,Nguồn Thermaltake GF3 1650W 80 Plus Gold cho PC cao cấp – Sintech,75,over70_with_suffix
https://sintech.vn/products/man-hinh-may-tinh-asus-tuf-gaming-vg27aq1a-27-inch-2k-ips-170hz,Màn hình Asus TUF VG27AQ1A 27 inch 2K IPS 170Hz giá tốt – Sintech,75,over70_with_suffix
https://sintech.vn/products/card-wifi-intel-7260ac-wtxup-blutooth-4-0-dual-band-wireless,Card Wifi Intel 7260AC WTXUP Dual Band 5GHz BT 4.0 giá tốt – Sintech,78,over70_with_suffix
https://sintech.vn/products/o-cung-ssd-kingston-nv3-pcie-4-0-nvme-500gb,SSD Kingston NV3 500GB M.2 NVMe Gen4 nâng cấp PC giá tốt – Sintech,76,over70_with_suffix
https://sintech.vn/products/o-cung-ssd-colorful-cn600-256gb-m-2-nvme-2280-pcie,SSD Colorful CN600 256GB M.2 NVMe đọc 2.100 MB/s chính hãng – Sintech,79,over70_with_suffix
https://sintech.vn/products/chuot-gaming-machenike-m7-pro-wired-white,Chuột Gaming Machenike M7 Pro White 65g 12800 DPI giá tốt – Sintech,77,over70_with_suffix
https://sintech.vn/products/card-man-hinh-ocpc-nvidia-geforce-rtx-2060-super-8gb-gddr6,Card OCPC RTX 2060 Super 8GB GDDR6 cho PC gaming giá tốt – Sintech,76,over70_with_suffix
https://sintech.vn/products/chuot-gaming-machenike-m7-pro-wired-black,Chuột Gaming Machenike M7 Pro Wired Black bảo hành chính hãng – Sintech,81,over70_with_suffix
https://sintech.vn/products/mainboard-asus-prime-b760m-f-d4-ddr4,Mainboard Asus Prime B760M-F D4 DDR4 micro-ATX chính hãng – Sintech,77,over70_with_suffix
https://sintech.vn/products/o-cung-ssd-agi-sata-ai238-256gb-2-5-inch,Ổ cứng SSD AGI AI238 256GB SATA III 2.5 inch giá tốt – Sintech,72,over70_with_suffix
https://sintech.vn/products/cartridge-topjet-35a-85a-cb435a-cb436a-ce285a-hp-p1002-p1009-p1102-p1132-canon-3050-3150-3250,Cartridge TopJet 35A/85A in 1.600-3.200 trang chính hãng – Sintech,76,over70_with_suffix
https://sintech.vn/products/card-man-hinh-vga-rtx-5090-32g-suprim-soc,Card MSI RTX 5090 Suprim SOC 32GB GDDR6 cho PC gaming mạnh – Sintech,78,over70_with_suffix
https://sintech.vn/products/card-man-hinh-vga-rtx-5090-32g-gamign-trio-oc,MSI RTX 5090 Gaming Trio OC 32GB GDDR6 cho PC AI giá tốt – Sintech,76,over70_with_suffix
https://sintech.vn/products/card-man-hinh-vga-rtx-5090-32g-suprim-oc,MSI RTX 5090 Suprim OC 32GB GDDR6 cho PC gaming giá tốt – Sintech,75,over70_with_suffix
https://sintech.vn/products/card-man-hinh-vga-rtx-5090-32g-vanguard-soc,Card RTX 5090 MSI Vanguard SOC 32GB Flagship giá tốt – Sintech,72,over70_with_suffix
https://sintech.vn/products/card-man-hinh-vga-rtx-5090-32g-vanguard-oc,Card RTX 5090 MSI Vanguard OC 32GB Flagship giá tốt – Sintech,71,over70_with_suffix
https://sintech.vn/products/card-man-hinh-vga-rtx-5090-16g-ventus-3x-oc,Card MSI RTX 5090 Ventus 3X OC 32GB GDDR6 giá tốt chính hãng – Sintech,80,over70_with_suffix
https://sintech.vn/products/card-man-hinh-vga-rtx-5080-16g-gaming-trio-oc,MSI RTX 5080 Gaming Trio OC 16GB GDDR6 cho PC gaming giá tốt – Sintech,80,over70_with_suffix
https://sintech.vn/products/card-man-hinh-vga-rtx-5080-16g-suprim-liquid-oc,Card MSI RTX 5080 Suprim Liquid OC 16GB GDDR6 chính hãng – Sintech,76,over70_with_suffix
https://sintech.vn/products/card-man-hinh-vga-rtx-5080-16g-vanguard-soc,MSI RTX 5080 Vanguard SOC 16GB GDDR6 chính hãng giá tốt – Sintech,75,over70_with_suffix
https://sintech.vn/products/card-man-hinh-vga-rtx-5080-16g-vanguard-oc,Card MSI RTX 5080 Vanguard OC 16GB GDDR6 giá tốt chính hãng – Sintech,79,over70_with_suffix
https://sintech.vn/products/man-hinh-gaming-samsung-odyssey-oled-g9-g93sc-ls49cg934sexxv-49-inch-oled-dualqhd-240hz-0-03ms-cong,Samsung Odyssey OLED G9 G93SC 49 inch cho gaming giá tốt – Sintech,76,over70_with_suffix
https://sintech.vn/products/card-man-hinh-vga-rtx-5080-16g-gaming-trio-oc-white,MSI RTX 5080 Gaming Trio OC White 16GB GDDR6 chính hãng – Sintech,75,over70_with_suffix
https://sintech.vn/products/card-man-hinh-vga-rtx-5080-16g-suprim-oc,Card MSI RTX 5080 Suprim OC 16GB GDDR7 cho game 4K giá tốt – Sintech,78,over70_with_suffix
https://sintech.vn/products/man-hinh-gaming-asus-tuf-vg279qm-27inch-fhd-280hz-1ms,Màn hình Gaming Asus TUF VG279QM 27 inch FHD 280Hz 1ms – Sintech,74,over70_with_suffix
https://sintech.vn/products/card-man-hinh-vga-rtx-5080-16g-suprim-soc,Card màn hình MSI RTX 5080 Suprim SOC 16GB GDDR6 giá tốt – Sintech,76,over70_with_suffix
https://sintech.vn/products/macbook-ari-2027-i5-ram-8gb-ssd-128gb-13-3-inch,Laptop MacBook Air 2017 (i5 | 8GB | 128GB) cũ đẹp giá tốt – Sintech,77,over70_with_suffix
https://sintech.vn/products/o-cam-dien-ldnio-3a1c-sc2413-2port-3usb-type-c-2500w,Ổ cắm điện LDNIO SC2413 đa năng cho bàn làm việc tại nhà – Sintech,76,over70_with_suffix
https://sintech.vn/products/lot-chuot-lon-hinh-ngau-nhien,Lót Chuột Lớn hình ngẫu nhiên cho setup bàn gọn giá tốt – Sintech,75,over70_with_suffix
https://sintech.vn/products/o-cam-dien-du-lich-ldnio-z8-sac-45w-2-cong-type-c-usb,Ổ cắm điện LDNIO Z8 sạc GaN 45W cho du lịch chính hãng – Sintech,74,over70_with_suffix
https://sintech.vn/products/card-man-hinh-vga-rtx-5080-16g-ventus-3x-oc-plus-white,MSI RTX 5080 Ventus 3X OC Plus White 16GB GDDR6 giá tốt – Sintech,75,over70_with_suffix
https://sintech.vn/products/bo-phat-wifi-tp-link-archer-c80-chuan-ac-ac1900mbps-4-ang-ten-ngoai-wifi-mesh-35-user,TP-Link Archer C80 AC1900Mbps cho wifi mesh mua giá tốt – Sintech,75,over70_with_suffix
https://sintech.vn/products/man-hinh-phang-vsp-va2728g2-27-inch-fhd-va-280hz-1ms-chuyen-game,Màn hình VSP VA2728G2 27 inch FHD 280Hz 1ms chính hãng – Sintech,74,over70_with_suffix
https://sintech.vn/products/man-hinh-vsp-g2710q1-27-inch-2k-ips-100hz-1ms-den,Màn Hình VSP G2710Q1 27 inch 2K IPS cho làm việc giá tốt – Sintech,76,over70_with_suffix
https://sintech.vn/products/cap-hdmi-3m-day-dep-full-hd,Cáp HDMI 3m dây dẹp Full HD cho PC Tivi Projector giá tốt – Sintech,77,over70_with_suffix
https://sintech.vn/products/day-cap-chuyen-displayport-sang-hdmi,Cáp chuyển DISPLAYPORT sang HDMI cho PC card đồ họa – Sintech,71,over70_with_suffix
https://sintech.vn/products/may-tinh-de-ban-vsp-aio-all-in-one-va241-610h-23-8-full-hd-60-hz,Máy tính VSP AIO VA241-610H 23.8 inch Full HD chính hãng – Sintech,76,over70_with_suffix
https://sintech.vn/products/man-hinh-viewsonic-va2432-h-24-inch-ips-100hz-vien-mong,Màn hình Viewsonic VA2432-H 24 inch IPS 100Hz mua giá tốt – Sintech,77,over70_with_suffix
https://sintech.vn/products/tam-lot-chuot-razer-strider-chroma-900x390x4mm,Lót Chuột Razer Strider Chroma 900x390x4mm RGB giá tốt – Sintech,74,over70_with_suffix
https://sintech.vn/products/o-cung-ssd-kingston-nv3-1tb-m-2-pcie-nvme-gen4,SSD Kingston NV3 1TB M.2 NVMe Gen4 cho PC giá tốt chính hãng – Sintech,80,over70_with_suffix
https://sintech.vn/products/man-hinh-gaming-lg-27gs50f-b-atvq-27-inch-full-hd-va-180hz-1ms-phang,Màn hình LG 27GS50F-B 27 inch 180Hz cho gaming giá tốt – Sintech,74,over70_with_suffix
https://sintech.vn/products/man-hinh-gaming-vsp-ip3205s-32-inch-fhd-ips-75hz-8ms,Màn hình Gaming VSP IP3205S 32 inch FHD IPS chính hãng – Sintech,74,over70_with_suffix
https://sintech.vn/products/chuot-razer-basilisk-v3-pro,Chuột Razer Basilisk V3 Pro Focus Pro 30K chính hãng giá tốt – Sintech,80,over70_with_suffix
https://sintech.vn/products/o-cung-hdd-nas-seagate-ironwolf-4tb-st4000vn006,HDD Seagate IronWolf ST4000VN006 4TB cho NAS ổn định – Sintech,72,over70_with_suffix
https://sintech.vn/products/cap-chuyen-mini-displayport-to-hdmi,Cáp chuyển Mini DISPLAYPORT to HDMI nhỏ gọn cho laptop – Sintech,74,over70_with_suffix
https://sintech.vn/products/nhan-ban-tu-the-nho-micro-sd-32g-teamgroup-box-class10-u1-100mb-s-1,Thẻ nhớ Micro SD 32GB TEAMGROUP Class10 U1 100MB/s giá rẻ – Sintech,77,over70_with_suffix
https://sintech.vn/products/tai-nghe-gaming-corsair-hs55-carbon-ca-9011260-ap,Tai nghe Corsair HS55 Carbon chơi game PC mic rõ giá tốt – Sintech,76,over70_with_suffix
https://sintech.vn/products/o-cung-ssd-silicon-power-256gb-a55,SSD Silicon Power A55 256GB SATA III cho PC/laptop giá tốt – Sintech,78,over70_with_suffix
https://sintech.vn/products/cpu-amd-ryzen-7-7800x3d-5-0-ghz-8-nhan-16-luong-tray,CPU AMD Ryzen 7 7800X3D 8 nhân 16 luồng 5.0GHz chính hãng – Sintech,77,over70_with_suffix
https://sintech.vn/products/man-hinh-lg-ultragear-27gr75q-b-27-ips-2k-165hz-1ms-phang,Màn hình LG UltraGear 27GR75Q-B 27 inch IPS 2K 165Hz – Sintech,72,over70_with_suffix
https://sintech.vn/products/mainboard-gigabyte-z790m-aorus-elite-ax-ddr5,Mainboard Gigabyte Z790M AORUS ELITE AX DDR5 chính hãng – Sintech,75,over70_with_suffix
https://sintech.vn/products/box-hdd-ssk-he-v600-2-5-usb-3-0-he-660,Box HDD SSK HE-V600 | Biến ổ cứng 2.5 inch thành ổ rời – Sintech,74,over70_with_suffix
https://sintech.vn/products/tan-nhiet-nuoc-aio-thermalright-frozen-infinity-360-black-argb,Tản nhiệt nước Thermalright Frozen Infinity 360 Black ARGB – Sintech,78,over70_with_suffix
https://sintech.vn/products/cap-displayport-ugreen-dp102-1m-4k-60hz,Cáp DisplayPort UGREEN DP102 1m 4K@60Hz DP V1.2 giá tốt – Sintech,75,over70_with_suffix
https://sintech.vn/products/camera-2-mat-vitacam-dz8000-khong-goc-khuat-8-0-mp,Camera 2 mắt Vitacam DZ8000 8.0MP quan sát 360 độ giá tốt – Sintech,77,over70_with_suffix
https://sintech.vn/products/cable-hdmi-ugreen-hd104-chua-n-1-4-4k-2k-10m,Cable HDMI UGREEN HD104 1.4 4K*2K dài 10m chính hãng giá tốt – Sintech,80,over70_with_suffix
https://sintech.vn/products/chuot-choi-game-dareu-lm103,Chuột chơi game Dareu LM103 DPI 1000 switch Huano giá tốt – Sintech,77,over70_with_suffix
https://sintech.vn/products/cong-chuyen-doi-hub-ugreen-type-c-9-in-1-cm179,"Hub chuyển đổi UGREEN Type-C 9 in 1 CM179 HDMI 4K, PD 100W – Sintech",78,over70_with_suffix
https://sintech.vn/products/swicth-d-link-dgs1005a-5-ports-5-cong-10-100-1000-mbps-vo-nhua-mau-trang,D-Link DGS-1005A 5 cổng Gigabit cho mạng gia đình giá tốt – Sintech,77,over70_with_suffix
https://sintech.vn/products/gia-treo-man-hinh-nb-s350-arm-man-hinh,"Giá treo màn hình NB S350 - Arm đơn 17-30 inch, tải 9kg – Sintech",75,over70_with_suffix
https://sintech.vn/products/camera-4g-2-mat-ngoai-troi-hy-2323-4mpx,Camera 4G 2 Mắt Ngoài Trời HY-2323 4MPX xoay 350 độ giá tốt – Sintech,79,over70_with_suffix
https://sintech.vn/products/man-hinh-acer-ek221q-e3-21-5-fhd-ips-100hz-phang,Màn Hình Acer EK221Q E3 22 inch FHD IPS 100Hz chính hãng – Sintech,76,over70_with_suffix
https://sintech.vn/products/cudy-fs105d-bo-chuyen-mach-de-ban-5-cong-10-100-mbps-5-cong-rj45-10-100m-vo-nhua-de-ban-tiet-kiem-dien-plug-play-mau-den-fs105d,Bộ chuyển mạch Cudy FS105D 5 cổng 10/100M chính hãng giá tốt – Sintech,80,over70_with_suffix
https://sintech.vn/products/camera-ipc-s41fp-cruiser-se-4mp,Camera IPC-S41FP Cruiser SE 4MP quan sát ngoài trời giá tốt – Sintech,79,over70_with_suffix
https://sintech.vn/products/camera-ipc-a32ep-ranger-2-3mp,Camera IPC-A32EP Ranger 2 3MP Wi-Fi quay quét chính hãng – Sintech,76,over70_with_suffix
https://sintech.vn/products/nguon-may-tinh-1stplayer-ngdp-plt-1300-bk-eu-1300w-80-platinum-den,Nguồn 1STPLAYER NGDP-PLT-1300 1300W cho PC 4K giá tốt – Sintech,73,over70_with_suffix
https://sintech.vn/products/nguon-may-tinh-1stplayer-ngdp-plt-1000-bk-eu-1000w-80-platinum-den,Nguồn 1STPLAYER 1000W 80 Plus Platinum Full Modular giá tốt – Sintech,79,over70_with_suffix
https://sintech.vn/products/card-man-hinh-zotac-gaming-twin-edge-oc-rtx-3070-8gb,Card ZOTAC RTX 3070 Twin Edge OC 8GB cho gaming giá tốt – Sintech,75,over70_with_suffix
https://sintech.vn/products/nguon-may-tinh-1stplayer-ngdp-gld-1000-bk-eu-1000w-80-gold-den,Nguồn 1STPLAYER 1000W 80 Plus Gold Full Modular chính hãng – Sintech,78,over70_with_suffix
https://sintech.vn/products/camera-ranger-rc-gk2cp-4c0wr-4mp,Camera Ranger RC GK2CP-4C0WR 4MP quay quét 355° giá tốt – Sintech,75,over70_with_suffix
https://sintech.vn/products/macbook-pro-touchbar-16-inch-2019-i7-2-6ghz-sliver-gray,Laptop Apple Macbook Pro 16 2019 (i7 | 16GB | 512GB) cũ đẹp – Sintech,79,over70_with_suffix
https://sintech.vn/products/nguon-may-tinh-1stplayer-ngdp-gld-850-bk-eu-850w-80-gold-den,Nguồn 1STPLAYER 850W 80 Plus Gold Full Modular 12VHPWR – Sintech,74,over70_with_suffix
https://sintech.vn/products/nguon-may-tinh-1st-player-dkpm-brz-600-600w-den,Nguồn 1STPLAYER DKPM-BRZ-600 600W cho PC giá tốt chính hãng – Sintech,79,over70_with_suffix
https://sintech.vn/products/nguon-may-tinh-1st-player-fk-550-550w-den,Nguồn 1STPLAYER FK-550 550W Đen cho PC phổ thông giá tốt – Sintech,76,over70_with_suffix
https://sintech.vn/products/nguon-may-tinh-1st-player-fk-600-600w-den,Nguồn 1STPLAYER FK-600 600W ATX non-modular chính hãng – Sintech,74,over70_with_suffix
https://sintech.vn/products/bo-chia-mang-tp-link-ls1005g-5-port-10-100-1000-mbps,Bộ chia mạng TP-Link LS1005G 5-Port Gigabit giá tốt LAN – Sintech,75,over70_with_suffix
https://sintech.vn/products/nguon-may-tinh-1st-player-dkpm-brz-700-700w-80-bronze-den,Nguồn 1STPLAYER DKPM-BRZ-700 700W cho PC gaming giá tốt – Sintech,75,over70_with_suffix
https://sintech.vn/products/nguon-may-tinh-1st-player-fk-300-300w-den,Nguồn 1STPLAYER FK-300 300W Đen cho PC văn phòng giá tốt – Sintech,76,over70_with_suffix
https://sintech.vn/products/mainboard-colorful-cvn-b760m-frozen-wifi-plus-v20-ddr5,Mainboard Colorful B760M Frozen WiFi DDR5 giá tốt chính hãng – Sintech,80,over70_with_suffix
https://sintech.vn/products/nguon-may-tinh-1st-player-fk-500-500w-den,Nguồn 1STPLAYER FK-500 500W non-modular Active PFC giá tốt – Sintech,78,over70_with_suffix
https://sintech.vn/products/tp-link-archer-t2ub-ac600-usb-wifi-nano-bluetooth-4-2,TP-Link Archer T2UB AC600 USB WiFi Nano Bluetooth giá tốt – Sintech,77,over70_with_suffix
https://sintech.vn/products/mainboard-colorful-battle-ax-b760m-k-d5-v20-ddr5-1,Mainboard Colorful B760M-K BATTLE-AX D5 V20 DDR5 cho gaming – Sintech,79,over70_with_suffix
https://sintech.vn/products/nguon-may-tinh-1st-player-fk-400-400w-den,Nguồn 1STPLAYER FK-400 400W ATX cho PC văn phòng giá tốt – Sintech,76,over70_with_suffix
https://sintech.vn/products/mainboard-asus-b760m-ayw-wifi-ddr5,Mainboard Asus B760M AYW Wifi DDR5 cho PC Intel giá tốt – Sintech,75,over70_with_suffix
https://sintech.vn/products/mainboard-asus-tuf-gaming-b760m-plus-wifi-ddr5-socket-1700-m-atx-4-khe-ram,Mainboard Asus TUF B760M-PLUS Wifi DDR5 cho PC Intel giá tốt – Sintech,80,over70_with_suffix
https://sintech.vn/products/card-wifi-bluetooth-pcie-mercusys-ma30e-chuan-ac1200-2-bang-tan-2-4-5-ghz-bluetooth-5-0,Card WiFi Bluetooth PCIe Mercusys MA30E AC1200 2 băng tần – Sintech,77,over70_with_suffix
https://sintech.vn/products/man-hinh-do-hoa-samsung-viewfinity-s8-s80ud-uhd-ls27d804uaexxv-27-inch-4k-5ms-350cd-m2-ips,Màn hình Samsung ViewFinity S8 27 inch 4K chính hãng – Sintech,72,over70_with_suffix
https://sintech.vn/products/camea-ipc-c22sp-cue-2e,Camera IPC-C22SP cho giám sát tại nhà chính hãng giá tốt – Sintech,76,over70_with_suffix
https://sintech.vn/products/cpu-amd-ryzen-5-8600g-4-3-ghz-boost-5-0-ghz-6-cores-12-threads-16-mb-cache,CPU AMD Ryzen 5 8600G (6 nhân 12 luồng | 5.0 GHz | AM5) – Sintech,75,over70_with_suffix
https://sintech.vn/products/man-hinh-phang-led-vsp-22-inch-tran-vien-v2204h-100hz-trang,Màn hình VSP V2204H 22 inch 100Hz cho setup trắng giá tốt – Sintech,77,over70_with_suffix
https://sintech.vn/products/lot-chuot-logitech-nho,"Lót chuột Logitech nhỏ 18x20cm cho bàn làm việc gọn, giá tốt – Sintech",80,over70_with_suffix
https://sintech.vn/products/laptop-dell-inspiron-15-3520-i5-1235u-8gb-ssd-256gb-15-6-fhd,Laptop Dell Inspiron 15 3520 (i5 | 8GB | 256GB) giá tốt – Sintech,75,over70_with_suffix
https://sintech.vn/products/cpu-amd-ryzen-5-7600-5-10-ghz-6-nhan-12-luong,CPU AMD Ryzen 5 7600 6 nhân 12 luồng cho PC gaming giá tốt – Sintech,78,over70_with_suffix
https://sintech.vn/products/cpu-amd-ryzen-5-7600x-4-7ghz-6-nhan-12-luong,CPU AMD Ryzen 5 7600X Tray 6 nhân cho PC gaming giá tốt – Sintech,75,over70_with_suffix
https://sintech.vn/products/cpu-amd-ryzen-7-5800x-4-70-ghz-8-nhan-16-luong,CPU AMD Ryzen 7 5800X 4.70GHz 8 nhân 16 luồng AM4 chính hãng – Sintech,80,over70_with_suffix
https://sintech.vn/products/cpu-amd-ryzen-7-8700f-5ghz-8-nhan-16-luong,CPU AMD Ryzen 7 8700F 5GHz cho PC gaming giá tốt chính hãng – Sintech,79,over70_with_suffix
https://sintech.vn/products/cpu-amd-ryzen-9-7900x-5-60-ghz-12-nhan-24-luong,CPU AMD Ryzen 9 7900X 12 nhân 24 luồng giá tốt chính hãng – Sintech,77,over70_with_suffix
https://sintech.vn/products/cpu-amd-ryzen-5-7600x3d-4-7ghz-6-nhan-12-luong-tray,CPU AMD Ryzen 5 7600X3D 6 nhân 12 luồng L3 96MB chính hãng – Sintech,78,over70_with_suffix
https://sintech.vn/products/cpu-amd-ryzen-9-9950x-5-70-ghz-16-nhan-32-luong,CPU AMD Ryzen 9 9950X 16 nhân cho PC render Box giá tốt – Sintech,75,over70_with_suffix
https://sintech.vn/products/cpu-amd-ryzen-9-7950x3d-5-70-ghz-16-nhan-32-luong,CPU AMD Ryzen 9 7950X3D 16 nhân cho PC gaming chính hãng – Sintech,76,over70_with_suffix
https://sintech.vn/products/man-hinh-samsung-odyssey-g4-g40b-25-inch-ips-fhd-240hz-ls25bg400eexxv,Màn hình Samsung Odyssey G4 G40B 25 inch 240Hz giá tốt – Sintech,74,over70_with_suffix
https://sintech.vn/products/ban-phim-may-tinh-logitech-k120-ban-phim-may-tinh-co-day-usb-logitech,Phím Văn Phòng Logitech K120 có dây USB giá tốt chính hãng – Sintech,78,over70_with_suffix
https://sintech.vn/products/box-ssd-m-2-sata-glowy-usb-3-1-kem-cap-usb-to-type-c,Box SSD M.2 SATA GLOWY USB 3.1 - ổ tối đa 2TB chính hãng – Sintech,76,over70_with_suffix
https://sintech.vn/products/box-ssd-m-2-pcie-nvme-rainbowgear-r320-usb-3-1-ho-tro-4t-vo-kim-loai-kem-cap-usb-to-type-c,Box SSD M.2 NVMe RAINBOWGEAR R320 USB 3.1 hỗ trợ 4TB giá tốt – Sintech,80,over70_with_suffix
https://sintech.vn/products/cpu-amd-ryzen-9-7900-5-4ghz-12-nhan-24-luong,CPU AMD Ryzen 9 7900 12 nhân 24 luồng cho PC cao cấp giá tốt – Sintech,80,over70_with_suffix
https://sintech.vn/products/chuot-may-tinh-logitech-b100-den,Chuột Logitech B100 đen có dây cho PC văn phòng giá tốt – Sintech,75,over70_with_suffix
https://sintech.vn/products/cpu-intel-core-ultra-9-285k-5-7ghz-24-nhan-24-luong-new-box,CPU Intel Core Ultra 9 285K 24 nhân 5.7GHz LGA1851 giá tốt – Sintech,78,over70_with_suffix
https://sintech.vn/products/chuot-co-day-hp-gaming-mouse-x600-co-led,Chuột Có Dây HP Gaming X600 Có Led 1000 DPI USB giá tốt – Sintech,75,over70_with_suffix
https://sintech.vn/products/cpu-intel-core-ultra-5-245kf-5-2ghz-14-nhan-14-luong-tray,CPU Intel Core Ultra 5 245KF 14 nhân cho PC gaming giá tốt – Sintech,78,over70_with_suffix
https://sintech.vn/products/card-man-hinh-vga-zotac-gaming-rtx-3060-twin-edge-12gb-ddr6-ver-2,ZOTAC Gaming RTX 3060 Twin Edge 12GB GDDR6 giá tốt chính hãng – Sintech,81,over70_with_suffix
https://sintech.vn/products/cpu-intel-core-ultra-5-245kf-5-2ghz-14-nhan-14-luong,CPU Intel Core Ultra 5 245KF 14 nhân 5.2GHz chính hãng – Sintech,74,over70_with_suffix
https://sintech.vn/products/mainboard-asus-tuf-gaming-b650m-e-ddr5,Mainboard ASUS TUF Gaming B650M-E DDR5 cho PC AM5 giá tốt – Sintech,77,over70_with_suffix
https://sintech.vn/products/man-hinh-lg-24mr400-b-24-inch-fhd-ips-100hz-5ms,Màn hình LG 24MR400-B 24 inch FHD IPS 100Hz chính hãng – Sintech,74,over70_with_suffix
https://sintech.vn/products/thiet-bi-thu-song-wi-fi-usb-wi-fi-mercusys-mw150us-nano,USB Wi-Fi Mercusys MW150US Nano thu sóng cho PC giá tốt – Sintech,75,over70_with_suffix
https://sintech.vn/products/mainboard-gigabyte-h510m-h-v2-ddr4,Mainboard GIGABYTE H510M H V2 DDR4 cho PC Intel giá tốt – Sintech,75,over70_with_suffix
https://sintech.vn/products/nguon-thermalright-tb850-den-850w-80-plus-bronze-full-modular,Nguồn Thermalright TB850 850W Full Modular cho PC giá tốt – Sintech,77,over70_with_suffix
https://sintech.vn/products/loa-may-tinh-leerfei-yst-1046-led-loa-vi-tinh-mini-de-ban,Loa LeerFei YSD 1046 LED mini để bàn cho PC chính hãng – Sintech,74,over70_with_suffix
https://sintech.vn/products/bluetooth-5-3-nano-usb-adapter-mercusys-ma530,USB Bluetooth 5.4 MERCUSYS MA530 Nano kết nối 7 thiết bị – Sintech,76,over70_with_suffix
https://sintech.vn/products/fan-case-leopard-v1-den-argb-sync-main-gio-nguoc,Fan case Leopard V1 đen ARGB Sync main gió ngược cho PC – Sintech,75,over70_with_suffix
https://sintech.vn/products/laptop-asus-vivobook-15-x1504za-nj582w-i3-1215u-8gb-512gb-15-6-fhd-cu-dep,Laptop ASUS Vivobook 15 cũ i3-1215U 15.6 FHD giá tốt – Sintech,72,over70_with_suffix
https://sintech.vn/products/cpu-amd-ryzen-9-9950x-5-7ghz-16-nhan-32-luong-tray,CPU AMD Ryzen 9 9950X Tray 16 nhân cho PC gaming giá tốt – Sintech,76,over70_with_suffix
https://sintech.vn/products/tan-nhiet-khi-id-cooling-se-206-xt-2-fan-6-ong-dong,ID-Cooling SE-206-XT 2 Fan 6 ống đồng cho PC gaming giá tốt – Sintech,79,over70_with_suffix
https://sintech.vn/products/nguon-antec-atom-v750-ec-750w,Nguồn ANTEC Atom V750 EC 750W cho PC gaming PSU giá tốt – Sintech,75,over70_with_suffix
https://sintech.vn/products/chuot-co-day-edra-em606-usb-led,Chuột E-DRA EM606 USB/Led 1000 DPI cho văn phòng giá tốt – Sintech,76,over70_with_suffix
https://sintech.vn/products/ban-phim-e-dra-ek506-hong,Phím Cơ E-Dra EK506 Hồng 104 Phím LED RGB Có Dây giá tốt – Sintech,76,over70_with_suffix
https://sintech.vn/products/webcam-logitech-mx-brio-4k-ultra-hd,Webcam Logitech MX Brio 4K cho họp online sắc nét giá tốt – Sintech,77,over70_with_suffix
https://sintech.vn/products/bo-day-nguon-noi-dai-boc-du-cho-24-pin-mainboard-8-pin-vga-8-pin-cpu,Bộ dây nguồn nối dài bọc dù 24 pin + 8 pin cho PC giá tốt – Sintech,77,over70_with_suffix
https://sintech.vn/products/nguon-may-tinh-antec-meta-v550-ec-550w-den,Nguồn Antec META V550 EC 550W Đen PC ATX chính hãng – Sintech,71,over70_with_suffix
https://sintech.vn/products/mainboard-asrock-z790-pg-lightning-d5-ddr5,Mainboard Intel Asrock Z790 PG Lightning D5 DDR5 giá tốt – Sintech,76,over70_with_suffix
https://sintech.vn/products/cpu-intel-core-i7-13700k-5-40-ghz-16-nhan-24-luong-tray,"CPU Intel Core i7 13700K 16 nhân 24 luồng, 5.40GHz Tray – Sintech",75,over70_with_suffix
https://sintech.vn/products/ban-phim-co-gamingaula-s98-pro-3-mode-phien-ban-xanh-duong-trang-tim-paleo-dust-switch,Phím Cơ Aula S98 Pro 3 mode cho setup gaming giá tốt LED – Sintech,76,over70_with_suffix
https://sintech.vn/products/ban-phim-co-gaming-aula-s98-pro-3-mode-phien-ban-xanh-la-trang-greywood-v4-switch,Phím Cơ Aula S98 Pro không dây Greywood V4 gõ êm giá tốt – Sintech,76,over70_with_suffix
https://sintech.vn/products/ban-phim-co-gaming-aula-s98-pro-3-mode-phien-ban-xanh-duong-trang-tim-dam-nimbus-v3-switch,Phím Cơ Aula S98 Pro 3 mode Nimbus V3 chính hãng giá tốt – Sintech,76,over70_with_suffix
https://sintech.vn/products/man-hinh-gaming-vsp-ip2706sg-den-27-inch-full-hd-ips-100hz-1ms-phang,Màn hình VSP IP2706SG 27 inch FHD IPS 100Hz chính hãng – Sintech,74,over70_with_suffix
https://sintech.vn/products/nguon-may-tinh-msi-mag-a850gl-pcie5-850w-80-plus-gold-mag-a850gl-pcie5,Nguồn MSI MAG A850GL PCIe5 850W cho PC gaming chính hãng – Sintech,76,over70_with_suffix
https://sintech.vn/products/ban-phim-co-gaming-aula-s98-pro-3-mode-phien-ban-xanh-duong-trang-tim-nimbus-v3-switch,Phím Cơ Aula S98 Pro không dây 3 mode giá tốt chính hãng – Sintech,76,over70_with_suffix
https://sintech.vn/products/ban-phim-co-gaming-aula-s98-pro-3-mode-phien-ban-xanh-duong-trang-tim-dam-caramel-latte-switch,Phím Cơ Aula S98 Pro 3 mode 96 phím không dây chính hãng – Sintech,76,over70_with_suffix
https://sintech.vn/products/chuot-gaming-co-day-aula-f815-usb-rgb-den,Chuột gaming có dây Aula F815 RGB USB giá tốt chính hãng – Sintech,76,over70_with_suffix
https://sintech.vn/products/ban-phim-co-gaming-aula-f87-8770-3-mode-phien-ban-den-xanh-dam-cam-greywood-v3-switch,Bàn phím cơ AULA F87 3 Mode Greywood V3 giá tốt chính hãng – Sintech,78,over70_with_suffix
https://sintech.vn/products/ban-phim-co-gaming-aula-s98-pro-3-mode-phien-ban-xanh-duong-trang-cam-nimbus-v3-switch,Phím Cơ Aula S98 Pro 3 Mode Nimbus V3 Không Dây giá tốt – Sintech,75,over70_with_suffix
https://sintech.vn/products/bo-hub-remote-fan-rgb-coolmoon,Bộ hub remote fan RGB CoolMoon cho setup gaming đồng bộ – Sintech,75,over70_with_suffix
https://sintech.vn/products/man-hinh-laptop-hp-elitebook-835-g7-13-3,"Màn hình thay thế cho laptop HP elitebook 835 G7 13.3"" FHD – Sintech",78,over70_with_suffix
https://sintech.vn/products/man-hinh-laptop-dell-inspiron-14-7420-14-full-hd,Màn hình Dell Inspiron 14 inch 7420 5420 5425 Full HD – Sintech,73,over70_with_suffix
https://sintech.vn/products/nguon-may-tinh-super-flower-zillion-white-650w-black-80-plus-white-sf-650z12dw,Nguồn SuperFlower Zillion SF-650Z12DW 650W 80 Plus Đen – Sintech,74,over70_with_suffix
https://sintech.vn/products/cpu-intel-core-i5-12600k-4-90-ghz-10-nhan-16-luong-tray,CPU Intel Core i5 12600K Tray cho PC gaming chính hãng – Sintech,74,over70_with_suffix
https://sintech.vn/products/man-hinh-laptop-lenovo-thinkbook-13s-g2-itl-13-3-2-5k-16-10,Màn hình thay thế cho Lenovo thinkbook 13s G2 itl 2.5K 16:10 – Sintech,80,over70_with_suffix
https://sintech.vn/products/man-hinh-laptop-dell-inspiron-13-7000-13-3-full-hd,Màn hình thay thế cho Dell Inspiron 13 7000 13.3 inch Full HD – Sintech,81,over70_with_suffix
https://sintech.vn/products/man-hinh-laptop-dell-inspiron-5420-14-2-2k-16-10,Màn hình thay thế cho Dell Inspiron 5420 14 inch 2.2K 16:10 – Sintech,79,over70_with_suffix
https://sintech.vn/products/man-hinh-laptop-acer-triton-300-se-14-0-2-5k-wqxga-16-10,Màn hình laptop acer triton 300 se 14 inch 2.5K wqxga – Sintech,73,over70_with_suffix
https://sintech.vn/products/man-hinh-laptop-acer-triton-300-se-14-0-full-hd-16-10-165hz,Màn hình Acer Triton 300 SE 14 inch Full HD+ 165Hz 16:10 – Sintech,76,over70_with_suffix
https://sintech.vn/products/man-hinh-laptop-dell-precision-5540-15-6-full-hd,"Màn Dell Precision 5540 15.6 inch Full HD thay, sửa chuẩn – Sintech",77,over70_with_suffix
https://sintech.vn/products/man-hinh-laptop-dell-xps-15-9570-15-6-full-hd,Màn hình thay thế cho laptop Dell XPS 15 9570 15.6 inch FHD – Sintech,79,over70_with_suffix
https://sintech.vn/products/man-hinh-lenovo-thinkpad-t16-gen-1-16-0-full-hd-16-10,Màn hình thay thế cho laptop ThinkPad T16 Gen 1 tỷ lệ 16:10 – Sintech,79,over70_with_suffix
https://sintech.vn/products/man-hinh-laptop-hp-elitebook-830-g7-13-3-full-hd,Màn hình laptop HP elitebook 830 G7 13.3 inch Full HD – Sintech,73,over70_with_suffix
https://sintech.vn/products/man-hinh-laptop-dell-xps-13-9370-13-full-hd-touch,Màn hình laptop Dell XPS 13 9370 13 inch Full HD touch – Sintech,74,over70_with_suffix
https://sintech.vn/products/man-hinh-laptop-dell-inspiron-14-5410-14-full-hd,Màn hình Dell Inspiron 14 5410 2-in-1 Full HD thay sửa – Sintech,74,over70_with_suffix
https://sintech.vn/products/mainboard-asrock-z690-pro-rs-ddr4,Mainboard Asrock Z690 Pro RS DDR4 LGA 1700 PCIe 5.0 ATX – Sintech,75,over70_with_suffix
https://sintech.vn/products/mainboard-gigabyte-z690m-aorus-elite-ddr4,Mainboard Gigabyte Z690M Aorus Elite DDR4 Micro-ATX giá tốt – Sintech,79,over70_with_suffix
https://sintech.vn/products/cpu-intel-core-i9-12900k-5-20-ghz-16-nhan-24-luong-tray,CPU Intel Core i9 12900K 16 nhân cho PC gaming giá tốt – Sintech,74,over70_with_suffix
https://sintech.vn/products/cap-chuyen-veggieg-usb-3-0-ra-lan-1000mbps-v-k306,Cáp chuyển VEGGIEG V-K306 USB 3.0 ra LAN giá tốt chính hãng – Sintech,79,over70_with_suffix
https://sintech.vn/products/man-hinh-laptop-dell-precision-5530-15-6-full-hd,Màn hình thay thế cho laptop Dell Precision 5530 FHD giá tốt – Sintech,80,over70_with_suffix
https://sintech.vn/products/cap-chuyen-veggieg-usb-ra-lan-v-k307,Cáp chuyển VEGGIEG USB ra LAN V-K307 100Mbps chính hãng – Sintech,75,over70_with_suffix
https://sintech.vn/products/mesh-wifi-mercusys-halo-h50g-2-pack-ac1900,Mesh Wifi Mercusys Halo H50G 2 Pack AC1900 350m² giá tốt – Sintech,76,over70_with_suffix
https://sintech.vn/products/usb-3-0-32g-lexar-jumpdrive-s80-usb-3-1-gen-1,USB Lexar JumpDrive S80 32GB tốc độ 130MB/s chính hãng – Sintech,74,over70_with_suffix
https://sintech.vn/products/bo-chuyen-doi-veggieg-usb-type-c-ra-hdmi-sac-pd-usb-3-0-v-tc03,"Hub USB-C VEGGIEG V-TC03 ra HDMI 4K, USB 3.0 + sạc PD giá tốt – Sintech",81,over70_with_suffix
https://sintech.vn/products/sac-laptop-acer-19v-2-37a-45w-dau-thuong-5-5mm-1-7mm,Sạc Laptop Acer 19V-2.37A-45W đầu thường chính hãng giá tốt – Sintech,79,over70_with_suffix
https://sintech.vn/products/sac-laptop-dell-19v-4-62a,Sạc Laptop Dell 19V 4.62A 90W đầu 7.4mm chính hãng giá tốt – Sintech,78,over70_with_suffix
https://sintech.vn/products/card-man-hinh-gigabyte-gtx-1650-d6-oc-4g-4gb-gddr6-128-bit-dp-hdmi-dvi-cu,Card Gigabyte GTX 1650 D6 OC 4GB GDDR6 chơi game 1080p – Sintech,74,over70_with_suffix
https://sintech.vn/products/chuot-dareu-em908,Chuột Gaming DAREU EM908 6000 DPI 6 Nút RGB chính hãng – Sintech,74,over70_with_suffix
https://sintech.vn/products/card-man-hinh-sparkle-intel-arc-a770-roc-luna-oc-16gb-gddr6-sa770rw-16goc,SPARKLE Intel Arc A770 ROC LUNA OC 16GB GDDR6 chính hãng – Sintech,76,over70_with_suffix
https://sintech.vn/products/tan-nhiet-nuoc-thermalright-frozen-notte-360-argb-black-white,Tản nhiệt nước AIO Thermalright Frozen Notte 360 ARGB Black – Sintech,79,over70_with_suffix
https://sintech.vn/products/fan-case-montech-ax120-pwm-argb-den-sync-main,Fan Case Montech AX120 PWM ARGB Đen Sync Main chính hãng – Sintech,76,over70_with_suffix
https://sintech.vn/products/tan-nhiet-khi-montech-metal-dt24-premium,Tản nhiệt khí Montech Metal DT24 Premium ARGB chính hãng – Sintech,76,over70_with_suffix
https://sintech.vn/products/mainboard-gigabyte-h410m-h-ddr4-cu,Mainboard GIGABYTE H410M-H DDR4 cho PC Intel chính hãng – Sintech,75,over70_with_suffix
https://sintech.vn/products/tan-nhiet-khi-montech-metal-dt24-base,Tản nhiệt khí Montech Metal DT24 Base chính hãng giá tốt – Sintech,76,over70_with_suffix
https://sintech.vn/products/dich-vu-cai-win-phan-mem,"Dịch vụ cài WIN, phần mềm PC Laptop theo nhu cầu giá tốt – Sintech",76,over70_with_suffix
https://sintech.vn/products/bo-chuyen-doi-veggieg-usb-type-c-ra-hdmi-usb-3-0-2-usb-2-0-pd-100w-type-c-sd-tf-rj45-100mbps-v-tc10r,VEGGIEG V-TC10R Type-C HDMI USB PD 100W giá tốt chính hãng – Sintech,78,over70_with_suffix
https://sintech.vn/products/card-man-hinh-sparkle-intel-arc-a770-roc-oc-16gb-gddr6-sa770r-16goc,SPARKLE Intel Arc A770 ROC OC 16GB GDDR6 giá tốt chính hãng – Sintech,79,over70_with_suffix
https://sintech.vn/products/tan-nhiet-nuoc-cpu-2-fan-aio-montech-hyperflow-argb-240,Tản nước Montech Hyperflow ARGB 240 - hỗ trợ đa Socket – Sintech,74,over70_with_suffix
https://sintech.vn/products/nguon-may-tinh-leadex-titanium-1600w,Nguồn SuperFlower Leadex 1600W 80 Plus Titanium chính hãng – Sintech,78,over70_with_suffix
https://sintech.vn/products/nguon-may-tinh-leadex-vii-platinum-pro-1000w-atx-3-1-wh,Nguồn SuperFlower Leadex VII 1000W ATX 3.1 giá tốt chính hãng – Sintech,81,over70_with_suffix
https://sintech.vn/products/nguon-may-tinh-leadex-vii-xg-1300w-atx-3-0-80-plus-gold,Nguồn SuperFlower Leadex VII XG 1300W ATX 3.0 Gold giá tốt – Sintech,78,over70_with_suffix
https://sintech.vn/products/nguon-may-tinh-leadex-vii-xg-1000w-atx-3-0-80-plus-gold,Nguồn SuperFlower Leadex VII XG 1000W ATX 3.0 cho PC giá tốt – Sintech,80,over70_with_suffix
https://sintech.vn/products/nguon-may-tinh-leadex-vii-platinum-pro-1200w-atx-3-1-bk,Nguồn SuperFlower Leadex VII Pro 1200W ATX 3.1 chính hãng – Sintech,77,over70_with_suffix
https://sintech.vn/products/nguon-may-tinh-leadex-platinum-2000w,Nguồn SuperFlower Leadex Platinum 2000W cho PC cao cấp – Sintech,74,over70_with_suffix
https://sintech.vn/products/nguon-may-tinh-leadex-vii-xg-850w-atx-3-0-80-plus-gold-white,Nguồn SuperFlower Leadex VII XG 850W ATX 3.0 80 Plus Gold – Sintech,77,over70_with_suffix
https://sintech.vn/products/nguon-may-tinh-leadex-titanium-1000w,Nguồn SuperFlower Leadex 1000W cho PC cao cấp chính hãng – Sintech,76,over70_with_suffix
https://sintech.vn/products/nguon-may-tinh-leadex-vi-platinum-pro-1000w-black-white,Nguồn SuperFlower Leadex VI Platinum Pro 1000W giá tốt – Sintech,74,over70_with_suffix
https://sintech.vn/products/nguon-may-tinh-leadex-platinum-1000w-se,Nguồn SuperFlower Leadex Platinum SE 1000W 80 Plus Platinum – Sintech,79,over70_with_suffix
https://sintech.vn/products/nguon-may-tinh-leadex-platinum-1200w-se,Nguồn SuperFlower Leadex Platinum SE 1200W chính hãng – Sintech,73,over70_with_suffix
https://sintech.vn/products/nguon-may-tinh-leadex-vii-platinum-pro-1000w-atx-3-1-bk,Nguồn SuperFlower Leadex VII 1000W ATX 3.1 cho PC giá tốt – Sintech,77,over70_with_suffix
https://sintech.vn/products/nguon-may-tinh-leadex-iii-gold-argb-850w-black,Nguồn SuperFlower Leadex III Gold ARGB 850W cho PC giá tốt – Sintech,78,over70_with_suffix
https://sintech.vn/products/nguon-may-tinh-leadex-platinum-1600w,Nguồn SuperFlower Leadex Platinum 1600W Fully Modular giá tốt – Sintech,81,over70_with_suffix
https://sintech.vn/products/nguon-may-tinh-leadex-vi-platinum-pro-850w,Nguồn SuperFlower Leadex VI Platinum Pro 850W giá tốt cho PC – Sintech,80,over70_with_suffix
https://sintech.vn/products/nguon-may-tinh-zillion-80plus-bronze-750w-atx-3-1,Nguồn SuperFlower Zillion 750W ATX 3.1 cho PC gaming giá tốt – Sintech,80,over70_with_suffix
https://sintech.vn/products/nguon-may-tinh-leadex-iii-gold-argb-750w-black,Nguồn SuperFlower Leadex III Gold ARGB 750W chính hãng – Sintech,74,over70_with_suffix
https://sintech.vn/products/nguon-may-tinh-superflower-zillion-dw-550w-80-plus-white,Nguồn SuperFlower Zillion DW 550W cho PC giá tốt chính hãng – Sintech,79,over70_with_suffix
https://sintech.vn/products/nguon-may-tinh-leadex-iii-gold-850w-atx-3-1,Nguồn SuperFlower Leadex III Gold 850W ATX 3.1 chính hãng – Sintech,77,over70_with_suffix
https://sintech.vn/products/nguon-may-tinh-zillion-80plus-bronze-750w,Nguồn SuperFlower Zillion 750W 80 Plus Bronze chính hãng – Sintech,76,over70_with_suffix
https://sintech.vn/products/tan-nhiet-nuoc-montech-hyperflow-argb-360-den-trang,Tản nước Montech Hyperflow ARGB 360 - đen hoặc trắng – Sintech,72,over70_with_suffix
https://sintech.vn/products/man-hinh-vsp-vu271q-27-inch-2k-ips-165hz-1ms,Màn hình VSP VU271Q 27 inch 2K IPS 165Hz giá tốt chính hãng – Sintech,79,over70_with_suffix
https://sintech.vn/products/man-hinh-cong-ultrawide-gaming-vsp-va4914dc-144hz,Màn hình Ultrawide VSP VA4914DC 49 inch DFHD 144Hz giá tốt – Sintech,78,over70_with_suffix
https://sintech.vn/products/man-hinh-phang-elsa-27q7-ips-2k-qhd,Màn hình ELSA 27Q7 27 inch 170Hz IPS 2K QHD chính hãng – Sintech,74,over70_with_suffix
https://sintech.vn/products/man-hinh-vsp-vu271q180-27-inch-2k-fast-ips-180hz-0-5ms,Màn hình VSP VU271Q180 27 inch 2K 180Hz chính hãng giá tốt – Sintech,78,over70_with_suffix
https://sintech.vn/products/man-hinh-vsp-ip2718f1-black-27-inch-full-hd-fast-ips-180hz-0-5ms-phang,Màn hình VSP IP2718F1 27 inch 180Hz cho gaming giá tốt – Sintech,74,over70_with_suffix
https://sintech.vn/products/man-hinh-vsp-ip2718g-black-27-inch-full-hd-ips-180hz-1ms-phang,Màn hình VSP IP2718G Black 27 inch Full HD IPS giá tốt – Sintech,74,over70_with_suffix
https://sintech.vn/products/tan-nhiet-nuoc-centaur-ct-h500-240,Tản nước AIO Centaur CT-H500-240 đen 240mm cho gaming – Sintech,73,over70_with_suffix
https://sintech.vn/products/man-hinh-ultrawide-gaming-elsa-30g1p-200hz,Màn hình Gaming Elsa 30G1P Ultrawide 30 Inch | 200Hz giá tốt – Sintech,80,over70_with_suffix
https://sintech.vn/products/man-hinh-chuyen-do-hoa-asus-proart-27-inch-pa279cv-j-27-inch-4k-ips-srgb-100,Màn Hình ASUS ProArt PA279CV-J 27 inch 4K IPS chính hãng – Sintech,76,over70_with_suffix
https://sintech.vn/products/ban-phim-co-gaming-lecoo-kg1101-co-den-led,Phím Cơ Lecoo KG1101 Blue Switch đen có dây USB giá tốt – Sintech,75,over70_with_suffix
https://sintech.vn/products/man-hinh-lcd-27-inch-lg-27up600w-4k-ips-60hz-5ms-chi-nh-ha-ng,Màn hình LG 27UP600W 27 inch 4K IPS 60Hz 5Ms chính hãng – Sintech,75,over70_with_suffix
https://sintech.vn/products/card-man-hinh-vga-asus-dual-geforce-rtx-4060-8gb-gddr6-dual-rtx4060-8g,ASUS Dual RTX 4060 8GB GDDR6 cho PC gaming mượt giá tốt – Sintech,75,over70_with_suffix
https://sintech.vn/products/cpu-intel-xeon-e5-2686-v4-2-3ghz-18-nhan-36-luong-tray,CPU Intel Xeon E5 2686 v4 18 nhân cho workstation giá tốt – Sintech,77,over70_with_suffix
https://sintech.vn/products/tan-nhiet-nuoc-centaur-ct-h500-360,Tản nước AIO Centaur CT-H500-360 đen 360mm cho gaming – Sintech,73,over70_with_suffix
https://sintech.vn/products/man-hinh-vsp-gaming-ip2518s4-25-inch-fast-ips-180hz,Màn hình VSP IP2518S4 25 inch 180Hz cho gaming giá tốt – Sintech,74,over70_with_suffix
https://sintech.vn/products/mainboard-oem-x99-don-ddr4-zx-x99d4m-matx-socket-lga-2011-v3-4-khe-ram-ddr4-ecc,Mainboard X99 DDR4 ZX-X99D4M LGA 2011-3 4 khe RAM giá tốt – Sintech,77,over70_with_suffix
https://sintech.vn/products/ban-phim-chuot-logitech-mk120,Combo bàn phím chuột Logitech MK120 có dây USB tiện lợi – Sintech,75,over70_with_suffix
https://sintech.vn/products/day-cap-hdmi-hd2-1v-hdtv-8k-3m,Cáp HDMI 2.1 8K dài 3M truyền tín hiệu sắc nét đỉnh cao – Sintech,75,over70_with_suffix
https://sintech.vn/products/sac-laptop-asus-19v-3-42a-65w-hinh-vuong,Sạc Laptop Asus 19V 3.42A 65W Hình Vuông Chân Nhỏ giá tốt – Sintech,77,over70_with_suffix
https://sintech.vn/products/man-hinh-asus-tuf-gaming-vg279q1a-27-inch-ips-165hz-g-sync,Màn hình ASUS TUF VG279Q1A 27 inch 165Hz giá tốt chính hãng – Sintech,79,over70_with_suffix
https://sintech.vn/products/bo-phim-chuot-gia-co-led-gaming-centaur-climer-ct9000,Bộ phím chuột Centaur Climer CT9000 giả cơ LED giá tốt – Sintech,74,over70_with_suffix
https://sintech.vn/products/bo-ban-phim-chuot-lecoo-cm104-den-usb,Combo Phím Chuột Lecoo CM104 Đen USB 104 Phím 1200 DPI – Sintech,74,over70_with_suffix
https://sintech.vn/products/mainboard-colorful-battle-ax-h610m-e-wifi-v20-ddr4,Mainboard Colorful BATTLE-AX H610M-E WIFI V20 DDR4 giá tốt – Sintech,78,over70_with_suffix
https://sintech.vn/products/may-in-phun-mau-da-nang-brother-dcp-t720dw-wifi,Máy in Brother DCP-T720DW Wifi đa năng chính hãng giá tốt – Sintech,77,over70_with_suffix
https://sintech.vn/products/chuot-quang-gaming-esports-lecoo-mg1101,Chuột Lecoo MG1101 8 phím 6400 DPI gaming chính hãng giá tốt – Sintech,80,over70_with_suffix
https://sintech.vn/products/may-in-laser-trang-den-don-nang-brother-hl-l2321d,Brother HL-L2321D in 2 mặt cho văn phòng giá tốt chính hãng – Sintech,79,over70_with_suffix
https://sintech.vn/products/cpu-intel-core-i7-12700f-4-90-ghz-12-nhan-20-luong-tray,CPU Intel Core i7 12700F (12 Nhân 20 Luồng) chính hãng – Sintech,74,over70_with_suffix
https://sintech.vn/products/may-in-laser-trang-den-da-nang-brother-dcp-b7535dw-wifi,Máy in Brother DCP-B7535DW Wifi đa năng giá tốt chính hãng – Sintech,78,over70_with_suffix
https://sintech.vn/products/man-hinh-samsung-ls24c310eaexxv-24-inch-fhd-ips-75hz-5ms,Màn hình Samsung LS24C310EAEXXV 24 inch FHD IPS 75Hz giá tốt – Sintech,80,over70_with_suffix
https://sintech.vn/products/bo-ban-phim-chuot-lecoo-cm101-den-usb,Combo phím chuột Lecoo CM101 đen USB văn phòng giá tốt – Sintech,74,over70_with_suffix
https://sintech.vn/products/may-in-laser-den-trang-hp-neverstop-laser-1000a-4ry22a-a4-a5-usb,Máy in HP Neverstop Laser 1000A (4RY22A) A4/A5 USB giá tốt – Sintech,78,over70_with_suffix
https://sintech.vn/products/fan-case-centaur-ct-9800-led-argb-den-sync-hub,Fan Case Centaur CT-9800 LED ARGB 120mm giá tốt chính hãng – Sintech,78,over70_with_suffix
https://sintech.vn/products/tai-nghe-khong-day-edifier-x2s,Tai nghe không dây EDIFIER X2S 13mm cho gọi rõ giá tốt – Sintech,74,over70_with_suffix
https://sintech.vn/products/fan-case-leopard-prism-4rs-argb-den-sync-main,Fan Case Leopard Prism 4RS ARGB 120mm Sync Main giá tốt – Sintech,75,over70_with_suffix
https://sintech.vn/products/may-in-laser-trang-den-canon-lbp-6030,Máy in Canon LBP 6030 in đen trắng cho văn phòng nhỏ giá tốt – Sintech,80,over70_with_suffix
https://sintech.vn/products/loa-may-tinh-bluetooth-edifier-g2000,Loa máy tính Bluetooth EDIFIER G2000 32W RGB chính hãng – Sintech,75,over70_with_suffix
https://sintech.vn/products/loa-may-tinh-edifier-m1360,"Loa máy tính Edifier M1360 2.1 8.5W, bass 4 inch chính hãng – Sintech",79,over70_with_suffix
https://sintech.vn/products/loa-khong-day-edifier-d32-1,"Loa không dây Edifier D32 Bluetooth 5.3, vỏ gỗ giá tốt – Sintech",74,over70_with_suffix
https://sintech.vn/products/loa-karaoke-bluetooth-v5-0-edifier-pk305,Loa Karaoke Bluetooth V5.0 EDIFIER PK305 18W chính hãng – Sintech,75,over70_with_suffix
https://sintech.vn/products/edifier-mf3,EDIFIER MF3 loa trợ giảng 3W cho dạy học chính hãng – Sintech,71,over70_with_suffix
https://sintech.vn/products/edifier-g1500-loa-gaming,"Loa gaming Edifier G1500 Max RGB, Bluetooth 5.3 chính hãng – Sintech",78,over70_with_suffix
https://sintech.vn/products/loa-edifier-t5-subwoofer-dien,Loa siêu trầm EDIFIER T5 70W cho setup PC giá tốt chính hãng – Sintech,80,over70_with_suffix
https://sintech.vn/products/day-cap-mang,"Dây Cáp Mạng Cat5e Cat6 Cat6a Cat7 cho PC, camera giá tốt – Sintech",77,over70_with_suffix
https://sintech.vn/products/loa-bluetooth-edifier-qr65-halo-2-0,Loa Bluetooth Edifier QR65 Halo 2.0 cho góc setup giá tốt – Sintech,77,over70_with_suffix
https://sintech.vn/products/loa-bluetooth-edifier-s2000-mkiii,Loa bluetooth Edifier S2000 MKIII 130W cho góc PC giá tốt – Sintech,77,over70_with_suffix
https://sintech.vn/products/loa-bluetooth-edifier-qd35,"Loa Bluetooth Edifier QD35 LED, DSP cho góc setup giá tốt – Sintech",77,over70_with_suffix
https://sintech.vn/products/loa-bookshelf-2-0-edifier-r1280t,Loa Bookshelf 2.0 EDIFIER R1280T 42W nghe nhạc giá tốt – Sintech,74,over70_with_suffix
https://sintech.vn/products/loa-edifier-r1280dbs-bluetooth,"Loa Edifier R1280DBS Bluetooth 5.0 cho bàn làm việc, giá tốt – Sintech",80,over70_with_suffix
https://sintech.vn/products/loa-edifier-r1700bt-66w,"Loa Edifier R1700BT 66W nghe nhạc, gaming giá tốt chính hãng – Sintech",80,over70_with_suffix
https://sintech.vn/products/mainboard-huananzhi-x99-f8d-plus-ddr4,Mainboard HUANANZHI X99 F8D Plus DDR4 Dual CPU 8 khe RAM – Sintech,76,over70_with_suffix
https://sintech.vn/products/loa-bluetooth-edifier-m1250,Loa Bluetooth Edifier M1250 2.0 cho PC chính hãng giá tốt – Sintech,77,over70_with_suffix
https://sintech.vn/products/bo-loa-2-0-cao-cap-edifier-r19bt,Loa Edifier R19BT 2.0 2W+2W Bluetooth 5.3 cho PC giá tốt – Sintech,76,over70_with_suffix
https://sintech.vn/products/loa-edifier-r1700bts,"Loa Edifier R1700BTs 2.0 bookshelf 66W, treble silk dome – Sintech",76,over70_with_suffix
https://sintech.vn/products/loa-bluetooth-edifier-mp85,"Loa Bluetooth Edifier MP85 nhỏ gọn, chính hãng giá tốt – Sintech",74,over70_with_suffix
https://sintech.vn/products/mainboard-huananzhi-x99-f8d-ddr4,Mainboard HUANANZHI X99 F8D DDR4 dual CPU Xeon E5 giá tốt – Sintech,77,over70_with_suffix
https://sintech.vn/products/loa-khong-day-bluetooth-edifier-r1080bt,Edifier R1080BT 24W Bluetooth 5.0 cho bàn làm việc giá tốt – Sintech,78,over70_with_suffix
https://sintech.vn/products/loa-may-tinh-bluetooth-edifier-m203bt,"Loa EDIFIER M203BT Bluetooth cho PC, laptop chính hãng – Sintech",74,over70_with_suffix
https://sintech.vn/products/loa-bluetooth-edifier-mp260-12w,Loa Bluetooth Edifier MP260 12W để bàn chính hãng giá tốt – Sintech,77,over70_with_suffix
https://sintech.vn/products/macbook-pro-2019-13-inch-2-8ghz-i7-16gb-ram-256-ssd,Laptop Apple MacBook Pro 2019 (i7 | 16GB | 256GB) giá tốt – Sintech,77,over70_with_suffix
https://sintech.vn/products/macbook-pro-retina-13-inch-2015-i5-2-7-8g-256g,Laptop Apple Macbook Pro Retina 13 inch (i5 | 8GB | 256GB) – Sintech,78,over70_with_suffix
https://sintech.vn/products/loa-bluetooth-edifier-mp230,Loa Bluetooth Edifier MP230 hoài cổ cho góc setup giá tốt – Sintech,77,over70_with_suffix
https://sintech.vn/products/loa-bluetooth-edifier-d12-bluetooth-5-0-cong-suat-70w,Loa bluetooth Edifier D12 70W chính hãng cho bàn PC nhỏ – Sintech,75,over70_with_suffix
https://sintech.vn/products/macbook-pro-13-inch-2018-i5-2-3ghz-sliver-gray,Laptop Macbook Pro 13 inch 2018 i5 2.3GHz Gray giá tốt – Sintech,74,over70_with_suffix
https://sintech.vn/products/loa-kiem-am-edifier-mr4,Loa Kiểm Âm EDIFIER MR4 cho studio tại nhà giá tốt PC nhỏ – Sintech,77,over70_with_suffix
https://sintech.vn/products/mainboard-msi-h610m-e-pro-ddr4,Mainboard MSI H610M-E Pro DDR4 cho PC Intel chính hãng – Sintech,74,over70_with_suffix
https://sintech.vn/products/usb-thu-wifi-veggieg-v-k650-bang-tan-kep-2-4g-toc-do-650mbps-v-k650,USB thu wifi VEGGIEG V-K650 650Mbps cho PC/laptop giá tốt – Sintech,77,over70_with_suffix
https://sintech.vn/products/loa-khong-day-edifier-hecate-g200,Loa không dây EDIFIER Hecate G200 cho góc gaming giá tốt – Sintech,76,over70_with_suffix
https://sintech.vn/products/loa-edifier-r1855db-bluetooth,Loa Edifier R1855DB Bluetooth 5.0 70W bookshelf chính hãng – Sintech,78,over70_with_suffix
https://sintech.vn/products/cap-hdmi-veggieg-dai-2m-chuan-2-1-ho-tro-8k-60hz-v-h403,Cáp HDMI VEGGIEG 2m chuẩn 2.1 8K 60Hz V-H403 chính hãng – Sintech,75,over70_with_suffix
https://sintech.vn/products/bo-chuyen-doi-veggieg-usb-type-c-ra-hdmi-2xusb-3-0-pd-rj45-v-tc05r,Bộ chuyển đổi VEGGIEG V-TC05R Type C ra HDMI PD giá tốt – Sintech,75,over70_with_suffix
https://sintech.vn/products/man-hinh-gaming-man-hinh-vsp-gaming-ip2518s2-25-inch-fast-ips-180hz,Màn hình VSP Gaming IP2518S2 25 inch 180Hz Fast IPS giá tốt – Sintech,79,over70_with_suffix
https://sintech.vn/products/ban-phim-co-gaming-co-day-aula-f75-blue-switch-1,Phím Cơ Aula F75 Không Dây gọn cho setup đen PC giá tốt – Sintech,75,over70_with_suffix
https://sintech.vn/products/tan-nhiet-nuoc-thermalright-frozen-infinity-240-argb,Thermalright frozen infinity 240 ARGB cho PC gaming – Sintech,71,over70_with_suffix
https://sintech.vn/products/cap-hdmi-veggieg-dai-1-5m-v-h107,Cáp HDMI VEGGIEG 1.5m V-H107 4K@60Hz 18Gbps chính hãng – Sintech,74,over70_with_suffix
https://sintech.vn/products/chuot-gaming-aula-co-day-s12-pro,Chuột Gaming Aula S12 PRO ĐEN 8 nút cho setup PC giá tốt – Sintech,76,over70_with_suffix
https://sintech.vn/products/bo-phim-chuot-van-phong-khong-day-lecoo-km2001,Bộ phím chuột Lecoo KM2001 không dây cho văn phòng giá tốt – Sintech,78,over70_with_suffix
https://sintech.vn/products/tan-nhiet-nuoc-cpu-thermalright-aqua-elite-240-argb-v3,AIO Thermalright Aqua Elite 240 V3 ARGB cho PC GAMING – Sintech,73,over70_with_suffix
https://sintech.vn/products/tan-nhiet-nuoc-coolmoon-icemoon-240-black-argb-2-fan-120mm,AIO Coolmoon Icemoon 240 Black ARGB cho PC gaming giá tốt – Sintech,77,over70_with_suffix
https://sintech.vn/products/cpu-intel-core-i5-6500-3-60ghz-4-nhan-4-luong-tray-new,CPU Intel Core i5 6500 3.60GHz 4 nhân 4 luồng Tray chính hãng – Sintech,81,over70_with_suffix
https://sintech.vn/products/cpu-intel-core-i5-8400-4-00ghz-6-nhan-6-luong-tray,CPU Intel Core i5 8400 Tray 6 nhân nâng cấp PC giá tốt – Sintech,74,over70_with_suffix
https://sintech.vn/products/ban-phim-co-gaming-co-day-leobog-hi75-phien-ban-xanh-duong-trang-space-berry-nimbus-v3-switch,Phím Cơ Leobog Hi75 81 Phím Hot-Swap Case Nhôm chính hãng – Sintech,77,over70_with_suffix
https://sintech.vn/products/man-hinh-lg-27up850n-w-27-inch-ips-4k-hdr-usbc-chuyen-do-hoa,Màn hình LG 27UP850N-W 27 inch IPS 4K cho đồ họa giá tốt – Sintech,76,over70_with_suffix
https://sintech.vn/products/cpu-intel-core-i5-10500-4-5ghz-6-nhan-12-luong-tray,CPU Intel Core i5 10500 6 nhân 12 luồng Tray chính hãng – Sintech,75,over70_with_suffix
https://sintech.vn/products/bo-chuyen-doi-usb-nano-bluetooth-5-0-ub500-chinh-hang,"USB Nano Bluetooth 5.0 UB500 cho PC, laptop chính hãng – Sintech",74,over70_with_suffix
https://sintech.vn/products/day-nguon-coolmoon-aosor-al200-al300-argb,Cover LED ARGB Coolmoon Aosor AL200/AL300 ốp dây 24 pin – Sintech,75,over70_with_suffix
https://sintech.vn/products/tan-nhiet-khi-cpu-jonsbo-cr-1000-v2-pro-color-argb-6-ong-dong,Tản nhiệt Jonsbo CR-1000 V2 Pro ARGB Đen cho PC giá tốt – Sintech,75,over70_with_suffix
https://sintech.vn/products/combo-ban-phim-chuot-g21b,Combo bàn phím+ chuột G21B đen có dây cho văn phòng – Sintech,71,over70_with_suffix
https://sintech.vn/products/tan-nhiet-cpu-segotep-lumos-g6-led-argb,Tản nhiệt khí Segotep Lumos G6 ARGB 6 ống đồng giá tốt – Sintech,74,over70_with_suffix
https://sintech.vn/products/o-cung-ssd-1tb-patriot-p300-m2-2280-nvme-p300p1tbm28,"SSD Patriot P300 1TB M.2 NVMe nâng cấp PC, laptop giá tốt – Sintech",77,over70_with_suffix
https://sintech.vn/products/nguon-may-tinh-vsp-delta-p550w-550w,"Nguồn VSP Delta 550W ATX, quạt 120mm chính hãng giá tốt – Sintech",75,over70_with_suffix
https://sintech.vn/products/mainboard-asus-rog-maximus-z790-hero-btf-ddr5,Mainboard Asus ROG Z790 HERO BTF DDR5 4 khe 192GB giá tốt – Sintech,77,over70_with_suffix
https://sintech.vn/products/mainboard-asus-rog-maximus-z790-apex-encore-ddr5,Mainboard Asus ROG Maximus Z790 Apex Encore DDR5 WiFi 7 – Sintech,75,over70_with_suffix
https://sintech.vn/products/cap-chuyen-type-c-3in1-sang-hdmi-usb-3-0-usb-c-ho-tro-phan-giai-4k,Cáp chuyển Type C 3in1 HDMI USB 3.0 USB-C 4K chính hãng – Sintech,75,over70_with_suffix
https://sintech.vn/products/may-bo-sin-06-core-i3-10105f-8gb-256-ssd-gt-730,"Máy bộ Sin 06 Core i3 10105F 8GB, 256 SSD giá tốt chính hãng – Sintech",80,over70_with_suffix
https://sintech.vn/products/laptop-hp-pavilion-x360-14-ek0130tu-7c0p5pa-core-i3-1215u-8gb-256gb-intel-uhd-14-inch-fhd-win-11-vang,Laptop HP Pavilion X360 14 i3 2-in-1 cảm ứng vàng FHD – Sintech,73,over70_with_suffix
https://sintech.vn/products/laptop-hp-pavilion-x360-14-ek0131tu-7c0p6pa-core-i3-1215u-8gb-256gb-intel-uhd-14-inch-fhd-win-11-xanh,Laptop HP Pavilion X360 14 i3 2-in-1 cảm ứng xanh FHD – Sintech,73,over70_with_suffix
https://sintech.vn/products/laptop-hp-pavilion-x360-14-ek1047tu-80r25pa-intel-core-i7-1355u-16gb-512gb-intel-iris-xe-14-inch-fhd-cam-ung-win-11-vang,Laptop HP Pavilion X360 14-ek1047TU (i7-1355U | 16GB | 512GB) – Sintech,81,over70_with_suffix
https://sintech.vn/products/hub-type-c-ugreen-15531-hdmi-4k-30hz-usb-3-2-cong-type-c-cong-pd-sd-tf,"Hub Type C Ugreen 15531 HDMI 4K cho laptop, chính hãng – Sintech",74,over70_with_suffix
https://sintech.vn/products/may-bo-sin-03-core-i5-8500-h310-8g-256gb-ssd,Máy bộ Sin 04 Core i5 8500 8G 256GB SSD giá tốt chính hãng – Sintech,78,over70_with_suffix
https://sintech.vn/products/nhan-ban-tu-laptop-hp-pavilion-x360-14-ek0130tu-7c0p5pa-core-i3-1215u-8gb-256gb-intel-uhd-14-inch-fhd-win-11-vang,Laptop HP Pavilion X360 14-ek1049TU (i5 | 16GB | 512GB) – Sintech,75,over70_with_suffix
https://sintech.vn/products/may-bo-sin-01-core-i5-4590-h81-8gb-256gb-ssd,Máy bộ Sin 01 Core i5 4590 H81 8GB 256GB giá tốt chính hãng – Sintech,79,over70_with_suffix
https://sintech.vn/products/laptop-hp-240-g10-9h2e5pt-intel-core-i7-1355u-8gb-512gb-intel-iris-xe-14-inch-fhd-win-11-bac,Laptop HP 240 G10 9H2E5PT (i7-1355U | 8GB | 512GB) giá tốt – Sintech,78,over70_with_suffix
https://sintech.vn/products/laptop-hp-240-g10-9h2e6pt-intel-core-i7-1355u-16gb-512gb-intel-iris-xe-14-inch-fhd-win-11-bac,Laptop HP 240 G10 (Intel Core i7-1355U | 16GB | 512GB) – Sintech,74,over70_with_suffix
https://sintech.vn/products/laptop-hp-240-g10-9h2e4pt-intel-core-i5-1335u-16gb-512gb-intel-uhd-graphics-14-0-inch-fhd-win-11-sl-bac,Laptop HP 240 G10 (i5-1335U | 16GB | 512GB) chính hãng – Sintech,74,over70_with_suffix
https://sintech.vn/products/may-bo-sin-03-core-i3-8100-h310-8gb-256gb-ssd,Máy bộ Sin 03 Core i3 8100 8GB 256GB SSD văn phòng giá tốt – Sintech,78,over70_with_suffix
https://sintech.vn/products/laptop-asus-zenbook-s-13-oled-ux5304va-nq125w-i7-1355u-16gb-512gb-13-3-2-8k,Laptop ASUS ZenBook S 13 OLED UX5304VA 16GB | 512GB giá tốt – Sintech,79,over70_with_suffix
https://sintech.vn/products/laptop-hp-240-g9-6l1y2pa-core-i5-1235u-8gb-512gb-iris-x-graphics-14-inch-fullhd-windows-11-home-bac,Laptop HP 240 G9 i5 8GB 512 FHD Iris Xe bạc giá tốt – Sintech,71,over70_with_suffix
https://sintech.vn/products/laptop-asus-vivobook-s14-s5406ma-pp161w-ultra-5-125h-16gb-1tb-14-oled-3k,Laptop Asus Vivobook S14 (Ultra 5 | 16GB | 1TB) giá tốt – Sintech,75,over70_with_suffix
https://sintech.vn/products/laptop-hp-240-g9-6l1y2pa-core-i5-1235u-16gb-512gb-iris-x-graphics-14-inch-fullhd-windows-11-home-bac,Laptop HP 240 G9 i5 16GB 512 FHD Iris Xe bạc giá tốt – Sintech,72,over70_with_suffix
https://sintech.vn/products/laptop-asus-zenbook-s-13-oled-ux5304ma-nq117w-intel-core-ultra-7-155u-32gb-1tb-13-3-3k,Laptop Asus Zenbook S 13 OLED (Ultra 7 | 32GB | 1TB) giá tốt – Sintech,80,over70_with_suffix
https://sintech.vn/products/laptop-asus-vivobook-14x-oled-s3405va-km071w-i9-13900h-16gb-512gb-14-oled,Laptop ASUS Vivobook 14X OLED (i9-13900H | 16GB | 512GB) – Sintech,76,over70_with_suffix
https://sintech.vn/products/laptop-hp-15-fd0235tu-9q970pa-intel-core-i5-1334u-16gb-512gb-15-6-inch-fhd,Laptop HP 15-fd0235TU (i5-1334U | 16GB | 512GB) giá tốt – Sintech,75,over70_with_suffix
https://sintech.vn/products/laptop-asus-vivobook-s-16-oled-s5606ma-mx051w-u7-155h-16gb-512gb-16-3-2k-oled,Laptop ASUS VivoBook S 16 OLED (U7 | 16GB | 512GB) giá tốt – Sintech,78,over70_with_suffix
https://sintech.vn/products/laptop-hp-240-g10-i3-n305-8gb-256gb-14-fhd-win11-bac,Laptop HP 240 G10 I3 N305 8GB 512GB 14 inch FHD chính hãng – Sintech,78,over70_with_suffix
https://sintech.vn/products/laptop-asus-zenbook-14-oled-ux3405ma-pp588w-u5-125h-16gb-512gb-14-3k-oled,Laptop ASUS Zenbook 14 OLED (U5-125H | 16GB | 512GB) giá tốt – Sintech,80,over70_with_suffix
https://sintech.vn/products/laptop-asus-vivobook-15-oled-a1505va-l1114w-i5-13500h-16gb-512gb-15-6-fhd-oled,Laptop ASUS VivoBook 15 OLED (i5 | 16GB | 512GB) giá tốt – Sintech,76,over70_with_suffix
https://sintech.vn/products/man-hinh-vsp-ip2407s-24inch-ips-fhd-100hz-1ms-freesync-den,Màn hình VSP IP2407S 24 IPS 100Hz đen giá rẻ giá tốt – Sintech,72,over70_with_suffix
https://sintech.vn/products/laptop-asus-vivobook-15-oled-a1505va-l1201w-i9-13900h-16gb-512gb-15-6-fhd-oled,Laptop ASUS VivoBook 15 OLED (I9-13900H | 16GB | 512GB) – Sintech,75,over70_with_suffix
https://sintech.vn/products/laptop-asus-vivobook-15-x1504za-nj582w-i3-1215u-8gb-512gb-15-6-fhd,Laptop ASUS Vivobook 15 i3-1215U 15.6 FHD chính hãng – Sintech,72,over70_with_suffix
https://sintech.vn/products/laptop-asus-vivobook-14-oled-a1405va-km095w-i5-13500h-16gb-512gb-14-2-8k-oled,Laptop Asus Vivobook 14 OLED (i5-13500H | 16GB | 512GB) – Sintech,75,over70_with_suffix
https://sintech.vn/products/laptop-hp-14-ep1007tu-9z2w1pa-core-7-150u-16gb-512gb-ssd-14-inch-fhd-win11-silver,Laptop HP 14 ep1007TU (Core 7 | 16GB | 512GB) chính hãng – Sintech,76,over70_with_suffix
https://sintech.vn/products/laptop-hp-15s-fq5228tu-8u240pa-intel-core-i3-1215u-8gb-512gb-intel-uhd-15-6-inch-fhd-win-11-xanh,Laptop HP 15s-fq5228TU (i3-1215U | 8GB | 512GB) giá tốt – Sintech,75,over70_with_suffix
https://sintech.vn/products/laptop-hp-14-ep1009tu-9z2w2pa-core-5-120u-16gb-1tb-ssd-14-inch-fhd-win11-bac,Laptop HP 14 ep1009TU 9Z2W2PA (Core 5 120U | 16GB | 1TB) – Sintech,76,over70_with_suffix
https://sintech.vn/products/laptop-hp-14-ep1011tu-9z2w3pa-core-5-120u-16gb-512gb-ssd-14-inch-fhd-win11-bac,Laptop HP 14 ep1011TU (Core 5 120U | 16GB | 512GB) giá tốt – Sintech,78,over70_with_suffix
https://sintech.vn/products/laptop-hp-14s-ep0128tu-8u6l5pa-intel-core-i5-1335u-8gb-512gb-intel-iris-xe-14-inch-fhd-win-11-bac,Laptop HP 14s-ep0128TU (i5-1335U | 8GB | 512GB) chính hãng – Sintech,78,over70_with_suffix
https://sintech.vn/products/laptop-asus-vivobook-16-x1605va-mb105w-i5-1335u-8gb-512gb-16,Laptop Asus Vivobook 16 (i5-1335U | 8GB | 512GB) giá tốt – Sintech,76,over70_with_suffix
https://sintech.vn/products/laptop-lenovo-thinkbook-16-g6-irl-21kh00q0vn-intel-core-i5-13420h-16gb-512gb-intel-uhd-16-inch-wuxga-win-11-xam,Laptop Lenovo ThinkBook 16 G6 IRL (i5-13420H | 16GB | 512GB) – Sintech,80,over70_with_suffix
https://sintech.vn/products/laptop-asus-vivobook-14-x1404za-nk389w-i7-1255u-16gb-512gb-pcie-14-fhd,Laptop ASUS Vivobook 14 X1404ZA-NK389W 16GB | 512GB giá tốt – Sintech,79,over70_with_suffix
https://sintech.vn/products/laptop-asus-vivobook-15-x1504va-nj070w-i5-1335u-16gb-512gb-15-6-fhd,Laptop ASUS VivoBook 15 (I5-1335U | 16GB | 512GB) giá tốt – Sintech,77,over70_with_suffix
https://sintech.vn/products/laptop-hp-14s-dq5122tu-8w356pa-intel-core-i3-1215u-8gb-256gb-intel-uhd-win-11-bac,Laptop HP 14s-dq5122TU Core i3-1215U 8GB 256GB SSD Win 11 – Sintech,77,over70_with_suffix
https://sintech.vn/products/laptop-asus-expertbook-b1-b1402cva-nk0176w-i5-1335u-512gb-16gb-14-fhd,Laptop ASUS ExpertBook B1 (i5-1335U | 16GB | 512GB) giá tốt – Sintech,79,over70_with_suffix
https://sintech.vn/products/laptop-lenovo-ideapad-5-15alc05-82ln00cdvn-ryzen-7-5700u-8gb-512gb-amd-radeon-15-6-inch-fhd-win-10-xam,Laptop Lenovo IdeaPad 5 15ALC05 (R7 | 8GB | 512GB) giá tốt – Sintech,78,over70_with_suffix
https://sintech.vn/products/laptop-asus-expertbook-b1-b1402cva-nk0104w-i3-1315u-8gb-256gb-14-fhd,Laptop ASUS ExpertBook B1 B1402CVA-NK0104W 8GB | 256GB – Sintech,74,over70_with_suffix
https://sintech.vn/products/laptop-asus-vivobook-14-x1404za-nk386w-i3-1215u-8gb-512gb-14-fhd,Laptop ASUS Vivobook 14 (i3-1215U | 8GB | 512GB) giá tốt – Sintech,76,over70_with_suffix
https://sintech.vn/products/lenovo-thinkpad-e14-gen-3-20y700bhvn-ryzen-5-5500u-8gb-512gb-ssd-amd-radeon-graphics-14-0inch-full-hd-windows-11-home-black-2y,Laptop Lenovo Thinkpad E14 Gen 3 (Ryzen 5 | 8GB | 512GB) – Sintech,76,over70_with_suffix
https://sintech.vn/products/laptop-asus-expertbook-b1-b1502cva-nj0149w-i3-1315u-8gb-512gb-15-6-fhd,Laptop ASUS ExpertBook B1 (i3-1315U | 8GB | 512GB) giá tốt – Sintech,78,over70_with_suffix
https://sintech.vn/products/laptop-lenovo-v14-g4-iru-83a000bgvn-intel-core-i5-13420h-16gb-512gb-intel-uhd-14-inch-fhd-noos-xam,Laptop Lenovo V14 i5-13420H 14 FHD NoOS xám giá tốt – Sintech,71,over70_with_suffix
https://sintech.vn/products/laptop-lenovo-thinkpad-e14-gen-5-21jk00h4va-intel-core-i5-13420h-16gb-512gb-intel-uhd-14-inch-wuxga-noos-den,Laptop Lenovo ThinkPad E14 Gen 5 i5-13420H 16/512GB chính hãng – Sintech,82,over70_with_suffix
https://sintech.vn/products/o-cung-ssd-sstc-megamouth-512gb-sata-iii,SSD SSTC Megamouth 512GB SATA III nâng cấp PC chính hãng – Sintech,76,over70_with_suffix
https://sintech.vn/products/o-cung-ssd-120gb-sstc-megamouth-sata-iii,Ổ cứng SSD SSTC Megamouth 120GB SATA III giá tốt chính hãng – Sintech,79,over70_with_suffix
https://sintech.vn/products/man-hinh-dell-27-inch-do-hoa-s2721hn-fhd-ips-75hz-4-ms-freesync,Màn hình Dell S2721HN 27 inch FHD IPS 75Hz FreeSync giá tốt – Sintech,79,over70_with_suffix
https://sintech.vn/products/may-bo-lenovo-ideacentre-g5-i5-10400-8gb-256gb-gtx-1660-super,Máy bộ Lenovo IdeaCentre G5 i5-10400 GTX 1660 Super giá tốt – Sintech,79,over70_with_suffix
https://sintech.vn/products/card-man-hinh-vga-inno3d-geforce-rtx-4060-ti-16gb-twin-x2,INNO3D RTX 4060 Ti Twin X2 16GB cho PC gaming chính hãng – Sintech,76,over70_with_suffix
https://sintech.vn/products/laptop-lenovo-thinkpad-e14-gen-5-21jk0069va-intel-core-i5-1335u-16gb-512gb-intel-iris-xe-14-inch-wuxga-no-os-den,Laptop Lenovo ThinkPad E14 Gen 5 i5-1335U 16/512GB chính hãng – Sintech,81,over70_with_suffix
https://sintech.vn/products/may-bo-msi-creator-p50-core-i5-11400-16gb-512gb-gtx1660s,Máy bộ MSI Creator P50 i5-11400 16GB 512GB GTX1660S giá tốt – Sintech,79,over70_with_suffix
https://sintech.vn/products/mainboard-colorful-battle-ax-b760m-t-pro-v20-ddr4,Mainboard Colorful B760M-T PRO V20 DDR4 LGA1700 giá tốt – Sintech,75,over70_with_suffix
https://sintech.vn/products/may-bo-hp-280-pro-g5-i5-10400-8g-1tb-hdd,Máy bộ HP 280 Pro G5 i5-10400 8GB 1TB HDD cho văn phòng – Sintech,75,over70_with_suffix
https://sintech.vn/products/laptop-hp-14s-ep0110tu-8c5k9pa-intel-core-i7-1355u-16gb-512gb-intel-iris-xe-14-inch-fhd-win-11-bac,Laptop HP 14s-ep0110TU (Intel Core i7-1355U | 16GB | 512GB) – Sintech,79,over70_with_suffix
https://sintech.vn/products/card-man-hinh-vga-gigabyte-geforce-rtx-4070-super-aero-oc-12g,Gigabyte RTX 4070 Super Aero OC 12GB cho PC trắng giá tốt – Sintech,77,over70_with_suffix
https://sintech.vn/products/card-man-hinh-vga-gigabyte-geforce-rtx-4070-ti-super-eagle-oc-16g,Gigabyte RTX 4070 Ti Super Eagle OC 16GB giá tốt chính hãng – Sintech,79,over70_with_suffix
https://sintech.vn/products/card-man-hinh-vga-gigabyte-geforce-rtx-4070-super-gaming-oc-12g,Gigabyte RTX 4070 Super Gaming OC 12GB cho PC gaming giá tốt – Sintech,80,over70_with_suffix
https://sintech.vn/products/man-hinh-dell-24-inch-ultrasharp-u2424h-fhd-ips-120hz-5ms-drr-tmds-usb-typec,Màn Hình Dell UltraSharp U2424H 24 inch FHD IPS 120Hz giá tốt – Sintech,81,over70_with_suffix
https://sintech.vn/products/vga-gigabyte-rtx-4070-ti-aorus-master-12gb-3-fan,Gigabyte RTX 4070 Ti Aorus Master 12GB cho game 4K giá tốt – Sintech,78,over70_with_suffix
https://sintech.vn/products/card-man-hinh-vga-gigabyte-rtx-4090-aorus-master-24g-gddr6x,Gigabyte RTX 4090 Aorus Master 24GB cho gaming 4K giá tốt – Sintech,77,over70_with_suffix
https://sintech.vn/products/may-bo-dell-vostro-3020-sff-i5-13400-8g-512gb,Máy bộ Dell Vostro 3020 SFF i5-13400 8GB 512GB chính hãng – Sintech,77,over70_with_suffix
https://sintech.vn/products/vga-gigabyte-rtx-4090-aorus-xtreme-waterforce-24gb,Gigabyte RTX 4090 Aorus Waterforce 24GB cho PC 4K chính hãng – Sintech,80,over70_with_suffix
https://sintech.vn/products/card-man-hinh-vga-gigabyte-rtx-4080-aero-oc-16gb-gddr6x-3fan,Gigabyte RTX 4080 Aero OC 16GB cho PC 4K chính hãng giá tốt – Sintech,79,over70_with_suffix
https://sintech.vn/products/card-man-hinh-vga-gigabyte-geforce-rtx-4090-windforce-v2-24g,Card Gigabyte RTX 4090 WindForce V2 24GB cho game 4K giá tốt – Sintech,80,over70_with_suffix
https://sintech.vn/products/card-man-hinh-vga-gigabyte-rtx-3080-ti-12gb-eagle-3-fan-cu,Card Gigabyte RTX 3080 Ti Eagle 12GB cũ cho game 4K giá tốt – Sintech,79,over70_with_suffix
https://sintech.vn/products/card-man-hinh-vga-gigabyte-geforce-rtx-4080-super-aero-oc-16g,Gigabyte RTX 4080 Super Aero OC 16GB cho PC 4K giá tốt – Sintech,74,over70_with_suffix
https://sintech.vn/products/card-man-hinh-vga-gigabyte-geforce-rtx-4070-ti-super-eagle-oc-ice-16g,VGA Gigabyte RTX 4070 Ti Super Eagle OC ICE 16GB giá tốt – Sintech,76,over70_with_suffix
https://sintech.vn/products/card-man-hinh-vga-gigabyte-radeon-rx-7600-xt-gaming-oc-16g,Gigabyte RX 7600 XT Gaming OC 16GB cho PC gaming giá tốt – Sintech,76,over70_with_suffix
https://sintech.vn/products/card-man-hinh-vga-gigabyte-rtx-3080-gaming-oc-10gb,Card Gigabyte RTX 3080 Gaming OC 10GB GDDR6X chính hãng – Sintech,75,over70_with_suffix
https://sintech.vn/products/ban-phim-co-gaming-aula-f75-pro-3-mode-seiya-switch-reaper-switch,Phím Cơ Aula F75 Pro Reaper Switch RGB Không Dây Hot-Swap – Sintech,77,over70_with_suffix
https://sintech.vn/products/card-man-hinh-vga-gigabyte-rtx-4070-gaming-oc-12gb-3-fan,Gigabyte RTX 4070 Gaming OC 12GB cho PC 2K mượt giá tốt – Sintech,75,over70_with_suffix
https://sintech.vn/products/card-man-hinh-vga-gigabyte-geforce-rtx-4060-eagle-oc-8gb,Gigabyte RTX 4060 Eagle OC 8GB GDDR6 - chơi game Full HD – Sintech,76,over70_with_suffix
https://sintech.vn/products/card-man-hinh-vga-msi-geforce-rtx-4060-ti-ventus-3x-e-8g-oc,MSI RTX 4060 Ti Ventus 3X E OC 8GB chơi game mượt giá tốt – Sintech,77,over70_with_suffix
https://sintech.vn/products/card-man-hinh-vga-msi-geforce-rtx-4080-super-16g-ventus-3x-oc,MSI RTX 4080 Super Ventus 3X OC 16GB cho gaming giá tốt – Sintech,75,over70_with_suffix
https://sintech.vn/products/card-man-hinh-vga-msi-geforce-rtx-4070-ti-gaming-x-slim-12g,MSI RTX 4070 Ti Gaming X Slim 12GB cho PC gaming giá tốt – Sintech,76,over70_with_suffix
https://sintech.vn/products/card-man-hinh-vga-gigabyte-geforce-rtx-4060-ti-windforce-oc-16g,Card Gigabyte RTX 4060 Ti WindForce OC 16GB GDDR6 chính hãng – Sintech,80,over70_with_suffix
https://sintech.vn/products/card-man-hinh-vga-msi-geforce-rtx-4070-super-ventus-2x-white-oc-12g-gddr6x,VGA MSI RTX 4070 Super Ventus 2X White OC 12GB giá tốt – Sintech,74,over70_with_suffix
https://sintech.vn/products/card-man-hinh-vga-msi-geforce-rtx-4060-ti-gaming-x-16g,MSI RTX 4060 Ti Gaming X 16GB cho PC gaming chính hãng – Sintech,74,over70_with_suffix
https://sintech.vn/products/card-man-hinh-vga-gigabyte-geforce-rtx-4060-ti-gaming-oc-16gb,Gigabyte RTX 4060 Ti Gaming OC 16GB cho PC gaming giá tốt – Sintech,77,over70_with_suffix
https://sintech.vn/products/card-man-hinh-vga-gigabyte-geforce-rtx-3050-windforce-oc-6g,Gigabyte RTX 3050 WindForce OC 6GB GDDR6 cho PC Full HD – Sintech,75,over70_with_suffix
https://sintech.vn/products/vga-msi-rx-5600xt-6gb-gddr6-gaming-mx,Card MSI RX 5600 XT Gaming MX 6GB GDDR6 giá tốt chính hãng – Sintech,78,over70_with_suffix
https://sintech.vn/products/card-man-hinh-vga-msi-geforce-rtx4070-ventus-2x-oc-12gb-gddr6x-2-fan,Card MSI RTX 4070 Ventus 2X OC 12GB GDDR6X 2 Fan giá tốt – Sintech,76,over70_with_suffix
https://sintech.vn/products/card-man-hinh-vga-msi-geforce-rtx-4070-ti-super-16g-ventus-3x,Card MSI RTX 4070 Ti Super Ventus 3X 16GB GDDR6X giá tốt – Sintech,76,over70_with_suffix
https://sintech.vn/products/vga-msi-rtx-3080-10g-lhr-3-fan-v2-gaming-z-trio,MSI RTX 3080 Gaming Z Trio 10GB GDDR6X cho gaming giá tốt – Sintech,77,over70_with_suffix
https://sintech.vn/products/card-man-hinh-vga-gigabyte-geforce-rtx-4060-gaming-oc-8gb,VGA Gigabyte RTX 4060 Gaming OC 8GB cho PC gaming giá tốt – Sintech,77,over70_with_suffix
https://sintech.vn/products/card-man-hinh-vga-msi-geforce-rtx-4070-ti-super-16gb-gaming-x-slim,Card MSI RTX 4070 Ti Super Gaming X Slim 16GB GDDR6X giá tốt – Sintech,80,over70_with_suffix
https://sintech.vn/products/card-man-hinh-vga-msi-geforce-rtx-4070-super-12g-gaming-x-slim-mlg,Card VGA MSI RTX 4070 Super 12GB Gaming X Slim giá tốt – Sintech,74,over70_with_suffix
https://sintech.vn/products/card-man-hinh-vga-msi-geforce-rtx-4070-super-12g-x-slim-white-nvidia-12gb-gddr6x,VGA MSI RTX 4070 Super X Slim White 12GB GDDR6X chính hãng – Sintech,78,over70_with_suffix
https://sintech.vn/products/card-man-hinh-vga-msi-geforce-rtx-4070-ti-ventus-3x-e1-12g-oc,Card VGA MSI RTX 4070 Ti Ventus 3X E1 12G OC chính hãng – Sintech,75,over70_with_suffix
https://sintech.vn/products/card-man-hinh-vga-msi-geforce-rtx-4070-ti-super-16g-ventus-2x-oc,MSI RTX 4070 Ti Super Ventus 2X OC 16GB giá tốt chính hãng – Sintech,78,over70_with_suffix
https://sintech.vn/products/card-man-hinh-vga-msi-geforce-rtx-4070-super-12g-ventus-2x-oc,MSI RTX 4070 Ventus 2X OC 12GB GDDR6X cho gaming giá tốt – Sintech,76,over70_with_suffix
https://sintech.vn/products/card-man-hinh-vga-msi-geforce-rtx-4070-ventus-2x-e-12g-oc,MSI RTX 4070 Ventus 2X E OC 12GB GDDR6X cho gaming giá tốt – Sintech,78,over70_with_suffix
https://sintech.vn/products/card-man-hinh-vga-zotac-gaming-geforce-rtx-2080-ti-twin-fan,VGA Zotac Gaming RTX 2080 Ti Twin Fan 11GB GDDR6 chính hãng – Sintech,79,over70_with_suffix
https://sintech.vn/products/card-man-hinh-zotac-gaming-amp-rtx-4060-ti-16gb,Card Zotac Gaming AMP RTX 4060 Ti 16GB GDDR6 chính hãng – Sintech,75,over70_with_suffix
https://sintech.vn/products/card-man-hinh-vga-zotac-gaming-geforce-rtx-2080-super-twin-fan,Card Zotac RTX 2080 Super Twin Fan 8GB GDDR6 chính hãng – Sintech,75,over70_with_suffix
https://sintech.vn/products/card-man-hinh-vga-zotac-gaming-geforce-rtx-2080-blower,Card Zotac Gaming RTX 2080 Blower 8GB GDDR6 chính hãng – Sintech,74,over70_with_suffix
https://sintech.vn/products/card-man-hinh-vga-zotac-gtx-1080-8gb-1-fan,Card màn hình Zotac GTX 1080 8GB 1 Fan cho PC gaming giá tốt – Sintech,80,over70_with_suffix
https://sintech.vn/products/card-man-hinh-vga-zotac-gaming-geforce-rtx-4070-super-trinity-black-edition-12gb-gddr6x,VGA Zotac RTX 4070 Super Trinity 12GB GDDR6X chính hãng – Sintech,75,over70_with_suffix
https://sintech.vn/products/card-man-hinh-vga-gigabyte-rtx-3060-12gb-gddr6-gaming-oc-v2,Gigabyte RTX 3060 Gaming OC V2 12GB GDDR6 cho PC gaming – Sintech,75,over70_with_suffix
https://sintech.vn/products/card-man-hinh-vga-msi-geforce-rtx-4060-ti-ventus-2x-black-16g-oc,Card VGA MSI RTX 4060 Ti Ventus 2X Black OC 16GB giá tốt – Sintech,76,over70_with_suffix
https://sintech.vn/products/card-man-hinh-vga-gigabyte-geforce-rtx-4060-windforce-oc-8g,Card Gigabyte RTX 4060 WindForce OC 8GB GDDR6 chính hãng – Sintech,76,over70_with_suffix
https://sintech.vn/products/card-man-hinh-vga-zotac-rtx-2080-super-amp-core,Card Zotac RTX 2080 Super AMP Core 8GB GDDR6 chính hãng – Sintech,75,over70_with_suffix
https://sintech.vn/products/card-man-hinh-vga-gigabyte-radeon-rx-6600-eagle-8g,Card Gigabyte RX 6600 Eagle 8GB GDDR6 chơi game Full HD – Sintech,75,over70_with_suffix
https://sintech.vn/products/card-man-hinh-vga-zotac-rtx-2060-super-8gb,Card Zotac RTX 2060 Super 8GB GDDR6 cho gaming chính hãng – Sintech,77,over70_with_suffix
https://sintech.vn/products/card-man-hinh-vga-msi-geforce-rtx-4060-ventus-2x-black-8gb-oc,VGA MSI RTX 4060 Ventus 2X Black OC 8GB GDDR6 chính hãng – Sintech,76,over70_with_suffix
https://sintech.vn/products/card-man-hinh-vga-zotac-gaming-geforce-rtx-4070-super-twin-edge-oc-12gb-gddr6x-1,VGA Zotac RTX 4070 Super Twin Edge 12GB GDDR6X chính hãng – Sintech,77,over70_with_suffix
https://sintech.vn/products/card-man-hinh-vga-msi-geforce-rtx-3050-ventus-2x-6g-oc,MSI RTX 3050 Ventus 2X OC 6GB GDDR6 chính hãng giá tốt – Sintech,74,over70_with_suffix
https://sintech.vn/products/card-mang-khong-day-pci-express-tp-link-tl-wn881nd,TP-Link TL-WN881ND PCIe cho PC bắt WiFi giá tốt chính hãng – Sintech,78,over70_with_suffix
https://sintech.vn/products/card-man-hinh-vga-zotac-gaming-geforce-rtx-4080-super-trinity-oc-white-edition-16gb-gddr6x,VGA Zotac RTX 4080 Super Trinity White 16GB GDDR6X giá tốt – Sintech,78,over70_with_suffix
https://sintech.vn/products/card-man-hinh-vga-msi-rtx-4060-ti-ventus-2x-black-8gb-gddr6-oc,VGA MSI RTX 4060 Ti Ventus 2X Black OC 8GB GDDR6 giá tốt – Sintech,76,over70_with_suffix
https://sintech.vn/products/card-man-hinh-vga-asus-dual-radeon-rx-7600-v2-oc-edition-8gb-gddr6,Card Asus Dual RX 7600 V2 OC Edition 8GB GDDR6 giá tốt – Sintech,74,over70_with_suffix
https://sintech.vn/products/card-man-hinh-asus-dual-geforce-rtx-4060-white-oc-edition-8gb,Asus Dual RTX 4060 White OC 8GB cho PC gaming mượt giá tốt – Sintech,78,over70_with_suffix
https://sintech.vn/products/card-man-hinh-asus-dual-rtx-3060-12g-v2,Card Asus Dual RTX 3060 V2 12GB GDDR6 chơi game giá tốt – Sintech,75,over70_with_suffix
https://sintech.vn/products/v-1,Mainboard Asrock B760M-HDV/M.2 DDR4 LGA 1700 chính hãng – Sintech,75,over70_with_suffix
https://sintech.vn/products/mainboard-asrock-b760m-pro-rs-ddr5,Mainboard Asrock B760M Pro RS DDR5 cho PC Intel giá tốt – Sintech,75,over70_with_suffix
https://sintech.vn/products/mainboard-asrock-b760m-pg-lightning-d4-ddr4,Mainboard Asrock B760M PG Lightning/D4 cho PC Intel giá tốt – Sintech,79,over70_with_suffix
https://sintech.vn/products/mainboard-asrock-b760m-pro-rs-wifi-ddr5,"Mainboard Asrock B760M Pro RS WiFi DDR5 - WiFi 6E, B760 – Sintech",75,over70_with_suffix
https://sintech.vn/products/card-man-hinh-asus-geforce-rtx-3050-dual-oc-6gb-dual-rtx3050-o6g,Card màn hình Asus RTX 3050 Dual OC 6GB chính hãng giá tốt – Sintech,78,over70_with_suffix
https://sintech.vn/products/mainboard-asrock-b760m-pro-rs-ddr4,Mainboard Asrock B760M Pro RS DDR4 LGA 1700 chính hãng – Sintech,74,over70_with_suffix
https://sintech.vn/products/card-man-hinh-vga-gigabyte-geforce-rtx-3060-windforce-oc-12g,Gigabyte RTX 3060 WindForce OC 12GB GDDR6 giá tốt cho PC – Sintech,76,over70_with_suffix
https://sintech.vn/products/card-man-hinh-asus-proart-geforce-rtx-4070-super-12gb-gddr6x,Asus ProArt RTX 4070 Super 12GB GDDR6X cho creator giá tốt – Sintech,78,over70_with_suffix
https://sintech.vn/products/tan-nhiet-khi-id-cooling-se-206-xt-argb-2-fan-argb-6-ong-dong,Tản ID-Cooling SE-206-XT ARGB 6 ống đồng giá tốt chính hãng – Sintech,79,over70_with_suffix
https://sintech.vn/products/mainboard-asrock-z790-steel-legend-wifi-ddr5,Mainboard Asrock Z790 Steel Legend WiFi DDR5 PCIe 5.0 giá tốt – Sintech,81,over70_with_suffix
https://sintech.vn/products/mainboard-asrock-b760m-pro-rs-d4-wifi-ddr4,Mainboard Asrock B760M Pro RS/D4 WiFi DDR4 LGA 1700 giá tốt – Sintech,79,over70_with_suffix
https://sintech.vn/products/mainboard-asrock-z790-pro-rs-wifi-ddr5,Mainboard Asrock Z790 Pro RS WiFi DDR5 build PC Intel giá tốt – Sintech,81,over70_with_suffix
https://sintech.vn/products/nguon-may-tinh-vsp-elite-dt660-650w,Nguồn VSP Elite DT660 650W hiệu suất 85% giá tốt chính hãng – Sintech,79,over70_with_suffix
https://sintech.vn/products/man-hinh-27-inch-aivision-a271fv-100hz-va,Màn hình AiVision A271FV 27 inch FHD 100Hz VA chính hãng – Sintech,76,over70_with_suffix
https://sintech.vn/products/man-hinh-24-inch-aivision-a243fv-100hz-va-fhd-5ms,Màn hình 24 inch AIVISION A243FV 100Hz VA FHD chính hãng – Sintech,76,over70_with_suffix
https://sintech.vn/products/fan-case-snowman-f-135-argb-den-sync-main,Fan Case Snowman F-135 ARGB Đen 120mm sync main giá tốt – Sintech,75,over70_with_suffix
https://sintech.vn/products/man-hinh-27-inch-aivision-a273fs-ips-100hz,Màn hình 27 inch AiVision A273FS IPS 100Hz 5ms chính hãng – Sintech,77,over70_with_suffix
https://sintech.vn/products/chuot-quang-khong-day-aula-am208,Chuột không dây AULA AM208 Hồng 2.4G Type-C 1600 DPI giá tốt – Sintech,80,over70_with_suffix
https://sintech.vn/products/ban-phim-co-gaming-co-day-aula-f3032-den-red-switch,Phím Cơ Aula F3032 Red Switch Đen có dây giá tốt chính hãng – Sintech,79,over70_with_suffix
https://sintech.vn/products/chuot-quang-khong-day-aula-am207,Chuột quang không dây AULA AM207 55g giá tốt chính hãng – Sintech,75,over70_with_suffix
https://sintech.vn/products/ghe-gaming-edra-dignity-egc234-red,Ghế Gaming E-DRA DIGNITY EGC234 đỏ da cao cấp chính hãng – Sintech,76,over70_with_suffix
https://sintech.vn/products/tan-nhiet-khi-cpu-coolleo-b40-s-digital-1700am5-argb,Tản nhiệt khí Coolleo B40-S Digital ARGB giá tốt chính hãng – Sintech,79,over70_with_suffix
https://sintech.vn/products/switch-5-port-tplink-10-100-1000mbps-tl-sg105,Switch TP-Link TL-SG105 5 port Gigabit cho văn phòng giá tốt – Sintech,80,over70_with_suffix
https://sintech.vn/products/ban-phim-co-gaming-co-day-aula-f3032-trang-red-switch,Phím Cơ Aula F3032 Red Switch Trắng 75% Có Dây giá tốt – Sintech,74,over70_with_suffix
https://sintech.vn/products/usb-wifi-cong-suat-cao-ac650-mercusys-mu6h,USB Wifi AC650 Mercusys MU6H thu sóng ổn định chính hãng – Sintech,76,over70_with_suffix
https://sintech.vn/products/router-wifi-asus-rt-ax1800hp,Router Wifi Asus RT AX1800HP WiFi 6 1800Mbps chính hãng – Sintech,75,over70_with_suffix
https://sintech.vn/products/man-hinh-22-icnh-aivision-a222fv-va-full-hd-100hz,Màn hình AiVision A222FV 22 inch VA FHD 100Hz chính hãng – Sintech,76,over70_with_suffix
https://sintech.vn/products/mainboard-msi-b760-gaming-plus-wifi-ddr5,MSI B760 GAMING PLUS WIFI DDR5 ATX cho PC Intel giá tốt – Sintech,75,over70_with_suffix
https://sintech.vn/products/nguon-corsair-rm850e-850w-atx-3-0-pcie-5-0-80-plus-gold-full-modular-cp-9020263-na,Nguồn Corsair RM850e 850W ATX 3.0 Gold Full Modular giá tốt – Sintech,79,over70_with_suffix
https://sintech.vn/products/cap-man-hinh-hdmi-1-5m,"Cáp màn hình HDMI 1.5M truyền tín hiệu sắc nét, giá rẻ – Sintech",74,over70_with_suffix
https://sintech.vn/products/nguon-corsair-rm1000e-1000w-atx-3-0-pcie-5-0-80-plus-gold-full-modular-cp-9020264-na,Nguồn Corsair RM1000e 1000W ATX 3.0 cho PC gaming giá tốt – Sintech,77,over70_with_suffix
https://sintech.vn/products/cap-nguon-may-tinh,"Dây nguồn PC chính hãng cho máy tính để bàn ổn định, giá rẻ – Sintech",79,over70_with_suffix
https://sintech.vn/products/nguon-corsair-cx750-750w-80-plus-bronze-atx,Nguồn Corsair CX750 750W 80 Plus Bronze ATX chính hãng – Sintech,74,over70_with_suffix
https://sintech.vn/products/nguon-corsair-cx650-650w-80-plus-bronze-atx,Nguồn Corsair CX650 650W 80 Plus Bronze ATX chính hãng – Sintech,74,over70_with_suffix
https://sintech.vn/products/nguon-gigabyte-p650ss-650w-black-gp-p650ss,Nguồn Gigabyte P650SS 650W 80 Plus cho PC gaming giá tốt – Sintech,76,over70_with_suffix
https://sintech.vn/products/pin-laptop-cho-acer-e3-111-e3-112-e3-112m-es1-531-b116-ms2394-b115-mp-n15q3-n15w4-es1-531-ac14b13j-ac14b18j,Pin laptop acer E3-111 E3-112 ES1-531 B116 B115-MP N15Q3 – Sintech,76,over70_with_suffix
https://sintech.vn/products/sac-laptop-cho-dell-19-5v-6-7v-130w-latitude-e5580-e6540-e6440-e5570-e5540-precision-m6300,Sạc laptop Dell đầu kim 19.5V 6.7A 130W cho Latitude E5580 – Sintech,78,over70_with_suffix
https://sintech.vn/products/sac-laptop-dau-kim-nho-cho-dell-19-5v-6-7a-130w-inspiron-g7-7591-precision-m3800-5510-5520-5530-9550-9560-9570-7590-7591-xps-9530-9550-asus-m3500q-ux501v,Sạc laptop Dell đầu kim nhỏ 19.5V 6.7A 130W cho Inspiron – Sintech,76,over70_with_suffix
https://sintech.vn/products/sac-laptop-dau-kim-cho-dell-19-5v-9-32a-190w-precision-m4600-m4700-m4800-m6700-m6800-alienway-m15-m17x-m18x,Sạc laptop Dell đầu kim 19.5V 9.32A 190W cho Precision – Sintech,74,over70_with_suffix
https://sintech.vn/products/nguon-gigabyte-gp-p1000gm-1000w-80-plus-gold-full-modular,Nguồn Gigabyte P1000GM 1000W 80 Plus Gold Full Modular – Sintech,74,over70_with_suffix
https://sintech.vn/products/nguon-gigabyte-p650ss-ice-650w-white-gp-p650ss-ice,Nguồn Gigabyte P650SS ICE 650W cho PC trắng giá tốt ATX – Sintech,75,over70_with_suffix
https://sintech.vn/products/sac-laptop-cho-dell-19-5v-7-7a-150w-latitude-e5580-e6540-e6440-e5570-e5540-precision-m6300,Sạc laptop Dell đầu kim 19.5V 7.7A 150W cho Latitude Pro – Sintech,76,over70_with_suffix
https://sintech.vn/products/sac-laptop-dau-kim-19-5v-12-3a-240w-cho-dell,Sạc laptop Dell đầu kim 19.5V 12.3A 240W cho Precision Pro – Sintech,78,over70_with_suffix
https://sintech.vn/products/sac-laptop-usb-c-20v-6-5a-90w-cho-dell,"Sạc laptop Dell USB-C 20V 6.5A 90W an toàn, chính hãng – Sintech",74,over70_with_suffix
https://sintech.vn/products/man-hinh-cong-samsung-ultrawide-34-inch-lc34g55-lc34g55twwexxv-2k-3440-x-1440-va-165hz-1ms,Màn hình Samsung LC34G55 34 inch 2K 165Hz giá tốt chính hãng – Sintech,80,over70_with_suffix
https://sintech.vn/products/ban-gaming-chu-z-sintech-mau-den,Bàn gaming chữ z màu đen khung thép chắc chắn cho setup – Sintech,75,over70_with_suffix
https://sintech.vn/products/o-cung-ssd-gigabyte-2500e-500gb-pcie-gen-3-0x4-chinh-hang,"SSD Gigabyte 2500E 500GB PCIe Gen3 x4 NVMe, đọc 2100MB/s – Sintech",76,over70_with_suffix
https://sintech.vn/products/chuot-gaming-khong-day-aula-sc660-led-rgb-3-modes-thiet-ke-doc-dao,Chuột AULA SC660 Không Dây RGB 10000 DPI 7 Nút giá tốt – Sintech,74,over70_with_suffix
https://sintech.vn/products/o-cung-ssd-kingmax-m-2-2280-pcie-512gb-pq3480,SSD Kingmax PQ3480 512GB M.2 PCIe Gen3 x4 NVMe giá tốt – Sintech,74,over70_with_suffix
https://sintech.vn/products/o-cung-ssd-patriot-512gb-p300-m-2-2280-nvme-gen-3x4,Ổ cứng SSD Patriot P300 512GB M.2 NVMe cho PC giá tốt – Sintech,73,over70_with_suffix
https://sintech.vn/products/ban-chu-k-mau-den-1200x750x600mm,Bàn Gaming chữ K màu đen mặt HDF 120x60cm chân sắt chắc – Sintech,75,over70_with_suffix
https://sintech.vn/products/man-hinh-gaming-lg-24gn65r-b-23-8-inch-full-hd-ips-144hz-1ms-phang,Màn hình LG 24GN65R-B 24 inch 144Hz giá tốt chính hãng – Sintech,74,over70_with_suffix
https://sintech.vn/products/nguon-gigabyte-gp-p650b-650w-80-plus-bronze,Nguồn Gigabyte P650B 650W Bronze cho PC gaming giá tốt – Sintech,74,over70_with_suffix
https://sintech.vn/products/man-hinh-gaming-lg-25gr75fg-b,Màn hình LG UltraGear 25GR75FG-B 360Hz cho eSports giá tốt – Sintech,78,over70_with_suffix
https://sintech.vn/products/man-hinh-gaming-lg-24gq50f-b-23-8-fhd-va-165hz-1ms-phang,Màn Hình Gaming LG 24GQ50F-B 24 inch 165Hz FHD giá tốt – Sintech,74,over70_with_suffix
https://sintech.vn/products/tui-chong-soc-laptop-13-inch,"Túi chống sốc Laptop 13 inch màu đen, bảo vệ gọn chính hãng – Sintech",79,over70_with_suffix
https://sintech.vn/products/mainboard-asus-tuf-gaming-b760m-plus-wifi-ddr4,Mainboard Asus TUF B760M-PLUS Wifi DDR4 Intel D4 giá tốt – Sintech,76,over70_with_suffix
https://sintech.vn/products/mainboard-msi-b760m-gaming-plus-wifi-ddr5,Mainboard MSI B760M Gaming Plus WiFi DDR5 PCIe 5.0 giá tốt – Sintech,78,over70_with_suffix
https://sintech.vn/products/man-hinh-lcd-24-aoc-c24g2-74-fhd-va-165hz-1ms-hdr-freesync-gaming-cong,"Màn hình AOC C24G2/74 24"" FHD VA 165Hz 1ms gaming cong – Sintech",74,over70_with_suffix
https://sintech.vn/products/mainboard-asrock-b760m-steel-legend-wifi-ddr5,Mainboard Asrock B760M Steel Legend Wifi DDR5 LGA1700 giá tốt – Sintech,81,over70_with_suffix
https://sintech.vn/products/cpu-intel-core-i9-14900k-6-0ghz-24-nhan-32-luong-new-box,"CPU Intel Core i9 14900K cho PC gaming, render giá tốt – Sintech",74,over70_with_suffix
https://sintech.vn/products/man-hinh-lenovo-legion-y25-25-25-ips-240hz-g-sync-phang-1ms-chuyen-game,Màn hình Lenovo Legion Y25-25 25 inch IPS 240Hz G-Sync – Sintech,74,over70_with_suffix
https://sintech.vn/products/cpu-intel-core-i9-14900kf-5-8ghz-24-nhan-32-luong,CPU Intel Core i9 14900KF 24 nhân cho PC gaming giá tốt – Sintech,75,over70_with_suffix
https://sintech.vn/products/cpu-intel-core-i9-13900k-5-80-ghz-24-nhan-32-luong-new-box,CPU Intel Core i9 13900K 24 nhân cho PC hiệu năng cao giá tốt – Sintech,81,over70_with_suffix
https://sintech.vn/products/cpu-intel-core-i9-14900-5-8-ghz-24-nhan-32-luong,CPU Intel Core i9 14900 24 Nhân 32 Luồng 5.8GHz chính hãng – Sintech,78,over70_with_suffix
https://sintech.vn/products/cpu-intel-core-i9-12900kf-5-20-ghz-16-nhan-24-luong-tray,CPU Intel Core i9 12900KF 16 nhân cho PC hiệu năng cao – Sintech,74,over70_with_suffix
https://sintech.vn/products/cpu-intel-core-i9-14900f-5-8-ghz-24-nhan-32-luong,CPU Intel Core i9 14900F 5.8GHz cho PC gaming chính hãng – Sintech,76,over70_with_suffix
https://sintech.vn/products/cpu-intel-core-i7-14700-5-4-ghz-20-nhan-28-luong,CPU Intel Core i7 14700 5.4GHz 20 Nhân 28 Luồng chính hãng – Sintech,78,over70_with_suffix
https://sintech.vn/products/cpu-intel-core-i9-14900kf-5-8ghz-24-nhan-32-luong-tray,CPU Intel Core i9 14900KF 24 nhân cho PC cao cấp giá tốt – Sintech,76,over70_with_suffix
https://sintech.vn/products/cpu-intel-core-i7-14700kf-5-6ghz-20-nhan-28-luong,CPU Intel Core i7 14700KF cho PC gaming giá tốt chính hãng – Sintech,78,over70_with_suffix
https://sintech.vn/products/cpu-intel-core-i7-14700-5-4-ghz-20-nhan-28-luong-tray,CPU Intel Core i7 14700 20 nhân cho PC gaming đồ họa giá tốt – Sintech,80,over70_with_suffix
https://sintech.vn/products/cpu-intel-core-i9-10900f-5-20-ghz-10-nhan-20-luong-tray,CPU Intel Core i9 10900F Tray cho PC gaming VGA rời giá tốt – Sintech,79,over70_with_suffix
https://sintech.vn/products/cpu-intel-core-i7-14700k-5-6ghz-20-nhan-28-luong,CPU Intel Core i7 14700K 20 nhân 28 luồng 5.6GHz chính hãng – Sintech,79,over70_with_suffix
https://sintech.vn/products/cpu-intel-core-i7-14700f-5-4ghz-20-nhan-28-luong,CPU Intel Core i7 14700F 20 nhân 28 luồng 5.4GHz chính hãng – Sintech,79,over70_with_suffix
https://sintech.vn/products/cpu-intel-core-i7-13700-5-20-ghz-16-nhan-24-luong,CPU Intel Core i7-13700 16 nhân 24 luồng 5.20GHz chính hãng – Sintech,79,over70_with_suffix
https://sintech.vn/products/cpu-intel-core-i7-13700k-5-40-ghz-16-nhan-24-luong,CPU Intel Core i7 13700K 5.40GHz 16 nhân 24 luồng giá tốt – Sintech,77,over70_with_suffix
https://sintech.vn/products/cpu-intel-core-i7-12700-4-90-ghz-12-nhan-20-luong,CPU Intel i7-12700 Box Alder Lake chính hãng giá tốt – Sintech,72,over70_with_suffix
https://sintech.vn/products/cpu-intel-core-i7-12700kf-5-00ghz-12-nhan-20-luong-new-box,CPU Intel Core i7 12700KF build PC gaming giá tốt chính hãng – Sintech,80,over70_with_suffix
https://sintech.vn/products/cpu-intel-core-i9-12900k-5-20-ghz-16-nhan-24-luong,CPU Intel Core i9 12900K 5.20GHz cho PC gaming giá tốt – Sintech,74,over70_with_suffix
https://sintech.vn/products/cpu-intel-core-i7-12700f-4-90-ghz-12-nhan-20-luong,CPU Intel Core i7-12700F 12 nhân cho PC gaming giá tốt – Sintech,74,over70_with_suffix
https://sintech.vn/products/cpu-intel-core-i7-11700kf-5ghz-8-nhan-16-luong-tray,CPU Intel Core i7 11700KF 5GHz cho PC gaming chính hãng – Sintech,75,over70_with_suffix
https://sintech.vn/products/cpu-intel-core-i7-11700k-5-10-ghz-8-nhan-16-luong,CPU Intel Core i7 11700K 8 nhân build PC gaming giá tốt – Sintech,75,over70_with_suffix
https://sintech.vn/products/cpu-intel-core-i7-10700kf-5-10-ghz-8-nhan-16-luong,CPU Intel Core i7 10700KF 8 nhân cho PC gaming giá tốt – Sintech,74,over70_with_suffix
https://sintech.vn/products/cpu-intel-core-i7-11700-4-90-ghz-8-nhan-16-luong-tray,CPU Intel Core i7 11700 Tray 8 nhân 16 luồng cho PC mạnh – Sintech,76,over70_with_suffix
https://sintech.vn/products/cpu-intel-core-i7-11700f-4-9ghz-8-nhan-16-luong-tray,CPU Intel Core i7 11700F 8 nhân 16 luồng 4.9GHz giá tốt – Sintech,75,over70_with_suffix
https://sintech.vn/products/cpu-intel-core-i7-10700f-4-8ghz-8-nhan-16-luong-tray,CPU Intel Core i7-10700F Tray 8 nhân 16 luồng cho PC giá tốt – Sintech,80,over70_with_suffix
https://sintech.vn/products/cpu-intel-core-i7-10700k-5-10-ghz-8-nhan-16-luong-tray,CPU Intel Core i7 10700K 8 nhân 16 luồng 5.10 GHz Tray – Sintech,74,over70_with_suffix
https://sintech.vn/products/cpu-intel-core-i7-13700kf-5-40-ghz-16-nhan-24-luong,CPU Intel Core i7 13700KF 16 nhân cho PC gaming giá tốt – Sintech,75,over70_with_suffix
https://sintech.vn/products/card-man-hinh-gigabyte-geforce-rtx-4070-aero-oc-12gb-gddr6x-gv-n4070aero-oc-12gd,Gigabyte RTX 4070 Aero OC 12GB GDDR6X cho PC 2K giá tốt – Sintech,75,over70_with_suffix
https://sintech.vn/products/man-hinh-vsp-gaming-g2530s3-25-inch-fast-ips-300hz,Màn hình VSP G2530S3 25 inch 300Hz cho FPS giá tốt chính hãng – Sintech,81,over70_with_suffix
https://sintech.vn/products/mouse-ko-day-logitech-m220-black-silent,"Chuột không dây Logitech M220 black silent êm, gọn, giá rẻ – Sintech",78,over70_with_suffix
https://sintech.vn/products/fan-led-rgb-coolmoon-k8-rgb-fixed-khong-can-hub-den,Fan Case CoolMoon K8 RGB Fixed Đen 12cm giá tốt chính hãng – Sintech,78,over70_with_suffix
https://sintech.vn/products/cpu-intel-core-i3-14100f-4-7ghz-4-nhan-8-luong-tray,CPU Intel Core i3 14100F 4.7GHz cho PC phổ thông giá tốt – Sintech,76,over70_with_suffix
https://sintech.vn/products/cpu-intel-core-i7-10700-4-80-ghz-8-nhan-16-luong-tray,CPU Intel Core i7 10700 8 nhân 16 luồng cho PC giá tốt – Sintech,74,over70_with_suffix
https://sintech.vn/products/cpu-intel-core-i5-14600k-5-3ghz-14-nhan-20-luong-tray,CPU Intel Core i5 14600K Tray 14 nhân cho PC chính hãng – Sintech,75,over70_with_suffix
https://sintech.vn/products/cpu-intel-core-i5-14400f-4-7-ghz-10-nhan-16-luong-tray,CPU Intel Core i5 14400F Tray build PC gaming chính hãng – Sintech,76,over70_with_suffix
https://sintech.vn/products/cpu-intel-core-i3-14100-3-5ghz-4-nhan-8-luong-tray,CPU Intel Core i3 14100 4 Nhân 8 Luồng 3.5GHz chính hãng – Sintech,76,over70_with_suffix
https://sintech.vn/products/cpu-intel-core-i5-14500-5-0ghz-14-nhan-20-luong-tray,CPU Intel Core i5 14500 Tray 14 nhân cho PC gaming giá tốt – Sintech,78,over70_with_suffix
https://sintech.vn/products/cpu-intel-core-i5-13400-4-60-ghz-10-nhan-16-luong-tray,CPU Intel Core i5 13400 Tray 10 nhân 16 luồng chính hãng – Sintech,76,over70_with_suffix
https://sintech.vn/products/cpu-intel-core-i5-13500-4-80-ghz-14-nhan-20-luong-tray,CPU Intel Core i5 13500 Tray 14 nhân cho PC gaming giá tốt – Sintech,78,over70_with_suffix
https://sintech.vn/products/cpu-intel-core-i5-13600k-5-10-ghz-14-nhan-20-luong-tray,CPU Intel Core i5 13600K Tray 14 nhân cho PC gaming giá tốt – Sintech,79,over70_with_suffix
https://sintech.vn/products/card-man-hinh-msi-geforce-rtx-4070-ti-super-gaming-x-slim-white-16g-gddr6x,Card MSI RTX 4070 Ti Super Gaming X Slim White 16GB GDDR6X – Sintech,78,over70_with_suffix
https://sintech.vn/products/cpu-intel-core-i5-13400f-4-60ghz-10-nhan-16-luong-tray,CPU Intel Core i5 13400F Tray cho PC gaming chính hãng – Sintech,74,over70_with_suffix
https://sintech.vn/products/o-cung-ssd-256gb-sstc-oceanic-whitetip-nvme-m2-pci-e-gen-3-sstc-phi-e13256,SSD SSTC Oceanic Whitetip 256GB M.2 NVMe đọc 2.400MB/s – Sintech,74,over70_with_suffix
https://sintech.vn/products/card-man-hinh-vga-zotac-gaming-geforce-rtx-4070-super-twin-edge-oc-12gb-gddr6x,VGA Zotac RTX 4070 Super Twin Edge 12GB GDDR6X DLSS 3 Gaming – Sintech,80,over70_with_suffix
https://sintech.vn/products/card-man-hinh-msi-rtx-4070-gaming-x-trio-12gb,Card MSI RTX 4070 Gaming X Trio 12GB GDDR6X chính hãng – Sintech,74,over70_with_suffix
https://sintech.vn/products/card-man-hinh-igame-geforce-rtx-4070-super-ultra-w-oc-v-12gb,Card Colorful iGame RTX 4070 Super 12GB GDDR6X chính hãng – Sintech,77,over70_with_suffix
https://sintech.vn/products/o-cung-ssd-sstc-512gb-oceanic-whitetip-max-iii-nvme-m-2-gen-3,SSD SSTC Oceanic Whitetip MAX-III 512GB M.2 NVMe giá tốt – Sintech,76,over70_with_suffix
https://sintech.vn/products/o-cung-ssd-kingspec-128gb-sata-iii-p3-128,Ổ cứng SSD Kingspec P3-128 128GB SATA III giá tốt chính hãng – Sintech,80,over70_with_suffix
https://sintech.vn/products/o-cung-ssd-kingspec-256gb-sata-iii-p3-256,Ổ cứng SSD Kingspec P3-256 256GB SATA III giá tốt chính hãng – Sintech,80,over70_with_suffix
https://sintech.vn/products/o-cung-ssd-sstc-256gb-sata-iii-2-5-inch-sstc-mmp256-25,SSD SSTC MMP256-25 256GB SATA III 2.5 inch giá tốt chính hãng – Sintech,81,over70_with_suffix
https://sintech.vn/products/gia-treo-man-hinh-may-tinh-edra-ema7302-arm-man-hinh,Giá Treo Màn Hình E-DRA EMA7302 Arm Đơn 24-34 inch giá tốt – Sintech,78,over70_with_suffix
https://sintech.vn/products/card-man-hinh-inno3d-rtx-4070-super-x3-oc-12gb-3-fan,Card Inno3D RTX 4070 Super X3 OC 12GB GDDR6X chính hãng – Sintech,75,over70_with_suffix
https://sintech.vn/products/o-cung-ssd-colorful-sl500-128gb-2-5-sata-iii-1,SSD Colorful SL500 128GB SATA III nâng cấp PC chính hãng – Sintech,76,over70_with_suffix
https://sintech.vn/products/cpu-intel-core-i5-12400-4-4ghz-6-nhan-12-luong-tray,CPU Intel Core i5 12400 Tray LGA1700 cho PC gaming giá tốt – Sintech,78,over70_with_suffix
https://sintech.vn/products/cpu-intel-core-i5-9400-4-10ghz-6-nhan-6-luong-tray,CPU Intel Core i5 9400 6 nhân cho PC văn phòng giá tốt – Sintech,74,over70_with_suffix
https://sintech.vn/products/cpu-intel-core-i5-11400-4-4ghz-6-nhan-12-luong-tray,CPU Intel Core i5 11400 6 nhân 12 luồng chính hãng giá tốt – Sintech,78,over70_with_suffix
https://sintech.vn/products/cpu-intel-core-i5-11400f-4-4ghz-6-nhan-12-luong-tray,"CPU Intel Core i5 11400F 6 nhân cho PC gaming, giá tốt – Sintech",74,over70_with_suffix
https://sintech.vn/products/cpu-intel-core-i5-10400-4-30-ghz-6-nhan-12-luong-tray,CPU Intel Core i5 10400 Tray 6 nhân cho build PC giá tốt – Sintech,76,over70_with_suffix
https://sintech.vn/products/cpu-intel-core-i5-9400f-4-10ghz-6-nhan-6-luong-tray,CPU Intel Core i5 9400F 6 nhân 6 luồng 4.10GHz chính hãng – Sintech,77,over70_with_suffix
https://sintech.vn/products/cpu-intel-core-i5-10400f-4-3ghz-6-nhan-12-luong-tray,CPU Intel Core i5 10400F Tray 6 nhân cho PC gaming giá tốt – Sintech,78,over70_with_suffix
https://sintech.vn/products/cpu-intel-core-i3-10105f-4-4ghz-4-nhan-8-luong-tray,CPU Intel Core i3 10105F 4.4GHz cho PC giá tốt chính hãng – Sintech,77,over70_with_suffix
https://sintech.vn/products/cpu-intel-core-i3-12100-4-3ghz-4-nhan-8-luong-tray,CPU Intel Core i3 12100 (4.3GHz) 4 Nhân 8 Luồng giá tốt – Sintech,75,over70_with_suffix
https://sintech.vn/products/cpu-intel-core-i3-10100-4-3ghz-4-nhan-8-luong-tray,CPU Intel Core i3 10100 4.3GHz cho PC giá tốt chính hãng – Sintech,76,over70_with_suffix
https://sintech.vn/products/cpu-intel-core-i3-12100f-4-3ghz-4-nhan-8-luong-tray,CPU Intel Core i3 12100F Tray cho PC game phổ thông giá tốt – Sintech,79,over70_with_suffix
https://sintech.vn/products/cpu-intel-core-i3-13100f-4-5ghz-4-nhan-8-luong-tray,CPU Intel Core i3 13100F 4.5GHz 4 Nhân 8 Luồng chính hãng – Sintech,77,over70_with_suffix
https://sintech.vn/products/fan-case-centaur-ct-8800-led-argb-den-sync-main,Fan Case Centaur CT-8800 LED ARGB Sync Main 61.5 CFM giá tốt – Sintech,80,over70_with_suffix
https://sintech.vn/products/cpu-intel-core-i3-10100f-4-3ghz-4-nhan-8-luong-tray,CPU Intel Core i3 10100F 4.3GHz build PC giá tốt chính hãng – Sintech,79,over70_with_suffix
https://sintech.vn/products/ghe-gaming-centaur-viago-den,Ghế Gaming CENTAUR VIAGO Đen khung thép giá tốt chính hãng – Sintech,78,over70_with_suffix
https://sintech.vn/products/ghe-gaming-centaur-duelist-den-do-trang,"Ghế Gaming Centaur Duelist tay vịn 4D, ngả lưng 180 độ – Sintech",74,over70_with_suffix
https://sintech.vn/products/ghe-gaming-centaur-valorant,"Ghế Gaming Centaur Valorant tay vịn 4D, ngả lưng 180 độ – Sintech",75,over70_with_suffix
https://sintech.vn/products/ghe-gaming-centaur-akali-den-xam-nhat-xam,"Ghế Gaming CENTAUR AKALI ngả 180 độ, kê tay 4D giá tốt – Sintech",74,over70_with_suffix
https://sintech.vn/products/tai-nghe-gaming-co-day-lecoo-ht401-usb-3-5mm,Tai nghe Gaming Lecoo HT401 USB 2.0 màng loa 50mm chính hãng – Sintech,80,over70_with_suffix
https://sintech.vn/products/chuot-gaming-aula-sc580-co-ket-noi-3-mode-trang-den-do,Chuột Gaming Aula SC580 3 Mode DPI 10000 chính hãng giá tốt – Sintech,79,over70_with_suffix
https://sintech.vn/products/tan-nhiet-nuoc-id-cooling-fx360-argb,Tản nhiệt nước AIO ID-Cooling FX360 ARGB 360mm hiệu năng – Sintech,76,over70_with_suffix
https://sintech.vn/products/tan-nhiet-nuoc-id-cooling-dashflow-360-xt-argb,Tản nhiệt nước AIO ID-COOLING DashFlow 360-XT ARGB chính hãng – Sintech,81,over70_with_suffix
https://sintech.vn/products/ghe-gaming-centaur-lengend-chan-quy,Ghế Gaming CENTAUR Lengend Chân Quỳ ngả 180 độ chính hãng – Sintech,77,over70_with_suffix
https://sintech.vn/products/tan-nhiet-nuoc-id-cooling-pinkflow-240-diamond,Tản Nhiệt Nước AIO ID Cooling Pinkflow 240 Diamond ARGB – Sintech,75,over70_with_suffix
https://sintech.vn/products/tan-nhiet-nuoc-id-cooling-dashflow-240,Tản nhiệt nước ID Cooling DashFlow 240 cho PC gaming giá tốt – Sintech,80,over70_with_suffix
https://sintech.vn/products/tan-nhiet-nuoc-id-cooling-space-sl360-xe-argb-black-white,Tản nhiệt nước AIO ID Cooling SPACE SL360 XE ARGB 360mm – Sintech,75,over70_with_suffix
https://sintech.vn/products/tan-nhiet-nuoc-aio-thermalright-frozen-warframe-240-white-argb,AIO Thermalright Frozen Warframe 240 trắng màn LCD ARGB – Sintech,75,over70_with_suffix
https://sintech.vn/products/man-hinh-samsung-lc32r500fhexxv-32-inch-fhd-va-75hz-4ms,Màn hình cong Samsung LC32R500 32 inch FHD VA 75Hz 4ms – Sintech,74,over70_with_suffix
https://sintech.vn/products/tan-nhiet-khi-deepcool-ag500-digital-argb-den,Tản nhiệt khí Deepcool AG500 Digital ARGB đen tower – Sintech,71,over70_with_suffix
https://sintech.vn/products/tan-nhiet-nuoc-id-cooling-space-sl240-lcd-argb-man-hinh-lcd-hien-thi-thong-so,ID Cooling Space SL240 LCD ARGB cho PC gaming chính hãng – Sintech,76,over70_with_suffix
https://sintech.vn/products/ghe-gaming-centaur-legend-den-nhung-hong,Ghế Gaming CENTAUR LEGEND Đen Nhung Hồng giá tốt chính hãng – Sintech,79,over70_with_suffix
https://sintech.vn/products/tan-nhiet-nuoc-id-cooling-space-sl240-lcd-argb-den-trang,Tản nước AIO ID Cooling Space SL240 LCD ARGB 240mm Đen – Sintech,74,over70_with_suffix
https://sintech.vn/products/tan-nhiet-cpu-id-cooling-se-226-xt-argb-air-cooling,Tản nhiệt ID-Cooling SE-226-XT ARGB 250W giá tốt chính hãng – Sintech,79,over70_with_suffix
https://sintech.vn/products/tan-nhiet-cpu-id-cooling-zoomflow-360-xt-argb-aio-cooling-den-trang,AIO ID Cooling ZOOMFLOW 360 XT ARGB Đen Trắng 350W giá tốt – Sintech,78,over70_with_suffix
https://sintech.vn/products/man-hinh-viewsonic-va3209-2k-mhd-32-inch-ips-75hz,ViewSonic VA3209 2K MHD 32 inch IPS 75Hz giá tốt chính hãng – Sintech,79,over70_with_suffix
https://sintech.vn/products/tan-nhiet-nuoc-id-cooling-zoomflow-240xt-elite-argb-den-trang,Tản nước ID Cooling ZoomFlow 240XT Elite ARGB TDP 300W – Sintech,74,over70_with_suffix
https://sintech.vn/products/gia-treo-man-hinh-may-tinh-nb-f160-arm-man-hinh,Giá treo màn hình NB F160 arm đôi cho góc làm việc gọn – Sintech,74,over70_with_suffix
https://sintech.vn/products/gia-treo-man-hinh-may-tinh-ergotek-ez3-arm-man-hinh,Arm màn hình đôi Ergotek EZ3 kẹp bàn xoay 360° giá tốt – Sintech,74,over70_with_suffix
https://sintech.vn/products/tai-nghe-choi-game-e-dra-eh412-pro,Tai nghe Gaming E-DRA EH412 PRO Driver 50mm LED giá tốt – Sintech,75,over70_with_suffix
https://sintech.vn/products/gia-treo-man-hinh-may-tinh-ergotek-ez1-arm-man-hinh,"Giá treo màn hình Ergotek EZ1 - arm đơn 17-30 inch, 8kg – Sintech",75,over70_with_suffix
https://sintech.vn/products/gia-treo-man-hinh-may-tinh-north-bayou-nb-h100-arm-man-hinh,Giá treo màn hình NB H100 22-35 inch tải 2-12kg chính hãng – Sintech,78,over70_with_suffix
https://sintech.vn/products/tan-nhiet-thermalright-core-vision-360-black-argb-den,Tản nhiệt AIO Thermalright Core Vision 360 ARGB Đen giá tốt – Sintech,79,over70_with_suffix
https://sintech.vn/products/tai-nghe-e-dra-eh404-7-1-rgb,Tai nghe gaming E-Dra EH404 7.1 RGB LED có dây chính hãng – Sintech,77,over70_with_suffix
https://sintech.vn/products/gia-treo-man-hinh-may-tinh-north-bayou-nb-h180-arm-man-hinh,"Giá treo màn hình đôi NB H180 - tải 12kg, hợp kim giá tốt – Sintech",77,over70_with_suffix
https://sintech.vn/products/tan-nhiet-nuoc-coolmoon-aosor-as240-all-rgb-trang-den,Tản nhiệt nước AIO Coolmoon Aosor AS240 240mm ARGB chính hãng – Sintech,81,over70_with_suffix
https://sintech.vn/products/tan-nhiet-aio-msi-mag-coreliquid-360r-v2,"Tản nhiệt nước MSI MAG 360R V2 cho CPU cao cấp, PC gaming – Sintech",77,over70_with_suffix
https://sintech.vn/products/tan-nhiet-nuoc-aio-gamdias-aura-gl240-v2-argb-den,AIO Gamdias AURA GL240 V2 ARGB đen 240mm cho gaming – Sintech,71,over70_with_suffix
https://sintech.vn/products/ghe-gaming-centaur-gundam-universe-den,Ghế Gaming Centaur Gundam Universe đen ngầu Esports – Sintech,71,over70_with_suffix
https://sintech.vn/products/ghe-gaming-centaur-gundam-universe-hong,Ghế Gaming Centaur Gundam Universe hồng cute Esports – Sintech,72,over70_with_suffix
https://sintech.vn/products/tan-nhiet-nuoc-aio-msi-mag-coreliquid-240r-v2,Tản nhiệt nước AIO MSI MAG CORELIQUID 240R V2 chính hãng – Sintech,76,over70_with_suffix
https://sintech.vn/products/man-hinh-aoc-u32u3cv-74-31-5-inch-4k-uhd-ips-60hz-4ms,Màn hình AOC U32U3CV/74 31.5 inch 4K UHD IPS 60Hz giá tốt – Sintech,77,over70_with_suffix
https://sintech.vn/products/cpu-intel-core-i5-12400f-4-4ghz-6-nhan-12-luong,CPU Intel Core i5 12400F 4.4GHz Box cho PC gaming giá tốt – Sintech,77,over70_with_suffix
https://sintech.vn/products/macbook-pro-13-inch-mid-2012-cu-dep,Laptop Apple Macbook Pro 2012 (i7 | 8GB | 128GB) cũ đẹp – Sintech,75,over70_with_suffix
https://sintech.vn/products/tan-nhiet-khi-jonsbo-cr-1200,Tản nhiệt khí Jonsbo CR-1200 ARGB Đen 95W cho PC gọn giá tốt – Sintech,80,over70_with_suffix
https://sintech.vn/products/man-hinh-do-hoa-aoc-q27u3cv-74-27-inch-qhd-nano-ips-75hz-4ms-loa-usb-c,Màn hình AOC Q27U3CV/74 27 inch QHD cho đồ họa giá tốt – Sintech,74,over70_with_suffix
https://sintech.vn/products/tan-nhiet-khi-leopard-kf400-rgb-trang,Tản nhiệt khí Leopard KF400 RGB Trắng cho PC trắng giá tốt – Sintech,78,over70_with_suffix
https://sintech.vn/products/tan-nhiet-khi-centaur-ct-air02-black-white,Tản nhiệt khí Centaur CT-AIR02 đen cho Setup giá tốt – Sintech,72,over70_with_suffix
https://sintech.vn/products/nguon-centaur-pick-750w,Nguồn Centaur PICK 750W Plus Bronze cho PC gaming giá tốt – Sintech,77,over70_with_suffix
https://sintech.vn/products/man-hinh-aoc-u27u3cv-74-27-inch-4k-uhd-ips-75hz-4ms,Màn hình AOC U27U3CV/74 27 inch 4K UHD IPS 75Hz 4ms giá tốt – Sintech,79,over70_with_suffix
https://sintech.vn/products/nguon-centaur-pick-650w-80-plus,Nguồn Centaur PICK 650W 80 Plus Bronze giá tốt chính hãng – Sintech,77,over70_with_suffix
https://sintech.vn/products/mainboard-asus-prime-h610m-k-ddr4,Mainboard Asus Prime H610M-K DDR4 cho PC Intel giá tốt – Sintech,74,over70_with_suffix
https://sintech.vn/products/nguon-centaur-gaming-550w,"Nguồn Centaur Gaming 550W +12V 43.6A, hiệu suất 82% giá tốt – Sintech",79,over70_with_suffix
https://sintech.vn/products/dich-vu-ve-sinh-laptop-nang-cao,Combo vệ sinh tra keo tản nhiệt laptop nâng cao giá tốt – Sintech,75,over70_with_suffix
https://sintech.vn/products/tan-nhiet-khi-centaur-ct-airo1-black-white,Tản khí Centaur CT-AIR03 đen tower nhôm cao cấp setup PC – Sintech,76,over70_with_suffix
https://sintech.vn/products/fan-led-rgb-coolmoon-k8-rgb-fixed-khong-can-hub-trang,Fan Case CoolMoon K8 RGB Fixed Trắng 12cm cho PC giá tốt – Sintech,76,over70_with_suffix
https://sintech.vn/products/nguon-may-tinh-infinity-eco-650w,"Nguồn Infinity ECO 650W 80 Plus ATX, bảo vệ OVP/OCP/SCP – Sintech",75,over70_with_suffix
https://sintech.vn/products/nguon-xigmatek-600w-x-power-iii-x-650-en45990,Nguồn Xigmatek X POWER III X650 600W +12V 45A chính hãng – Sintech,76,over70_with_suffix
https://sintech.vn/products/ban-phim-co-gaming-aula-f87-8602-3-mode-phien-ban-den-trang-xanh-duong-grey-wood-v3-switch,Bàn Phím Cơ Gaming AULA F87 3 Mode Hotswap RGB giá tốt – Sintech,74,over70_with_suffix
https://sintech.vn/products/man-hinh-phang-vsp-24inch-2k-esport-gaming-vu241q-qhd-usb-c-type-c,Màn hình VSP VU241Q 24 inch QHD 75Hz USB-C Type-C giá tốt – Sintech,77,over70_with_suffix
https://sintech.vn/products/nguon-vsp-vgp750brn-80-plus-bronze-750w,Nguồn VSP VGP750BRN 750W 80 Plus Bronze giá tốt chính hãng – Sintech,78,over70_with_suffix
https://sintech.vn/products/nguon-mik-s-power-600,Nguồn MIK S POWER 600W ATX cho PC phổ thông chính hãng – Sintech,74,over70_with_suffix
https://sintech.vn/products/aula-f75-ban-phim-co-gaming-3-mode-phien-ban-ice-green-reaper-switch,Phím Cơ Aula F75 Ice Green hot-swap RGB 3 mode chính hãng – Sintech,77,over70_with_suffix
https://sintech.vn/products/nguon-may-tinh-550w-msi-mag-a550bn-80-plus-bronze,Nguồn MSI MAG A550BN 550W 80 Plus Bronze chính hãng giá tốt – Sintech,79,over70_with_suffix
https://sintech.vn/products/nguon-mik-s-power-500,Nguồn MIK S POWER 500W dây liền cho PC phổ thông giá tốt – Sintech,76,over70_with_suffix
https://sintech.vn/products/chuot-gaming-aula-f813-usb-2-4g-led-rgb-mau-den-1,"Chuột Gaming Aula F813 RGB USB + 2.4G, 4800 DPI 7 nút giá tốt – Sintech",81,over70_with_suffix
https://sintech.vn/products/man-hinh-vsp-v2408s-23-8-inch-full-hd-ips-100hz-5ms-phang-trang,Màn hình VSP V2408S 24 inch Full HD IPS 100Hz chính hãng – Sintech,76,over70_with_suffix
https://sintech.vn/products/chuot-gaming-aula-f805-den,Chuột Gaming Aula F805 Đen 7 nút DPI 6400 LED RGB giá tốt – Sintech,77,over70_with_suffix
https://sintech.vn/products/nguon-mik-spower-c650b-650w-bronze,Nguồn MIK S POWER C650B 650W Bronze ATX 85% chính hãng – Sintech,74,over70_with_suffix
https://sintech.vn/products/chuot-gaming-co-day-aula-s13-mau-den,Chuột gaming có dây AULA S13 đen LED Rainbow chính hãng – Sintech,75,over70_with_suffix
https://sintech.vn/products/ban-phim-gaming-aula-s2022-chinh-hang-hong,Phím Cơ Aula S2022 Blue Switch Hồng có dây giá tốt LED – Sintech,74,over70_with_suffix
https://sintech.vn/products/chuot-gaming-corsair-nightsabre-rgb-cu,Chuột Gaming Corsair NIGHTSABRE RGB Cũ 26.000 DPI 11 nút – Sintech,76,over70_with_suffix
https://sintech.vn/products/mainboard-asrock-h610m-hvs-m-2-ddr4,Mainboard Asrock H610M-HVS/M.2 DDR4 cho PC build giá tốt – Sintech,76,over70_with_suffix
https://sintech.vn/products/mainboard-msi-h410m-pro-ddr4,Mainboard Intel MSI H410M PRO DDR4 cho PC văn phòng giá tốt – Sintech,79,over70_with_suffix
https://sintech.vn/products/cpu-intel-core-i3-10105f-4-4ghz-4-nhan-8-luong,CPU Intel Core i3 10105F 4.4GHz 4 nhân 8 luồng chính hãng – Sintech,77,over70_with_suffix
https://sintech.vn/products/mainboard-gigabyte-b760m-d2h-d4-ddr4,Mainboard GIGABYTE B760M D2H D4 DDR4 cho PC Intel giá tốt – Sintech,77,over70_with_suffix
https://sintech.vn/products/cpu-intel-core-i5-10400-4-3ghz-6-nhan-12-luong,CPU Intel Core i5 10400 6 nhân 12 luồng 4.3GHz chính hãng – Sintech,77,over70_with_suffix
https://sintech.vn/products/mainboard-gigabyte-b760m-ds3h-ddr4,Mainboard GIGABYTE B760M DS3H DDR4 socket LGA1700 chính hãng – Sintech,80,over70_with_suffix
https://sintech.vn/products/cpu-intel-core-i3-12100-4-3ghz-4-nhan-8-luong-new-box,CPU Intel Core i3 12100 4 Nhân 8 Luồng 4.3GHz chính hãng – Sintech,76,over70_with_suffix
https://sintech.vn/products/mainboard-msi-pro-b760m-p-ddr4,Mainboard Intel MSI PRO B760M-P DDR4 build PC mua giá tốt – Sintech,77,over70_with_suffix
https://sintech.vn/products/mainboard-asus-prime-h410m-e-ddr4,Mainboard ASUS Prime H410M-E DDR4 Micro-ATX chính hãng – Sintech,74,over70_with_suffix
https://sintech.vn/products/cpu-intel-core-i3-10105-4-4ghz-4-nhan-8-luong,CPU Intel Core i3-10105 4.4GHz cho PC văn phòng giá tốt – Sintech,75,over70_with_suffix
https://sintech.vn/products/cpu-intel-core-i3-9100-4-2ghz-4-nhan-4-luong-tray,CPU Intel Core i3 9100 4.2GHz cho PC phổ thông chính hãng – Sintech,77,over70_with_suffix
https://sintech.vn/products/cpu-intel-core-i5-10400f-4-3ghz-6-nhan-12-luong-new-box,CPU Intel Core i5 10400F 6 nhân cho PC gaming giá tốt Box – Sintech,77,over70_with_suffix
https://sintech.vn/products/chuot-galax-gaming-slider-01-rgb-7200-dpi-wired,Chuột Galax Slider 01 RGB 7200 DPI Optical 8 Macro giá tốt – Sintech,78,over70_with_suffix
https://sintech.vn/products/chuot-quang-gaming-co-day-lecoo-ms108,Chuột Lecoo MS108 có dây 7 phím gaming phổ thông giá tốt – Sintech,76,over70_with_suffix
https://sintech.vn/products/mainboard-asus-prime-h510m-k-ddr4,Mainboard ASUS PRIME H510M-K DDR4 LGA1200 giá tốt chính hãng – Sintech,80,over70_with_suffix
https://sintech.vn/products/chuot-co-day-gaming-logitech-g102-lightsync-gen-2,Chuột Logitech G102 LightSync GEN 2 đen quốc dân GAMING – Sintech,75,over70_with_suffix
https://sintech.vn/products/cpu-intel-core-i5-13500-4-8ghz-14-nhan-20-luong,"CPU Intel Core i5 13500 (4.8GHz, 14 nhân 20 luồng) giá tốt – Sintech",78,over70_with_suffix
https://sintech.vn/products/ban-phim-co-gaming-spartan-tc3218-blue-switch-led-rainbow,Phím Cơ Spartan TC3218 Blue Switch 104 Phím LED RainBow – Sintech,75,over70_with_suffix
https://sintech.vn/products/vga-power-color-rx-570-4gb-d5-red-dragon-2-fan-cu-dvi-port,Card PowerColor RX 570 4GB Red Dragon 2 Fan cũ đẹp giá tốt – Sintech,78,over70_with_suffix
https://sintech.vn/products/cpu-intel-core-i3-9100f-4-2ghz-4-nhan-4-luong-tray,CPU Intel Core i3 9100F Tray cho PC phổ thông chính hãng – Sintech,76,over70_with_suffix
https://sintech.vn/products/chuot-galax-slider-03-rgb-gaming,Chuột Galax Slider 03 RGB Gaming 7200 DPI 7 nút macro giá tốt – Sintech,81,over70_with_suffix
https://sintech.vn/products/man-hinh-gaming-vsp-cong-cm2705h-27-inch-full-hd-va-75hz-6ms-cong,Màn hình VSP CM2705H 27 inch cong cho góc gaming giá tốt – Sintech,76,over70_with_suffix
https://sintech.vn/products/chuot-razer-basilisk-v3,Chuột Razer Basilisk V3 công thái học chính hãng giá tốt – Sintech,76,over70_with_suffix
https://sintech.vn/products/man-hinh-lg-ultragear-27gp850-b-27-inch-nano-ips-2k-180hz-1ms-hdr-g-sync,Màn hình LG UltraGear 27GP850-B 2K 180Hz Nano IPS giá tốt – Sintech,77,over70_with_suffix
https://sintech.vn/products/mainboard-gigabyte-h410m-h-v2-ddr4,Mainboard GIGABYTE H410M H V2 DDR4 LGA1200 cho PC Intel – Sintech,75,over70_with_suffix
https://sintech.vn/products/o-cu-ng-hdd-western-digital-blue-500gb-2-5-sata-3-wd5000lpcx,HDD Western Digital Blue WD5000LPCX 500GB SATA III giá tốt – Sintech,78,over70_with_suffix
https://sintech.vn/products/man-hinh-asus-tuf-gaming-vg328qa1a-32inch-va-full-hd-170hz-1ms,Màn hình ASUS TUF Gaming VG328QA1A 32 inch 165Hz giá tốt – Sintech,76,over70_with_suffix
https://sintech.vn/products/man-hinh-galax-gaming-monitor-pr-01-24-inch-va-full-hd-75hz-8ms,Màn hình Galax PR 01 24 inch Full HD 75Hz giá tốt chính hãng – Sintech,80,over70_with_suffix
https://sintech.vn/products/o-cung-hdd-samsung-spinpoint-st1000lm024-1tb-sata-iii-2-5,HDD Samsung SpinPoint ST1000LM024 1TB SATA III giá tốt – Sintech,74,over70_with_suffix
https://sintech.vn/products/man-hinh-galax-gaming-monitor-32-inch-ips-2k-qhd-165hz-1ms,Màn hình Galax Vivance 32Q 32 inch 2K QHD IPS 165Hz giá tốt – Sintech,79,over70_with_suffix
https://sintech.vn/products/o-cung-may-tinh-hdd-500gb-toshiba-mq01abf050-2-5-5400rpm-8m-cache-sata-iii-3gbp-s,Ổ cứng HDD Toshiba MQ01ABF050 500GB SATA III chính hãng – Sintech,75,over70_with_suffix
https://sintech.vn/products/mainboard-asus-prime-b760m-a-wifi-d4-ddr4,Mainboard Asus Prime B760M-A WIFI D4 DDR4 LGA1700 chính hãng – Sintech,80,over70_with_suffix
https://sintech.vn/products/hdd-hgst-travelstar-z5k500-500gb-sata-6gb-s-hts545050a7e680,Ổ cứng HDD HGST Travelstar HTS545050A7E680 500GB SATA III – Sintech,77,over70_with_suffix
https://sintech.vn/products/mainboard-gigabyte-h610m-s2h-v2-ddr4,Mainboard Gigabyte H610M S2H V2 DDR4 LGA1700 chính hãng – Sintech,75,over70_with_suffix
https://sintech.vn/products/gia-treo-man-hinh-may-tinh-north-bayou-nb-f80-den-arm-man-hinh,Giá treo màn hình North Bayou NB F80 Đen giá tốt chính hãng – Sintech,79,over70_with_suffix
https://sintech.vn/products/mainboard-asus-prime-b760m-k-d4-ddr4,Mainboard Asus PRIME B760M-K D4 DDR4 LGA 1700 chính hãng – Sintech,76,over70_with_suffix
https://sintech.vn/products/gia-treo-man-hinh-may-tinh-north-bayou-nb-f80-trang-arm-man-hinh,North Bayou NB F80 trắng cho setup gọn giá tốt chính hãng – Sintech,77,over70_with_suffix
https://sintech.vn/products/aula-ac306-combo-ban-phim-va-chuot-khong-day,Combo phím chuột AULA AC306 đen Keycap dành cho văn phòng – Sintech,77,over70_with_suffix
https://sintech.vn/products/mainboard-gigabyte-b760m-h-ddr4,Mainboard GIGABYTE B760M-H DDR4 cho PC Intel chính hãng – Sintech,75,over70_with_suffix
https://sintech.vn/products/mainboard-msi-pro-h510m-b,Mainboard MSI H510M-B PRO DDR4 LGA 1200 giá tốt chính hãng – Sintech,78,over70_with_suffix
https://sintech.vn/products/man-hinh-dell-ultrasharp-24-u2419h-1920x1080-ips-60hz-8ms,Màn hình Dell U2419H 24 inch IPS cho setup làm việc giá tốt – Sintech,79,over70_with_suffix
https://sintech.vn/blogs/news/ram-ddr5-la-gi-tat-ca-nhung-thong-tin-co-ban-ban-can-biet,RAM DDR5 là gì? Tất cả những thông tin cơ bản bạn cần biết – Sintech,78,over70_with_suffix
https://sintech.vn/blogs/news/cach-chon-cpu-huong-dan-day-du-cho-nguoi-moi-bat-dau-xay-dung-pc,Cách chọn CPU: Hướng dẫn đầy đủ cho người mới bắt đầu xây dựng PC – Sintech,85,over70_with_suffix
https://sintech.vn/blogs/news/hisense-nang-tam-trai-nghiem-choi-game-voi-man-hinh-co-lon-tai-ifa-202,Hisense nâng tầm trải nghiệm chơi game với màn hình cỡ lớn tại IFA 202 – Sintech,90,over70_with_suffix
https://sintech.vn/blogs/news/prompt-la-gi-kham-pha-suc-manh-cua-tu-khoa-dieu-khien-ai,Prompt là gì? Khám phá sức mạnh của từ khóa điều khiển AI – Sintech,77,over70_with_suffix
https://sintech.vn/blogs/news/man-hinh-di-dong-la-gi-10-tieu-chi-luu-y-khi-chon-mua-man-di-dong,Màn hình di động là gì? 10 tiêu chí lưu ý khi chọn mua màn di động – Sintech,86,over70_with_suffix
https://sintech.vn/products/mainboard-gigabyte-b760m-gaming-x-d4-ddr4,Mainboard GIGABYTE B760M GAMING X D4 cho PC DDR4 giá tốt – Sintech,76,over70_with_suffix
https://sintech.vn/blogs/news/gasket-la-gi-tim-hieu-giai-phap-cho-ban-phim-em-ai-va-thoai-mai,Gasket là gì? Tìm hiểu giải pháp cho bàn phím êm ái và thoải mái – Sintech,84,over70_with_suffix
https://sintech.vn/blogs/news/nvidia-sap-ngung-san-xuat-card-do-hoa-geforce-rtx-3060,Nvidia sắp ngừng sản xuất card đồ họa GeForce RTX 3060 – Sintech,74,over70_with_suffix
https://sintech.vn/blogs/news/goi-y-top-chuot-gaming-rapoo-gia-re-den-tu-thuong-hieu-rapoo,Gợi ý top chuột gaming Rapoo giá rẻ đến từ thương hiệu Rapoo – Sintech,80,over70_with_suffix
https://sintech.vn/blogs/news/cau-hinh-choi-zzz-zenless-zone-zero-tren-pc-laptop,"Cấu hình chơi ZZZ - Zenless Zone Zero Trên PC, Laptop – Sintech",73,over70_with_suffix
https://sintech.vn/blogs/news/ra-mat-iphone-moi-apple-van-phai-doi-mat-voi-noi-so-ban-e-tai-trung,"Ra mắt iPhone mới, Apple vẫn phải đối mặt với nỗi sợ 'bán ế' tại Trung – Sintech",90,over70_with_suffix
https://sintech.vn/blogs/news/intel-arrow-lake-s-core-ultra-200-se-ra-mat-vao-thang-10,Intel Arrow Lake-S “Core Ultra 200” sẽ ra mắt vào tháng 10 – Sintech,78,over70_with_suffix
https://sintech.vn/blogs/news/google-vua-cap-nhat-loat-tinh-nang-huu-ich-cho-nguoi-dung-thich-mo-nhi,Google vừa cập nhật loạt tính năng hữu ích cho người dùng thích mở nhi – Sintech,90,over70_with_suffix
https://sintech.vn/blogs/news/snapdragon-x-elite-thu-nghiem-hieu-nang-don-nhan-va-da-nhan,Snapdragon X Elite: Thử Nghiệm Hiệu Năng Đơn Nhân Và Đa Nhân – Sintech,80,over70_with_suffix
https://sintech.vn/blogs/news/nvidia-rtx-50-series-manh-me-hieu-nang-trong-dien-mao-thanh-lich,"NVIDIA RTX 50 Series: ""Mạnh mẽ"" hiệu năng trong diện mạo ""thanh lịch"" – Sintech",89,over70_with_suffix
https://sintech.vn/blogs/news/tong-hop-tim-hieu-cac-kich-thuoc-ban-phim-co-tren-thi-truong-hien-nay,"Tổng hợp, tìm hiểu các kích thước bàn phím cơ trên thị trường hiện nay – Sintech",90,over70_with_suffix
https://sintech.vn/blogs/news/nong-cuoc-dua-phu-tram-sac-xe-dien-cong-ty-cua-ong-pham-nhat-vuong,"""Nóng"" cuộc đua phủ trạm sạc xe điện: Công ty của ông Phạm Nhật Vượng – Sintech",89,over70_with_suffix
https://sintech.vn/blogs/news/microsoft-ket-thuc-ho-tro-windows-11-21h2-va-22h2-sau-90-ngay,Microsoft kết thúc hỗ trợ Windows 11 21H2 và 22H2 sau 90 ngày – Sintech,81,over70_with_suffix
https://sintech.vn/blogs/news/openai-o1-dot-pha-trong-xu-ly-ngon-ngu-tu-nhien-vuot-xa-mong-doi,"OpenAI o1: Đột phá trong xử lý ngôn ngữ tự nhiên, vượt xa mong đợi – Sintech",86,over70_with_suffix
https://sintech.vn/blogs/news/hyper-threading-cong-nghe-giup-may-tinh-da-nhiem-tot-hon,Hyper Threading: Công nghệ giúp máy tính đa nhiệm tốt hơn – Sintech,77,over70_with_suffix
https://sintech.vn/blogs/news/smartphone-cao-cap-tich-hop-ai-cua-nha-ta-o-gio-mo-i-co-khi-ma-doi,Smartphone cao cấp tích hợp AI của Nhà Táo. Giờ mới có khi mà đối – Sintech,90,over70_with_suffix
https://sintech.vn/blogs/news/huong-dan-lua-chon-tan-nhiet-nuoc-all-in-one-phu-hop,Hướng dẫn lựa chọn tản nhiệt nước All in one phù hợp – Sintech,72,over70_with_suffix
https://sintech.vn/blogs/news/phan-biet-nvidia-super-va-ti-nen-mua-loai-card-nvidia-nao-cho-phu-hop,Phân biệt Nvidia Super và Ti: Nên mua loại card Nvidia nào cho phù hợp – Sintech,90,over70_with_suffix
https://sintech.vn/blogs/news/tim-hieu-ve-ep-xung-phuong-phap-tang-toc-do-va-suc-manh-cua-pc-co-tha,Tìm hiểu về ép xung: Phương pháp tăng tốc độ và sức mạnh của PC có thậ – Sintech,90,over70_with_suffix
https://sintech.vn/blogs/news/lo-thong-tin-ve-arrow-lake-hx-series-cho-laptop-24-nhan-xung-5-5-ghz,"Lộ thông tin về Arrow Lake-HX Series cho laptop: 24 nhân, xung 5.5 GHz – Sintech",90,over70_with_suffix
https://sintech.vn/blogs/news/huong-dan-2-cach-xoa-chu-logo-watermark-tren-anh-bang-photoshop-cuc,"Hướng dẫn cách xóa chữ, logo, watermark ảnh bằng Photoshop – Sintech",78,over70_with_suffix
https://sintech.vn/blogs/news/partition-phan-vung-o-cung-la-gi-bat-mi-cach-phan-vung-o-cung-don-g,Partition - Phân vùng ổ cứng là gì? Bật mí cách phân vùng ổ cứng đơn g – Sintech,90,over70_with_suffix
https://sintech.vn/blogs/news/o-cung-mang-nas-la-gi-giai-phap-luu-tru-du-lieu-khong-gioi-han-cho-do,Ổ cứng mạng NAS là gì? Giải pháp lưu trữ dữ liệu không giới hạn cho do – Sintech,90,over70_with_suffix
https://sintech.vn/blogs/news/day-hdmi-la-gi-nhung-dieu-can-biet-ve-day-hdmi-ma-ban-khong-the-bo-qu,Dây HDMI là gì? Những điều cần biết về dây HDMI mà bạn không thể bỏ qu – Sintech,90,over70_with_suffix
https://sintech.vn/blogs/news/chia-se-cach-gap-man-hinh-laptop-ma-khong-tat-may-win-10-va-win-11-cuc,Chia sẻ cách gập màn hình laptop mà không tắt máy win 10 và win 11 cực – Sintech,90,over70_with_suffix
https://sintech.vn/blogs/news/tat-tan-tat-ve-quat-may-tinh-keu-to-va-cach-khac-phuc-don-gian-nhanh,"Tất tần tật về quạt máy tính kêu to và cách khắc phục đơn giản, nhanh – Sintech",89,over70_with_suffix
https://sintech.vn/blogs/news/cong-nghe-man-hinh-anti-glare-la-gi-so-sanh-man-hinh-anti-glare-va-ma,Công nghệ màn hình Anti-Glare là gì? So sánh màn hình Anti-Glare và mà – Sintech,90,over70_with_suffix
https://sintech.vn/blogs/news/hop-den-ai-la-gi-tim-hieu-cach-thuc-hoat-dong-va-tuong-lai-cua-hop-de,Hộp đen AI là gì? Tìm hiểu cách thức hoạt động và tương lai của hộp đe – Sintech,90,over70_with_suffix
https://sintech.vn/blogs/news/ep-xung-ram-la-gi-huong-dan-cach-ep-xung-ram-an-toan-cho-laptop,Ép xung RAM là gì? Hướng dẫn cách ép xung RAM an toàn cho laptop – Sintech,84,over70_with_suffix
https://sintech.vn/blogs/news/amd-ryzen-ai-9-hx-370-quai-vat-hieu-nang-moi-cho-laptop-gaming,AMD Ryzen AI 9 HX 370: Quái vật hiệu năng mới cho laptop gaming – Sintech,83,over70_with_suffix
https://sintech.vn/blogs/news/cach-khoi-phuc-file-da-xoa-tren-windows-11-trong-tich-tac,Cách khôi phục file đã xóa trên Windows 11 trong tích tắc – Sintech,77,over70_with_suffix
https://sintech.vn/blogs/news/cach-toi-uu-card-nvidia-choi-game-voi-hieu-nang-cao-ma-ban-co-the-chua,Cách tối ưu card Nvidia chơi game mượt có thể bạn chưa biết – Sintech,79,over70_with_suffix
https://sintech.vn/blogs/news/5-phan-mem-test-ban-phim-laptop-mien-phi-ban-nen-thu,5 Phần Mềm Test Bàn Phím Laptop Miễn Phí Bạn Nên Thử – Sintech,72,over70_with_suffix
https://sintech.vn/blogs/news/iphone-gap-apple-da-san-sang-gap-gon-the-gioi-cua-ban-nhung-ipad-g,IPhone Gập: Apple Đã Sẵn Sàng “Gấp Gọn” Thế Giới Của Bạn – Sintech,76,over70_with_suffix
https://sintech.vn/blogs/news/maxsun-he-lo-thong-tin-ve-card-do-hoa-intel-battlemage-sap-ra-mat,Maxsun Hé Lộ Thông Tin Về Card Đồ Họa Intel Battlemage Sắp Ra Mắt – Sintech,85,over70_with_suffix
https://sintech.vn/blogs/news/so-sanh-cac-ai-grok-xuat-sac-bat-ngo-nhung-chat-gpt-van-la-trum-cu,So sánh các AI: Grok “xuất sắc” nhưng Chat GPT vẫn là “trùm cuối” – Sintech,85,over70_with_suffix
https://sintech.vn/blogs/news/asus-rog-azoth-ban-phim-gaming-cao-cap-lam-chu-moi-tran-dau,"Asus ROG Azoth: Bàn Phím Gaming Cao Cấp, Làm Chủ Mọi Trận Đấu – Sintech",81,over70_with_suffix
https://sintech.vn/blogs/news/duc-yeu-cau-xoa-deepseek-khoi-app-store-va-google-play-canh-bao-du-do,Đức yêu cầu xóa DeepSeek khỏi App Store và Google Play: Cảnh báo dữ dộ – Sintech,90,over70_with_suffix
https://sintech.vn/blogs/news/google-takeout-la-gi-huong-dan-chi-tiet-cach-sao-luu-du-lieu-google,Google Takeout là gì? Hướng dẫn chi tiết cách sao lưu dữ liệu Google – Sintech,88,over70_with_suffix
https://sintech.vn/blogs/news/balo-airpods-bravest-studios-ra-mat-airpack-mon-do-gay-lu-nhat,Balo AirPods? Bravest Studios ra mắt AirPack – món đồ “gây lú” nhất – Sintech,87,over70_with_suffix
https://sintech.vn/blogs/news/list-5-phim-chieu-rap-hay-dang-xem-nhat-thang-8-2025,List 5 phim chiếu rạp hay đáng xem nhất tháng 8/2025 – Sintech,72,over70_with_suffix
https://sintech.vn/blogs/news/top-10-thuong-hieu-linh-kien-may-tinh-duoc-yeu-thich-nhat-tai-viet-nam,Top 10 Thương Hiệu Linh Kiện Máy Tính Nổi Bậc Tại Việt Nam – Sintech,78,over70_with_suffix
https://sintech.vn/blogs/news/folderdrive-khi-bieu-tuong-thu-muc-buoc-ra-doi-thuc,FolderDrive – Khi biểu tượng thư mục bước ra đời thực – Sintech,73,over70_with_suffix
https://sintech.vn/blogs/news/luu-mat-khau-tren-trinh-duyet-web-thoi-quen-tien-loi-dang-tro-thanh,"Lưu mật khẩu trên trình duyệt web: Thói quen tiện lợi đang trở thành "" – Sintech",90,over70_with_suffix
https://sintech.vn/blogs/huong-dan/tu-build-pc-la-lam-gi-tai-sao-phai-tu-chon-cau-hinh,Tự build PC là làm gì? Tại sao phải tự chọn cấu hình? – Sintech,73,over70_with_suffix
https://sintech.vn/blogs/huong-dan/keo-tan-nhiet-kim-loai-long-la-gi-co-nen-dung-khong,Keo tản nhiệt kim loại là gì? Có nên tự thay keo tại nhà? – Sintech,77,over70_with_suffix
https://sintech.vn/blogs/news/copilot-pc-la-gi-co-nen-nang-cap-trong-ky-nguyen-ai,Copilot+ PC là gì? Có nên nâng cấp trong kỷ nguyên AI? – Sintech,74,over70_with_suffix
https://sintech.vn/blogs/huong-dan/so-sanh-ram-ddr4-vs-ddr5-dang-mua-nam-2025-nen-chon-loai-nao,So sánh RAM DDR4 vs DDR5 đáng mua năm 2025: nên chọn loại nào? – Sintech,82,over70_with_suffix
https://sintech.vn/blogs/huong-dan/tai-sao-quat-may-tinh-keu-to-nguyen-nhan-va-cach-xu-ly,Tại sao quạt máy tính kêu to? Nguyên nhân và cách xử lý – Sintech,75,over70_with_suffix
https://sintech.vn/blogs/huong-dan/cach-build-pc-gaming-chuan-tu-game-nhe-den-max-setting-aaa,Cách Build PC Gaming Chuẩn – Từ Game Nhẹ Đến Max Setting AAA – Sintech,80,over70_with_suffix
https://sintech.vn/blogs/huong-dan/pc-bi-giat-dien-co-sao-khong-nguyen-nhan-cach-khac-phuc-tai-nha,PC bị giật điện có sao không? Nguyên nhân và cách xử lý – Sintech,75,over70_with_suffix
https://sintech.vn/blogs/news/npu-la-gi-vi-sao-pc-2025-can-co-npu-de-chay-ai-muot-ma-hon,NPU là gì? Vì sao PC 2025 cần có NPU để chạy AI mượt mà hơn – Sintech,79,over70_with_suffix
https://sintech.vn/blogs/huong-dan/top-gpu-hop-ly-cho-game-thu-ngan-sach-tam-trung-duoi-8-trieu-nam-202,Top GPU hợp lý cho game thủ ngân sách tầm trung (dưới 8 triệu) năm 202 – Sintech,90,over70_with_suffix
https://sintech.vn/blogs/news/ai-overviews-khi-google-lam-thay-doi-luat-choi-seo,AI Overviews – Khi Google làm thay đổi luật chơi SEO – Sintech,72,over70_with_suffix
https://sintech.vn/blogs/huong-dan/sinh-vien-tp-hcm-chon-laptop-van-phong-10-15-trieu-nen-uu-tien-gi,Sinh viên TP.HCM chọn laptop văn phòng 10–15 triệu: Nên ưu tiên gì? – Sintech,87,over70_with_suffix
https://sintech.vn/blogs/huong-dan/build-pc-12-15-trieu-cho-hoc-sinh-sinh-vien-hoc-tap-va-choi-lol-val,"Build PC 12–15 Triệu Cho Học Sinh, Sinh Viên: Học Tập Và Chơi LoL, Val – Sintech",90,over70_with_suffix
https://sintech.vn/blogs/huong-dan/build-pc-gaming-gia-10-25-trieu-tai-quan-7-sintech-uu-dai-dich-vu,Build PC Gaming Giá 10–25 Triệu Tại Quận 7 – Sintech: Ưu Đãi & Dịch Vụ,80,over70_with_suffix
https://sintech.vn/blogs/news/cach-chon-mua-man-hinh-may-tinh-tot-ben-dep-va-phu-hop-nhu-cau,"Cách chọn mua màn hình máy tính tốt, bền đẹp và phù hợp nhu cầu – Sintech",83,over70_with_suffix
https://sintech.vn/blogs/huong-dan/so-sanh-3-vga-tam-gia-5-7-trieu-rtx-3050-vs-rtx-3060-vs-rx-6600-car,So sánh 3 VGA tầm giá 5–7 triệu: RTX 3050 vs RTX 3060 vs RX 6600 – car – Sintech,90,over70_with_suffix
https://sintech.vn/blogs/news/uu-va-nhuoc-diem-cua-cac-loai-man-hinh-may-tinh-pho-bien-hien-nay,Ưu và nhược điểm của các loại màn hình máy tính phổ biến hiện nay – Sintech,85,over70_with_suffix
https://sintech.vn/blogs/news/cach-lay-lai-file-word-goc-chua-luu-tren-macbook-va-windows-moi-nhat,"Cách lấy lại file Word gốc, chưa lưu trên Macbook và Windows mới nhất – Sintech",89,over70_with_suffix
https://sintech.vn/blogs/news/amd-ra-mat-vi-xu-ly-ryzen-9000-series-kien-truc-zen-5,AMD ra mắt vi xử lý Ryzen 9000 Series kiến trúc Zen 5 – Sintech,73,over70_with_suffix
https://sintech.vn/blogs/news/tong-hop-nhung-kien-thuc-quan-trong-ve-cpu-cua-intel,Tổng hợp những kiến thức quan trọng về CPU của Intel – Sintech,72,over70_with_suffix
https://sintech.vn/blogs/news/chip-ai-la-gi-ung-dung-chip-ai-trong-the-gioi-cong-nghe,Chip AI Là Gì? Ứng Dụng Chip AI Trong Thế Giới Công Nghệ – Sintech,76,over70_with_suffix
https://sintech.vn/blogs/news/keycaps-la-gi-bi-quyet-chon-keycaps-phu-hop-cho-tung-loai-ban-phim,Keycaps Là Gì? Bí Quyết Chọn Keycaps Phù Hợp Cho Từng Loại Bàn Phím – Sintech,87,over70_with_suffix
https://sintech.vn/blogs/news/ro-ri-ve-nvidia-rtx-5080-khien-mot-so-game-thu-pc-lo-lang-rang-nvidia,Rò rỉ về Nvidia RTX 5080 khiến một số game thủ PC lo lắng rằng Nvidia – Sintech,89,over70_with_suffix
https://sintech.vn/blogs/news/bang-ma-loi-mainboard-huananzhi-x99-x79,Tổng hợp mã lỗi Mainboard Huananzhi X99 X79 và cách sửa – Sintech,75,over70_with_suffix
https://sintech.vn/blogs/news/danh-gia-ssd-samsung-t5-evo-thiet-ke-nho-gon-luu-tru-khung-len-den-8,"Đánh giá SSD Samsung T5 EVO: Thiết kế nhỏ gọn, lưu trữ khủng lên đến 8 – Sintech",90,over70_with_suffix
https://sintech.vn/blogs/news/huong-dan-4-cach-phong-to-thu-nho-man-hinh-may-tinh,"Hướng dẫn 4 cách phóng to, thu nhỏ màn hình máy tính – Sintech",72,over70_with_suffix
https://sintech.vn/blogs/news/vram-la-gi-bao-nhieu-gb-vram-la-du-dung-phan-biet-giua-vram-va-ram-b,VRAM là gì? Bao nhiêu GB VRAM là đủ dùng? Phân biệt giữa VRAM và RAM b – Sintech,90,over70_with_suffix
https://sintech.vn/blogs/news/windows-12-he-dieu-hanh-moi-nhat-cua-microsoft-co-gi-hap-dan,Windows 12: Hệ điều hành mới nhất của Microsoft có gì hấp dẫn? – Sintech,82,over70_with_suffix
https://sintech.vn/blogs/huong-dan/huong-dan-build-pc-gaming-va-lam-viec-voi-ngan-sach-30-trieu-12-2024,Hướng Dẫn Build PC Gaming Và Làm Việc Với Ngân Sách 30 Triệu (12/2024) – Sintech,90,over70_with_suffix
https://sintech.vn/blogs/news/intel-duoc-don-doan-se-ra-mat-gpu-battlemage-24gb-bo-nho-vao-nam-2025,"Intel Được Đồn Đoán Sẽ Ra Mắt GPU Battlemage 24GB Bộ Nhớ Vào Năm 2025, – Sintech",90,over70_with_suffix
https://sintech.vn/blogs/news/su-kien-ifa-2024-bung-no-sang-tao-dinh-hinh-xu-huong-cong-nghe-moi,"Sự kiện IFA 2024: Bùng nổ sáng tạo, định hình xu hướng công nghệ mới – Sintech",88,over70_with_suffix
https://sintech.vn/blogs/news/rtx-5060-rtx-5060-ti-quai-vat-tam-trung-khuay-dao-thi-truong-nam,"RTX 5060 & RTX 5060 Ti: ""Quái vật"" tầm trung khuấy đảo thị trường năm – Sintech",89,over70_with_suffix
https://sintech.vn/blogs/news/hien-tuong-nghen-co-chai-pc-la-gi-cach-khac-phuc-ra-sao,Hiện tượng nghẽn cổ chai PC là gì? Cách khắc phục ra sao? – Sintech,77,over70_with_suffix
https://sintech.vn/blogs/news/tat-tan-tat-ve-pcie-7-0-but-pha-hieu-nang-may-tinh-trong-nam-2024,Tất Tần Tật Về PCIe 7.0: Bứt Phá Hiệu Năng Máy Tính Trong Năm 2024 – Sintech,86,over70_with_suffix
https://sintech.vn/blogs/news/intel-arc-b570-em-ut-nha-battlemage-hieu-nang-the-nao-so-voi-b580,"Intel Arc B570: Em út nhà Battlemage, hiệu năng thế nào so với B580? – Sintech",88,over70_with_suffix
https://sintech.vn/blogs/huong-dan/dich-vu-sua-may-tinh-quan-7-cam-ket-uy-tin-va-minh-bach,Dịch Vụ Sửa Máy Tính Quận 7: Cam Kết Uy Tín và Minh Bạch – Sintech,76,over70_with_suffix
https://sintech.vn/blogs/huong-dan/sua-chua-may-tinh-quan-7-dich-vu-tan-noi-nhanh-chong,"Sửa Chữa Máy Tính, Laptop Quận 7 - Dịch Vụ Tận Nơi Uy Tín – Sintech",77,over70_with_suffix
https://sintech.vn/blogs/huong-dan/cap-cuu-laptop-dinh-nuoc-lam-gi-ngay-lap-tuc-de-cuu-may,Cấp cứu laptop dính nước: Làm gì ngay lập tức để cứu máy? – Sintech,77,over70_with_suffix
https://sintech.vn/blogs/huong-dan/pc-nao-choi-duoc-gta-5-goi-y-build-pc-choi-gta-v-muot-ma-gia-tot,"PC nào chơi được GTA 5? Gợi ý build PC chơi GTA V mượt mà, giá tốt – Sintech",86,over70_with_suffix
https://sintech.vn/blogs/huong-dan/cpu-for-programming-do-hoa-vi-sao-intel-i5-i7-i9-la-lua-chon-hang-d,CPU for Programming & Đồ Hoạ: Vì sao Intel i5/i7/i9 là lựa chọn hàng đ – Sintech,90,over70_with_suffix
https://sintech.vn/blogs/huong-dan/build-pc-15-20-trieu-choi-lien-minh-valorant-fo4-muot-1080p-build-t,"BUILD PC 15–20 triệu chơi Liên Minh, Valorant, FO4 mượt 1080p: Build t – Sintech",90,over70_with_suffix
https://sintech.vn/blogs/huong-dan/ddr4-vs-ddr5-16gb-2025-khac-gi-nhau-co-nen-nang-cap-so-sanh-hieu-na,"DDR4 vs DDR5 16GB 2025: khác gì nhau, có nên nâng cấp? So sánh hiệu nă – Sintech",90,over70_with_suffix
https://sintech.vn/blogs/huong-dan/may-tinh-tu-tat-nguon-nguyen-nhan-va-cach-xu-ly-tai-nha,Máy Tính Tự Tắt Nguồn: Nguyên Nhân Và Cách Xử Lý Tại Nhà – Sintech,76,over70_with_suffix
https://sintech.vn/blogs/huong-dan/top-5-ban-phim-co-gia-tot-duoi-1-trieu-dang-mua-2025-de-mua-tai-quan,Top 5 Bàn Phím Cơ Giá Tốt Dưới 1 Triệu Đáng Mua 2025 – Dễ Mua Tại Quận – Sintech,90,over70_with_suffix
https://sintech.vn/blogs/news/hkc-ant-esports-ra-mat-ant275pq-max-man-hinh-ips-qhd-nhanh-nhat-the-g,HKC Ant Esports ra mắt ANT275PQ Max: Màn hình IPS QHD nhanh nhất thế g – Sintech,90,over70_with_suffix
https://sintech.vn/blogs/huong-dan/corsair-ra-mat-ws3000-bo-nguon-3000w-atx-3-1-cho-may-tram-hieu-nang,CORSAIR Ra Mắt WS3000 – Bộ Nguồn 3000W ATX 3.1 Cho Máy Trạm Hiệu Năng – Sintech,89,over70_with_suffix
https://sintech.vn/blogs/news/cau-hinh-choi-gta-5-grand-theft-auto-v-tren-pc-laptop,"Cấu hình chơi GTA 5 - Grand Theft Auto V trên PC, Laptop – Sintech",76,over70_with_suffix
https://sintech.vn/blogs/huong-dan/phan-biet-usb-2-0-usb-3-2-gen-1-gen-2-gen-2-2-va-usb-4-0,"Phân Biệt USB 2.0, USB 3.2 (Gen 1 / Gen 2 / Gen 2×2) và USB 4.0 – Sintech",83,over70_with_suffix
https://sintech.vn/blogs/news/cau-hinh-choi-naraka-bladepoint-tren-pc-laptop,"Cấu hình tiêu chuẩn chơi Naraka: Bladepoint trên PC, Laptop – Sintech",79,over70_with_suffix
https://sintech.vn/blogs/news/cach-khac-phuc-loi-command-prompt-tu-mo-tren-windows,Cách khắc phục lỗi Command Prompt tự mở trên PC/Laptop – Sintech,74,over70_with_suffix
https://sintech.vn/blogs/news/cach-phan-biet-clicky-linear-va-tactile-switch-chinh-xac-nhat,"Cách phân biệt Clicky, Linear và Tactile switch chính xác nhất – Sintech",82,over70_with_suffix
https://sintech.vn/blogs/news/tuyen-bo-se-ha-be-nvidia-tai-trung-quoc-nhung-hieu-nang-chip-ai-cua-h,"Tuyên bố sẽ hạ bệ NVIDIA tại Trung Quốc, nhưng hiệu năng chip AI của H – Sintech",90,over70_with_suffix
https://sintech.vn/blogs/news/dia-chi-ip-la-gi-cach-xem-va-doi-dia-chi-ip-tren-windows-va-macbook-n,Địa chỉ IP là gì? Cách xem và đổi địa chỉ IP trên Windows và Macbook n – Sintech,90,over70_with_suffix
https://sintech.vn/blogs/news/cau-truc-arm-la-gi-loi-ich-cua-cau-truc-arm-co-the-ban-chua-biet,Cấu trúc ARM là gì? Lợi ích của cấu trúc ARM có thể bạn chưa biết – Sintech,85,over70_with_suffix
https://sintech.vn/blogs/news/danh-gia-rapoo-vt3-pro-co-dang-mua-voi-muc-gia-duoi-1-trieu,Đánh giá Rapoo VT3 Pro: Có đáng mua với mức giá dưới 1 triệu? – Sintech,81,over70_with_suffix
https://sintech.vn/blogs/news/nvlink-la-gi-cong-nghe-mang-hieu-suat-gap-5-lan-so-voi-pcie-gen-5,NVlink là gì? Công nghệ mang hiệu suất gấp 5 lần so với PCIe Gen 5 – Sintech,86,over70_with_suffix
https://sintech.vn/blogs/news/laptop-lenovo-v14-g4-iru-lua-chon-tot-nhat-cho-hoc-sinh-sinh-vien,"Laptop Lenovo V14 G4 IRU: Lựa Chọn Tốt Nhất Cho Học Sinh, Sinh Viên – Sintech",87,over70_with_suffix
https://sintech.vn/blogs/news/ghe-cong-thai-hoc-va-ghe-gaming-dau-la-lua-chon-tot-nhat,Ghế công thái học và ghế Gaming: Đâu là lựa chọn tốt nhất? – Sintech,78,over70_with_suffix
https://sintech.vn/blogs/news/snap-tap-la-gi-tai-sao-snap-tap-lai-pho-bien-trong-gioi-game-thu,Snap Tap là gì? Tại sao Snap Tap lại phổ biến trong giới game thủ – Sintech,85,over70_with_suffix
https://sintech.vn/blogs/huong-dan/kiem-tra-toc-do-mang-lam-sao-biet-duong-truyen-cua-ban-co-thuc-su-nha,Kiểm Tra Tốc Độ Mạng: Làm Sao Biết Đường Truyền Của Bạn Có Thực Sự Nha – Sintech,90,over70_with_suffix
https://sintech.vn/blogs/news/amd-ryzen-200-va-intel-core-200-du-kien-ra-mat-tu-cuoi-nam-nay-danh-c,"AMD Ryzen 200 và Intel Core 200 dự kiến ra mắt từ cuối năm nay, dành c – Sintech",90,over70_with_suffix
https://sintech.vn/blogs/news/ban-dang-cam-chuot-dung-cach-chua-kham-pha-cac-kieu-cam-chuot-pho-bie,Bạn đang cầm chuột đúng cách chưa? Khám phá các kiểu cầm chuột phổ biế – Sintech,90,over70_with_suffix
https://sintech.vn/blogs/news/unity-la-gi-cach-cai-dat-chi-tiet-cho-nguoi-moi-bat-dau,Unity là gì? Cách cài đặt chi tiết cho người mới bắt đầu – Sintech,76,over70_with_suffix
https://sintech.vn/blogs/news/visual-studio-code-la-gi-cac-tinh-nang-noi-bat-cua-visual-studio-code,Visual Studio Code là gì? Các tính năng nổi bật của Visual Studio Code – Sintech,90,over70_with_suffix
https://sintech.vn/blogs/news/cuda-core-la-gi-vai-tro-cua-cuda-trong-gpu-do-hoa-nvidia,CUDA Core là gì? Vai trò của CUDA trong GPU đồ họa NVIDIA – Sintech,77,over70_with_suffix
https://sintech.vn/blogs/news/asus-rog-raikiri-pro-but-pha-moi-gioi-han-chinh-phuc-moi-chien-thang,"ASUS ROG Raikiri Pro: Bứt phá mọi giới hạn, chinh phục mọi chiến thắng – Sintech",90,over70_with_suffix
https://sintech.vn/blogs/news/arm-man-hinh-la-gi-co-nen-dau-tu-thiet-bi-nay-cho-ban-lam-viec-hoac-g,Arm màn hình là gì? Có nên đầu tư thiết bị này cho bàn làm việc hoặc g – Sintech,90,over70_with_suffix
https://sintech.vn/blogs/news/cap-nhat-khong-thieu-rop-laptop-nvidia-rtx-50-bi-tri-hoan-ra-mat-d,"Cập nhật – Không thiếu ROP] Laptop NVIDIA RTX 50 bị trì hoãn, ra mắt d – Sintech",90,over70_with_suffix
https://sintech.vn/blogs/huong-dan/huong-dan-toi-uu-hoa-20-trieu-lua-chon-linh-kien-va-lap-rap-may-tinh-d,Hướng dẫn tối ưu hóa 20 triệu lựa chọn linh kiện và lắp ráp máy tính đ – Sintech,90,over70_with_suffix
https://sintech.vn/blogs/news/dong-card-do-hoa-nvidia-rtx-50-co-muc-gia-khoi-diem-tu-549-usd,Dòng card đồ họa NVIDIA RTX 50 có mức giá khởi điểm từ 549 USD. – Sintech,83,over70_with_suffix
https://sintech.vn/blogs/news/dong-apu-amd-gorgon-point-ryzen-ai-lo-dien-xung-nhip-cao-hon-npu-t,"Dòng APU AMD Gorgon Point ""Ryzen AI"" Lộ Diện: Xung Nhịp Cao Hơn, NPU T – Sintech",90,over70_with_suffix
https://sintech.vn/blogs/news/amd-uu-ai-asus-xfx-powercolor-trong-phan-phoi-rx-9070-series,"AMD Ưu Ái ASUS, XFX & PowerColor Trong Phân Phối RX 9070 Series? – Sintech",84,over70_with_suffix
https://sintech.vn/blogs/news/nvidia-tung-rtx-5060-ti-ngay-khi-het-lenh-cam-review-rtx-5060-ra-mat,"NVIDIA tung RTX 5060 Ti ngay khi hết lệnh cấm review, RTX 5060 ra mắt – Sintech",89,over70_with_suffix
https://sintech.vn/blogs/news/intel-ra-mat-cpu-core-ultra-300-panther-lake-nam-2026-san-xuat-hang,"Intel ra mắt CPU Core Ultra 300 (Panther Lake) năm 2026, sản xuất hàng – Sintech",90,over70_with_suffix
https://sintech.vn/blogs/news/amd-radeon-rx-9050-lo-dien-tinh-co-tren-trang-cua-hang-dien-tu-ban-l,"AMD Radeon RX 9050 ""lộ diện"" tình cờ trên trang cửa hàng điện tử bán l – Sintech",90,over70_with_suffix
https://sintech.vn/blogs/news/asus-ra-mat-bo-pc-hatsune-miku-full-gear-tu-linh-kien-den-thoi-tran,"ASUS ra mắt bộ PC Hatsune Miku ""full gear"": Từ linh kiện đến thời tran – Sintech",90,over70_with_suffix
https://sintech.vn/blogs/huong-dan/pc-cho-designer-freelance-hcm-da-nhiem-thiet-ke-gaming-giai-tri-tr,PC cho Designer/Freelance HCM – Đa nhiệm thiết kế & gaming giải trí tr – Sintech,90,over70_with_suffix
https://sintech.vn/blogs/huong-dan/chon-man-hinh-pc-cho-lap-trinh-ui-ux-2025-huong-dan-chi-tiet-tu-a,Chọn màn hình PC cho lập trình & UI/UX (2025): Hướng dẫn chi tiết từ A – Sintech,90,over70_with_suffix
https://sintech.vn/blogs/huong-dan/cach-tai-va-su-dung-chat-gpt-cho-may-tinh-windows-macos-cap-nhat-20,Cách tải và sử dụng Chat GPT cho máy tính Windows & macOS (Cập nhật 20 – Sintech,90,over70_with_suffix
https://sintech.vn/blogs/huong-dan/amd-radeon-rx-7700-non-xt-ra-mat-am-tham-voi-16gb-vram-gpu-rdna-3,AMD Radeon RX 7700 (Non-XT) Ra Mắt Âm Thầm Với 16GB VRAM – GPU RDNA 3 – Sintech,89,over70_with_suffix
https://sintech.vn/blogs/huong-dan/co-nen-cam-sac-laptop-khi-khong-su-dung-giai-dap-chi-tiet-nhat-2025,Có Nên Cắm Sạc Laptop Khi Không Sử Dụng? Giải Đáp Chi Tiết Nhất 2025 – Sintech,88,over70_with_suffix
https://sintech.vn/blogs/huong-dan/top-phan-mem-test-vga-card-man-hinh-hieu-qua-2025-giup-kiem-tra-hi,Top phần mềm test VGA (card màn hình) hiệu quả 2026 – Sintech,71,over70_with_suffix
https://sintech.vn/blogs/huong-dan/dich-vu-it-tron-goi-sintech,"Dịch vụ IT trọn gói, hỗ trợ tận nhà cho PC và laptop nhanh – Sintech",78,over70_with_suffix
https://sintech.vn/blogs/huong-dan/chatgpt-atlas-co-gi-thu-vi-toan-canh-trinh-duyet-ai-the-he-moi,ChatGPT Atlas có gì thú vị? Toàn cảnh trình duyệt AI thế hệ mới – Sintech,83,over70_with_suffix
https://sintech.vn/blogs/news/trung-quoc-lan-dau-tien-ra-mat-gpu-6nm-danh-cho-game-va-ai-lisuan-7g106-12-gb-7g105-24-gb,Trung Quốc ra mắt GPU 6nm nhà làm Lisuan 7G106 & 7G105 nhanh hơn 4060 – Sintech,89,over70_with_suffix
https://sintech.vn/blogs/huong-dan/giam-tieng-on-quat-pc-nguyen-nhan-cach-khac-phuc-hieu-qua-2025,Giảm tiếng ồn quạt PC: Nguyên nhân & cách khắc phục hiệu quả (2025) – Sintech,87,over70_with_suffix
https://sintech.vn/blogs/huong-dan/tu-build-pc-can-luu-y-gi,Tự Build PC Cần Lưu Ý Gì? 10 Lỗi Người Mới Build Hay Gặp – Sintech,76,over70_with_suffix
https://sintech.vn/blogs/huong-dan/build-pc-15-trieu,"Build PC giá rẻ 15 triệu cho LOL, Valorant, CS2, học tập tốt – Sintech",80,over70_with_suffix
https://sintech.vn/blogs/huong-dan/cach-nhan-biet-video-duoc-tao-boi-ai-va-cach-tu-kiem-tra-that-gia-ma,Cách Nhận Biết Video Được Tạo Bởi AI – Và Cách Tự Kiểm Tra Thật Giả Mà – Sintech,90,over70_with_suffix
https://sintech.vn/blogs/huong-dan/rtx-4060-cu-co-dang-mua-khong,RTX 4060 cũ có đáng mua không? Cách test VGA trước khi mua – Sintech,78,over70_with_suffix
https://sintech.vn/blogs/huong-dan/build-pc-do-hoa,"Hướng Dẫn Build PC Đồ Họa Cho Photoshop, Premiere, AutoCAD – Sintech",78,over70_with_suffix
https://sintech.vn/blogs/huong-dan/build-pc-40-trieu,"Hướng Dẫn Build PC 40 Triệu Cho Gaming 2K, Đồ Họa Và AI – Sintech",75,over70_with_suffix
https://sintech.vn/blogs/news/cau-hinh-choi-cs2-counter-strike-2-tren-pc-laptop,"Cấu hình chơi CS2 - Counter Strike 2 trên PC, Laptop – Sintech",72,over70_with_suffix
https://sintech.vn/blogs/news/cau-hinh-choi-pubg-playerunknown-s-battlegrounds-tren-pc-laptop,"Cấu hình chơi PUBG - PlayerUnknown’s Battlegrounds trên PC, Laptop – Sintech",86,over70_with_suffix
https://sintech.vn/blogs/news/asus-tuf-a14-2024-buoc-ngoat-vuot-troi-cua-laptop-gaming-hieu-nang-ai,ASUS TUF A14 2024: Bước ngoặt vượt trội của laptop gaming hiệu năng AI – Sintech,90,over70_with_suffix
https://sintech.vn/blogs/news/trung-tam-sua-pc-uy-tin-lay-ngay-o-quan-7,Trung Tâm Sửa PC Quận 7 Uy tín - Giá Tốt - Lấy Ngay – Sintech,71,over70_with_suffix
https://sintech.vn/blogs/news/cau-hinh-toi-thieu-choi-lien-minh-huyen-thoai-lol-muot-gia-sinh-vien,Cấu hình tối thiểu chơi Liên Minh Huyền Thoại LOL mượt giá sinh viên – Sintech,88,over70_with_suffix
https://sintech.vn/blogs/news/rdna-4-amd-chinh-thuc-trinh-lang-kien-truc-do-hoa-the-he-tiep-theo,RDNA 4: AMD chính thức trình làng kiến trúc đồ họa thế hệ tiếp theo – Sintech,87,over70_with_suffix
https://sintech.vn/blogs/news/nhung-may-tinh-de-ban-tot-nhat-cho-doanh-nghiep-nam-2024,Những Máy Tính Để Bàn Tốt Nhất Cho Doanh Nghiệp Năm 2024 – Sintech,76,over70_with_suffix
https://sintech.vn/blogs/news/notion-ai-tro-ly-viet-lach-thong-minh-nang-cao-hieu-suat-lam-viec,"Notion AI: Trợ lý viết lách thông minh, nâng cao hiệu suất làm việc – Sintech",87,over70_with_suffix
https://sintech.vn/blogs/news/tim-hieu-ve-microled-man-hinh-hien-thi-dinh-cao-cho-moi-trai-nghiem,Tìm hiểu về MicroLED: Màn hình hiển thị đỉnh cao cho mọi trải nghiệm – Sintech,88,over70_with_suffix
https://sintech.vn/blogs/news/gemini-live-kham-pha-the-gioi-thong-qua-cuoc-tro-chuyen-thong-minh,Gemini Live: Khám phá thế giới thông qua cuộc trò chuyện thông minh – Sintech,87,over70_with_suffix
https://sintech.vn/blogs/news/bang-ma-loi-mainboard-huananzhi-x99,Bảng mã lỗi Mainboard Huananzhi X99 đầy đủ mới nhất – Sintech,71,over70_with_suffix
https://sintech.vn/blogs/news/toc-do-the-nho-la-gi-cach-kiem-tra-don-gian-va-chinh-xac-nhat,Tốc độ thẻ nhớ là gì? Cách kiểm tra đơn giản và chính xác nhất – Sintech,82,over70_with_suffix
https://sintech.vn/blogs/news/tan-so-quet-man-hinh-la-gi-diem-danh-cac-loai-tan-so-man-hinh-pho-bie,Tần số quét màn hình là gì? Điểm danh các loại tần số màn hình phổ biế – Sintech,90,over70_with_suffix
https://sintech.vn/blogs/news/backlit-keyboard-la-gi-cach-chon-ban-phim-backlit-phu-hop-voi-nhu-cau,Backlit Keyboard là gì? Cách chọn bàn phím Backlit phù hợp với nhu cầu – Sintech,90,over70_with_suffix
https://sintech.vn/blogs/news/card-do-hoa-laptop-la-gi-cach-chon-card-do-hoa-roi-laptop-phu-hop-nhu,Card đồ họa laptop là gì? Cách chọn card đồ họa rời laptop phù hợp nhu – Sintech,90,over70_with_suffix
https://sintech.vn/blogs/news/cam-bien-hero-la-gi-lieu-co-phu-hop-voi-nhu-cau-choi-game-cua-ban,Cảm biến Hero là gì? Liệu có phù hợp với nhu cầu chơi game của bạn? – Sintech,87,over70_with_suffix
https://sintech.vn/blogs/news/bing-image-creator-bi-kip-tao-hinh-anh-thu-hut-traffic-cho-website,Bing Image Creator: Bí Kíp Tạo Hình Ảnh Thu Hút Traffic Cho Website – Sintech,87,over70_with_suffix
https://sintech.vn/blogs/news/logitech-g-hub-la-gi-ung-dung-tan-dung-toi-da-thiet-bi-gaming,Logitech G Hub là gì? Ứng dụng tận dụng tối đa thiết bị gaming – Sintech,82,over70_with_suffix
https://sintech.vn/blogs/news/pc-mini-itx-la-gi-loi-ich-khi-chon-pc-mini-thay-pc-thuong,PC Mini ITX Là Gì? Lợi Ích Khi Chọn PC Mini Thay PC Thường – Sintech,78,over70_with_suffix
https://sintech.vn/blogs/news/facebook-instagram-thu-thap-du-lieu-tat-ca-nguoi-dung-australia-gom-c,"Facebook, Instagram thu thập dữ liệu tất cả người dùng Australia gồm c – Sintech",90,over70_with_suffix
https://sintech.vn/blogs/news/vi-sao-sony-bi-game-thu-nem-da-du-doi-khi-he-lo-ps5-pro,Vì sao Sony bị game thủ 'ném đá' dữ dội khi hé lộ PS5 Pro? – Sintech,78,over70_with_suffix
https://sintech.vn/blogs/news/ra-mat-iphone-16-la-su-kien-chan-nhat-tu-truoc-den-nay-cua-apple-ph,"Ra mắt iPhone 16 là sự kiện ""chán nhất từ trước đến nay"" của Apple: Ph – Sintech",90,over70_with_suffix
https://sintech.vn/blogs/news/4-cach-khac-phuc-loi-man-hinh-xanh-chet-choc-tren-windows-11,4 cách khắc phục lỗi màn hình xanh 'chết chóc' trên Windows 11 – Sintech,82,over70_with_suffix
https://sintech.vn/blogs/news/cuoc-chien-ai-trong-tieu-dung-momo-long-chau-doji-samsung-cake,"""Cuộc chiến"" AI trong tiêu dùng: MoMo, Long Châu, DOJI, Samsung, Cake – Sintech",89,over70_with_suffix
https://sintech.vn/blogs/news/loi-404-not-found-la-gi-9-cach-khac-phuc-loi-404-not-found-hieu-qua,Lỗi 404 Not Found là gì? 9 cách khắc phục lỗi 404 Not Found hiệu quả – Sintech,88,over70_with_suffix
https://sintech.vn/blogs/news/ifa-2024-co-gi-tai-gian-trung-bay-cua-samsung-do-gi-cung-tich-hop-a,[IFA 2024] Có gì tại gian trưng bày của Samsung: đồ gì cũng tích hợp A – Sintech,90,over70_with_suffix
https://sintech.vn/blogs/news/vua-ra-mat-iphone-16-series-da-lot-vao-danh-sach-de-cu-better-choice,"Vừa ra mắt, iPhone 16 Series đã lọt vào danh sách đề cử Better Choice – Sintech",89,over70_with_suffix
https://sintech.vn/blogs/news/so-sanh-tan-nhiet-nuoc-va-tan-nhiet-khi-nen-lua-chon-bo-tan-nhiet-nao,So sánh tản nhiệt nước và tản nhiệt khí: Nên lựa chọn bộ tản nhiệt nào – Sintech,90,over70_with_suffix
https://sintech.vn/blogs/news/ram-ecc-la-gi-tim-hieu-va-phan-biet-giua-ram-thuong-va-ram-ecc,RAM ECC là gì? Tìm hiểu và phân biệt giữa RAM thường và RAM ECC – Sintech,83,over70_with_suffix
https://sintech.vn/blogs/news/cac-phim-tat-excel-huu-ich-cho-nguoi-ban-ron-nang-cao-nang-suat-cong,Các phím tắt Excel hữu ích cho người bận rộn: nâng cao năng suất công – Sintech,89,over70_with_suffix
https://sintech.vn/blogs/news/o-cung-di-dong-la-gi-va-ly-do-ban-nen-so-huu-mot-o-cung-di-dong,Ổ cứng di động là gì và lý do bạn nên sở hữu một ổ cứng di động – Sintech,83,over70_with_suffix
https://sintech.vn/blogs/news/microsoft-office-2024-tat-dieu-khien-mac-dinh-activex,Microsoft Office 2024 tắt điều khiển mặc định ActiveX – Sintech,73,over70_with_suffix
https://sintech.vn/blogs/news/intel-xac-nhan-ngay-ra-mat-chinh-thuc-gpu-arc-battlemage-the-he-moi,"Intel Xác Nhận Ngày Ra Mắt Chính Thức GPU Arc ""Battlemage"" Thế Hệ Mới – Sintech",89,over70_with_suffix
https://sintech.vn/blogs/news/bat-mi-cach-gan-quat-tan-nhiet-cho-pc-trong-5-buoc-don-gian-nhanh-cho,"Lắp fan PC đúng cách, tránh nóng máy và bụi, 5 bước đơn giản – Sintech",80,over70_with_suffix
https://sintech.vn/blogs/news/thong-so-intel-arc-b570-gpu-ro-ri-thong-tin-suc-manh-card-tam-trung-d,Thông Số Intel Arc B570 GPU Rò Rỉ Thông Tin: Sức Mạnh Card Tầm Trung Đ – Sintech,90,over70_with_suffix
https://sintech.vn/blogs/news/msi-geforce-rtx-5080-suprim-soc-bung-no-hieu-nang-voi-thiet-ke-choan,MSI GeForce RTX 5080 SUPRIM SOC – Bùng Nổ Hiệu Năng Với Thiết Kế Choán – Sintech,90,over70_with_suffix
https://sintech.vn/blogs/news/intel-ra-mat-tien-trinh-18a-buoc-dot-pha-cho-bo-phan-foundry-trong-cu,Intel Ra Mắt Tiến Trình 18A: Bước Đột Phá Cho Bộ Phận Foundry Trong Cu – Sintech,90,over70_with_suffix
https://sintech.vn/blogs/news/intel-gaudi-3-chinh-thuc-co-mat-tren-ibm-cloud-hieu-suat-vuot-nvidia,Intel Gaudi 3 Chính Thức Có Mặt Trên IBM Cloud – Hiệu Suất Vượt NVIDIA – Sintech,90,over70_with_suffix
https://sintech.vn/blogs/news/amd-thach-thuc-nvidia-grace-intel-granite-rapids-voi-epyc-the-he-5-h,AMD Thách Thức NVIDIA Grace & Intel Granite Rapids Với EPYC Thế Hệ 5 H – Sintech,90,over70_with_suffix
https://sintech.vn/blogs/news/amd-xac-nhan-ngay-ra-mat-ryzen-9-9900x3d-9950x3d-trung-quoc-ro-ri-g,"AMD xác nhận ngày ra mắt Ryzen 9 9900X3D & 9950X3D, Trung Quốc rò rỉ g – Sintech",90,over70_with_suffix
https://sintech.vn/blogs/huong-dan/office-2021-ban-quyen-khac-gi-office-crack-khi-dung-cho-cong-viec-hang-ngay,Office 2021 bản quyền khác gì Office crack khi làm việc – Sintech,75,over70_with_suffix
https://sintech.vn/blogs/news/microsoft-sa-thai-gan-9-000-nhan-vien-de-tai-tro-cho-ai-khi-ai-bat-da,Microsoft sa thải gần 9.000 nhân viên để tài trợ cho AI: Khi AI bắt đầ – Sintech,90,over70_with_suffix
https://sintech.vn/blogs/huong-dan/laptop-vo-nhua-hay-kim-loai-chon-sao-cho-dung-nhu-cau,Laptop vỏ nhựa hay kim loại – chọn sao cho đúng nhu cầu? – Sintech,76,over70_with_suffix
https://sintech.vn/blogs/huong-dan/co-nen-mua-ssd-cu,"Có nên mua SSD cũ không? Kinh nghiệm chọn SSD cũ bền, ít lỗi – Sintech",80,over70_with_suffix
https://sintech.vn/blogs/news/amd-chuan-bi-ra-mat-radeon-rx-9070-gre-voi-hieu-nang-manh-gia-canh-tr,"AMD chuẩn bị ra mắt Radeon RX 9070 GRE với hiệu năng mạnh, giá cạnh tr – Sintech",90,over70_with_suffix
https://sintech.vn/blogs/news/lo-dien-geforce-rtx-5060-5050-laptop-asus-xac-nhan-ca-hai-deu-dung,Lộ Diện GeForce RTX 5060 & 5050 Laptop: ASUS Xác Nhận Cả Hai Đều Dùng – Sintech,89,over70_with_suffix
https://sintech.vn/blogs/news/intel-core-ultra-200hx-npu-tang-hieu-suat-choi-game-va-su-dung-ai-ho-t,Intel Core Ultra 200HX NPU Tăng Hiệu Suất Chơi Game và Sử Dụng AI Hỗ T – Sintech,90,over70_with_suffix
https://sintech.vn/blogs/huong-dan/build-pc-van-phong-gia-re,"Build PC văn phòng giá rẻ, cấu hình tốt, học tập và làm việc – Sintech",80,over70_with_suffix
https://sintech.vn/pages/thuamualinhkiencu,"Bảng giá thu cũ linh kiện - Thu đổi đổi mới PC, laptop – Sintech",74,over70_with_suffix
https://sintech.vn/pages/chinh-sach-tra-gop,Chính sách trả góp bằng thẻ tín dụng và qua công ty tài chính – Sintech,81,over70_with_suffix
https://sintech.vn/pages/xay-dung-cau-hinh,Build PC Online: Chọn linh kiện giá tốt - trả góp từ 0% – Sintech,75,over70_with_suffix
https://sintech.vn/collections/pc-gaming-do-hoa-ai,"PC Gaming – Đồ Họa – AI Chính Hãng, Hiệu Năng Cao Giá Tốt – Sintech",77,over70_with_suffix
https://sintech.vn/collections/pc-mini-pc,"Mini PC giá rẻ, nhỏ gọn cho văn phòng và làm việc linh hoạt – Sintech",79,over70_with_suffix
https://sintech.vn/collections/pc-rtx-4090-5090,"PC RTX 4090 / 5090 đầu bảng cho AI, game 4K cao cấp – Sintech",71,over70_with_suffix
https://sintech.vn/collections/pc-gaming-50-80-trieu,"PC Gaming 50 - 80 Triệu Hiệu Năng Cao, Chiến Game Cực Mượt – Sintech",78,over70_with_suffix
https://sintech.vn/collections/pc-gaming-80-100-trieu,"PC Gaming 80 - 100 Triệu Cấu Hình Khủng, Hiệu Năng Đỉnh – Sintech",75,over70_with_suffix
https://sintech.vn/collections/pc-gaming-theo-vga,"Mua PC theo VGA từ RTX 3050 đến RTX 5090 chính hãng, giá rẻ – Sintech",79,over70_with_suffix
https://sintech.vn/collections/pc-esport,"PC Esport cấu hình mạnh, FPS cao chiến game mượt, giá tốt – Sintech",77,over70_with_suffix
https://sintech.vn/collections/pc-3d-rendering,"PC 3D Rendering cấu hình mạnh, Render nhanh ổn định – Sintech",71,over70_with_suffix
https://sintech.vn/collections/pc-ke-toan,"PC kế toán cấu hình ổn định, linh kiện chính hãng, giá tốt – Sintech",78,over70_with_suffix
https://sintech.vn/collections/pc-do-hoa,"PC đồ họa cho render, dựng hình, thiết kế hiệu năng cao – Sintech",75,over70_with_suffix
https://sintech.vn/collections/may-bo-hp,"Máy Bộ HP chính hãng cho văn phòng, doanh nghiệp và học tập – Sintech",79,over70_with_suffix
https://sintech.vn/collections/pc-van-phong,"PC văn phòng: Cấu hình tốt, chạy ổn định, hàng chính hãng – Sintech",77,over70_with_suffix
https://sintech.vn/collections/may-tinh-bo,"Máy bộ chính hãng, cấu hình ổn định, giá tốt trả góp 0% – Sintech",75,over70_with_suffix
https://sintech.vn/pages/khuyen-mai-hom-nay,"Khuyến mãi hôm nay, deal hời mỗi ngày PC laptop linh kiện hot – Sintech",81,over70_with_suffix
https://sintech.vn/collections/laptop,"Laptop | Máy tính xách tay chính hãng, cấu hình tốt, giá rẻ – Sintech",79,over70_with_suffix
https://sintech.vn/collections/laptop-gaming,"Laptop Gaming | Chính Hãng, Cấu Hình Mạnh Trả Góp Từ 0% – Sintech",75,over70_with_suffix
https://sintech.vn/collections/man-hinh-asus,"Màn hình Asus chính hãng mượt mà, màn gaming | Giảm đến 24% – Sintech",79,over70_with_suffix
https://sintech.vn/collections/pc-ai-workstation,"PC AI Workstation chạy Local AI mạnh, chính hãng, giá tốt – Sintech",77,over70_with_suffix
https://sintech.vn/collections/man-hinh-viewsonic,"Màn hình ViewSonic 100Hz - 120Hz, gọn cho PC và laptop – Sintech",74,over70_with_suffix
https://sintech.vn/collections/man-hinh-cong,"Màn hình PC cong cho gaming, văn phòng giá từ 1tr850k – Sintech",73,over70_with_suffix
https://sintech.vn/collections/man-hinh-aoc,"Màn hình AOC chính hãng, gaming mượt, đồ hoạ chuẩn màu – Sintech",74,over70_with_suffix
https://sintech.vn/collections/man-hinh-acer,"Màn hình Acer chính hãng, gọn bàn cho văn phòng giá tốt – Sintech",75,over70_with_suffix
https://sintech.vn/collections/linh-kien-may-tinh,"Linh kiện máy tính chính hãng, giá tốt, ưu đãi hời mỗi ngày – Sintech",79,over70_with_suffix
https://sintech.vn/collections/man-hinh-vsp,Màn hình VSP chính hãng giá tốt cho làm việc và giải trí – Sintech,76,over70_with_suffix
https://sintech.vn/collections/man-hinh-do-hoa,"Màn hình đồ họa chính hãng, màu chuẩn, giá tốt trả góp – Sintech",74,over70_with_suffix
https://sintech.vn/collections/man-hinh-22-25-inch,Màn hình 22 - 25 inch giá tốt cho văn phòng và gaming – Sintech,73,over70_with_suffix
https://sintech.vn/collections/man-hinh-27-29-inch,"Màn hình 27 - 29 inch cho gaming, đồ họa và văn phòng – Sintech",73,over70_with_suffix
https://sintech.vn/collections/gia-treo-doi,"Giá treo đôi màn hình chính hãng, lắp nhanh, giá tốt – Sintech",72,over70_with_suffix
https://sintech.vn/collections/man-hinh-34-35-inch,"Màn hình 34-35 inch ultrawide cong, chính hãng giá tốt – Sintech",74,over70_with_suffix
https://sintech.vn/collections/gia-treo-man-hinh,"Giá treo màn hình đơn, đôi giá rẻ | Gọn bàn, dễ chỉnh – Sintech",73,over70_with_suffix
https://sintech.vn/collections/man-hinh-aiwa,Màn hình AIWA 180Hz IPS giá tốt cho gaming và học tập – Sintech,73,over70_with_suffix
https://sintech.vn/collections/man-hinh-240hz-tro-len,Màn hình chính hãng 240Hz trở lên cho FPS và eSports mượt – Sintech,77,over70_with_suffix
https://sintech.vn/collections/cpu-intel,"Cpu Intel chính hãng giảm đến 39% cho gaming, văn phòng – Sintech",75,over70_with_suffix
https://sintech.vn/collections/case-van-phong,"Vỏ case văn phòng chính hãng | gọn bàn, dễ lắp, giá tốt – Sintech",75,over70_with_suffix
https://sintech.vn/collections/ssd-hdd,"Ổ cứng SSD, HDD cho PC laptop | Chính hãng, giá tốt – Sintech",71,over70_with_suffix
https://sintech.vn/collections/mainboard,"Mainboard Intel AMD chính hãng, giá tốt, bảo hành lâu dài – Sintech",77,over70_with_suffix
https://sintech.vn/collections/cpu-amd,"CPU AMD Ryzen chính hãng, giá tốt cho gaming, build PC – Sintech",74,over70_with_suffix
https://sintech.vn/collections/nguon-duoi-550w,Nguồn Dưới 550W chính hãng cho PC văn phòng và gaming nhẹ – Sintech,77,over70_with_suffix
https://sintech.vn/collections/fan-case,"Fan case giá rẻ cho PC gaming, văn phòng | Mát mẻ, gọn gàng – Sintech",79,over70_with_suffix
https://sintech.vn/collections/ban-di-chuot,"Bàn di chuột chính hãng, bề mặt êm mượt, giá tốt cho gamer – Sintech",78,over70_with_suffix
https://sintech.vn/collections/chuot-van-phong,Chuột Văn Phòng giá tốt cho laptop và máy bàn từ 72k – Sintech,72,over70_with_suffix
https://sintech.vn/collections/ban-di-chuot-nho,Bàn di chuột nhỏ gọn giá rẻ cho laptop và bàn văn phòng – Sintech,75,over70_with_suffix
https://sintech.vn/collections/ban-di-chuot-lon,"Bàn di chuột lớn custom, chính hãng, kê rộng dễ rê chuột – Sintech",76,over70_with_suffix
https://sintech.vn/collections/ban-phim-co,"Bàn phím cơ full size, TKL, 75% bền bỉ, bảo hành chính hãng – Sintech",79,over70_with_suffix
https://sintech.vn/collections/chuot-may-tinh,"Chuột máy tính chính hãng, giá rẻ | Gaming, văn phòng êm tay – Sintech",80,over70_with_suffix
https://sintech.vn/collections/ban-phim-gaming,"Bàn phím gaming chính hãng, phản hồi nhanh, giảm đến 24% – Sintech",76,over70_with_suffix
https://sintech.vn/collections/tai-nghe-khong-day,"Tai nghe bluetooth chụp đầu chính hãng, pin trâu, giá tốt – Sintech",77,over70_with_suffix
https://sintech.vn/collections/chuot-khong-day,"Chuột không dây văn phòng, gaming, đa thiết bị giá rẻ từ 99k – Sintech",80,over70_with_suffix
https://sintech.vn/collections/ban,"Bàn gaming, làm việc: Giá tốt, giảm đến 16%, giao tận nơi – Sintech",77,over70_with_suffix
https://sintech.vn/collections/tai-nghe,"Tai nghe có dây, bluetooth chính hãng, giá rẻ cho PC, laptop – Sintech",80,over70_with_suffix
https://sintech.vn/collections/tai-nghe-co-day,"Tai nghe có dây chính hãng, âm thanh rõ, giảm đến 36% – Sintech",73,over70_with_suffix
https://sintech.vn/collections/cap-nguon-laptop,"Cáp Nguồn Laptop, Sạc Ổn Định Giá Tốt, Chọn Đúng Adapter – Sintech",76,over70_with_suffix
https://sintech.vn/collections/hub-usb,"Hub USB chính hãng, mở rộng cổng gọn cho PC, laptop – Sintech",71,over70_with_suffix
https://sintech.vn/collections/router-wifi,"Router Wifi chính hãng ổn định, phù hợp nhiều không gian – Sintech",76,over70_with_suffix
https://sintech.vn/collections/cap-type-c,"Cáp Type C kết nối nhanh, đa dạng đầu ra, giá tốt chính hãng – Sintech",80,over70_with_suffix
https://sintech.vn/collections/thiet-bi-wifi,"Thiết bị WiFi chính hãng, Router, mesh, 4G LTE, card mạng – Sintech",77,over70_with_suffix
https://sintech.vn/collections/cap-chuyen-doi,"Cáp và HUB chuyển đổi cho màn hình, laptop chính hãng – Sintech",73,over70_with_suffix
https://sintech.vn/collections/usb-wifi,"USB WiFi nhỏ gọn chính hãng, chọn đúng băng tần và tốc độ – Sintech",77,over70_with_suffix
https://sintech.vn/collections/day-mang,"Dây mạng 15k/mét, an toàn cho gia đình, văn phòng và camera – Sintech",79,over70_with_suffix
https://sintech.vn/collections/ve-sinh-pc-tai-cua-hang,"Vệ sinh PC tại cửa hàng, nhanh, sạch, tra keo kỹ lưỡng – Sintech",74,over70_with_suffix
https://sintech.vn/collections/camera-trong-nha,"Camera trong nhà WiFi quay 360, đàm thoại, AI chính hãng – Sintech",76,over70_with_suffix
https://sintech.vn/collections/sua-chua-may-tinh,"Sửa chữa máy tính nhanh, uy tín chuyên nghiệp, giá tốt – Sintech",74,over70_with_suffix
https://sintech.vn/collections/ve-sinh-pc-tan-nha,"Vệ sinh PC tận nhà, thợ đến tận nơi, nhanh gọn sạch – Sintech",71,over70_with_suffix
https://sintech.vn/collections/cap-displayport,"Cáp DisplayPort chính hãng, sắc nét, đa dạng chuẩn đầu ra – Sintech",77,over70_with_suffix
https://sintech.vn/collections/the-nho,"Thẻ nhớ microSD, SD chính hãng, tốc độ cao, giá tốt – Sintech",71,over70_with_suffix
https://sintech.vn/collections/laptop-msi,"Laptop MSI chính hãng, giá tốt cho gaming và văn phòng – Sintech",74,over70_with_suffix
https://sintech.vn/collections/laptop-30-40-trieu,"Laptop 30 - 40 Triệu chính hãng, mạnh cho đồ họa, gaming, AI – Sintech",80,over70_with_suffix
https://sintech.vn/collections/laptop-acer,"Laptop Acer cho học tập, làm việc và gaming mượt giá tốt – Sintech",76,over70_with_suffix
https://sintech.vn/collections/laptop-dell,"Laptop Dell chính hãng, mã mới giá tốt, trả góp từ 0% – Sintech",73,over70_with_suffix
https://sintech.vn/collections/laptop-asus,"Laptop Asus chính hãng cho văn phòng, Gaming, trả góp 0% – Sintech",76,over70_with_suffix
https://sintech.vn/collections/macbook,"MacBook chính hãng, mỏng nhẹ, hiệu năng cao giá tốt – Sintech",71,over70_with_suffix
https://sintech.vn/collections/laptop-lenovo,Laptop Lenovo chính hãng cho văn phòng và gaming giá tốt – Sintech,76,over70_with_suffix
https://sintech.vn/collections/pin-laptop,"Pin laptop đúng mã máy, giá thợ, giá tốt, giao nhanh 2h – Sintech",75,over70_with_suffix
https://sintech.vn/collections/ban-phim-laptop,"Bàn phím laptop chính hãng, thay thế chuẩn theo máy – Sintech",71,over70_with_suffix
https://sintech.vn/collections/macbook-air,"MacBook Air sang trọng mỏng nhẹ, bền bỉ, bảo hành chính hãng – Sintech",80,over70_with_suffix
https://sintech.vn/collections/de-tan-nhiet,"Đế tản nhiệt giá rẻ cho laptop gaming, làm mát máy hiệu quả – Sintech",79,over70_with_suffix
https://sintech.vn/collections/ram-laptop,"RAM laptop đúng chuẩn, lắp là chạy, giá tốt chính hãng – Sintech",74,over70_with_suffix
https://sintech.vn/collections/hang-cu,"Hàng cũ chất lượng, PC, laptop linh kiện chính hãng, giá tốt – Sintech",80,over70_with_suffix
https://sintech.vn/collections/laptop-hp,"Laptop HP chính hãng, hiệu năng bền, trả góp 0% giá tốt – Sintech",75,over70_with_suffix
https://sintech.vn/collections/macbook-pro,"MacBook Pro chính hãng, thu cũ đổi mới, giá tốt trả góp 0% – Sintech",78,over70_with_suffix
https://sintech.vn/collections/pc-rtx-4060-5060,"PC Gaming RTX 4060 / 5060 tối ưu game 2K, dễ nâng cấp – Sintech",73,over70_with_suffix
https://sintech.vn/collections/pc-van-phong-may-bo,"PC văn phòng, máy bộ chính hãng cấu hình tối ưu, giá tốt – Sintech",76,over70_with_suffix
https://sintech.vn/collections/pc-streaming-livestream,"PC streaming chính hãng, livestream mượt, trả góp 0% – Sintech",72,over70_with_suffix
https://sintech.vn/collections/pc-gaming-cao-cap,"PC Gaming cao cấp từ 30 triệu chính hãng, hiệu năng mạnh – Sintech",76,over70_with_suffix
https://sintech.vn/collections/pc-gaming,"PC Gaming cho gamer, streamer và Esport | Chính hãng, giá rẻ – Sintech",80,over70_with_suffix
https://sintech.vn/collections/may-bo-lenovo,Máy bộ Lenovo chính hãng cho văn phòng và doanh nghiệp – Sintech,74,over70_with_suffix
https://sintech.vn/collections/may-bo-rosa,"Máy bộ Rosa cho làm việc, học tập và giải trí tại nhà – Sintech",73,over70_with_suffix
https://sintech.vn/collections/man-hinh-30-32-inch,"Màn hình 30 - 32 inch cho gaming, đồ họa và đa nhiệm – Sintech",72,over70_with_suffix
https://sintech.vn/collections/man-hinh-tren-43-inch,"Màn hình trên 43 inch chính hãng cho gaming, đa nhiệm – Sintech",73,over70_with_suffix
https://sintech.vn/collections/man-hinh-ktc,"Màn hình KTC chính hãng 24, 27, 32 inch, gaming, 2K – Sintech",71,over70_with_suffix
https://sintech.vn/collections/nguon-600w-750w,Nguồn 600W - 750W chính hãng cho PC gaming tầm trung – Sintech,72,over70_with_suffix
https://sintech.vn/collections/nang-cap-pc,"Nâng cấp PC chính hãng, tối ưu cấu hình giá tốt tại Q7 – Sintech",74,over70_with_suffix
https://sintech.vn/collections/case-gaming,"Case gaming giá rẻ chính hãng | Dễ lắp, nâng cấp, build đẹp – Sintech",79,over70_with_suffix
https://sintech.vn/collections/tan-nhiet,"Tản nhiệt chính hãng tại, giá tốt | Tản khí, AIO, fan case – Sintech",78,over70_with_suffix
https://sintech.vn/collections/box-ssd-sata,"Box SSD SATA chính hãng, gắn ngoài giá tốt, tân dụng SSD cũ – Sintech",79,over70_with_suffix
https://sintech.vn/collections/laptop-25-30-trieu,"Laptop 25 - 30 triệu văn phòng, đồ họa, gaming trả góp từ 0% – Sintech",80,over70_with_suffix
https://sintech.vn/collections/pc-7-10-trieu,"PC 7 - 10 triệu giá rẻ cho học tập, văn phòng dễ nâng cấp – Sintech",77,over70_with_suffix
https://sintech.vn/collections/pc-gaming-10-20-trieu,"PC Gaming 10 - 20 Triệu Cấu Hình Tốt, Chiến Game Mượt – Sintech",73,over70_with_suffix
https://sintech.vn/collections/pc-van-phong-build-san,"PC văn phòng build sẵn, giá tốt cho NVVP, doanh nghiệp – Sintech",74,over70_with_suffix
https://sintech.vn/collections/laptop-do-hoa,"Laptop đồ họa | Chính hãng, thiết kế, dựng video và 3D tốt – Sintech",78,over70_with_suffix
https://sintech.vn/collections/pc-10-15-trieu,"PC 10-15 triệu cấu hình mạnh, chính hãng, trả góp 0% – Sintech",72,over70_with_suffix
https://sintech.vn/collections/may-in-cam-day,"Mua máy in cắm dây chính hãng cho gia đình, văn phòng – Sintech",73,over70_with_suffix
https://sintech.vn/collections/pc-van-phong-gia-re,"PC văn phòng giá rẻ chính hãng, dễ chọn, chạy ổn định – Sintech",73,over70_with_suffix
https://sintech.vn/collections/pc-gaming-20-30-trieu,"PC Gaming 20 - 30 Triệu Cấu Hình Mạnh, Chiến Game Mượt – Sintech",74,over70_with_suffix
https://sintech.vn/collections/gia-treo-don,"Giá Treo Đơn Màn Hình Chính Hãng Cho Văn Phòng, Bàn Làm Việc – Sintech",80,over70_with_suffix
https://sintech.vn/collections/mainboard-intel,"Mainboard Intel chính hãng cho gaming, đồ họa và văn phòng – Sintech",78,over70_with_suffix
https://sintech.vn/collections/wifi-mesh,"Wifi Mesh Chính Hãng, Phủ Sóng Rộng, Ổn Định Giá Tốt – Sintech",72,over70_with_suffix
https://sintech.vn/collections/dich-vu-ve-sinh-pc,"Dịch vụ vệ sinh PC chuyên nghiệp, sạch kỹ giá tốt, uy tín – Sintech",77,over70_with_suffix
https://sintech.vn/collections/ban-phim-khong-day-1,"Bàn phím không dây Bluetooth kết nối nhanh, chính hãng – Sintech",74,over70_with_suffix
https://sintech.vn/collections/sac-laptop,"Sạc laptop chính hãng, đúng công suất, sạc ổn định giá tốt – Sintech",78,over70_with_suffix
https://sintech.vn/collections/pc-15-20-trieu,"PC 15 - 20 triệu cho văn phòng, đồ họa nhẹ | Trả góp từ 0% – Sintech",78,over70_with_suffix
https://sintech.vn/collections/balo-tui-laptop,"Balo / túi laptop chính hãng, chống sốc tiện lợi, giá rẻ – Sintech",76,over70_with_suffix
https://sintech.vn/collections/may-in-wifi,"Máy in Wifi chính hãng, in gọn hơn cho văn phòng và tại nhà – Sintech",79,over70_with_suffix
https://sintech.vn/collections/pc-gaming-30-50-trieu,"PC Gaming 30 - 50 Triệu Cấu Hình Mạnh, Chiến Game Đỉnh – Sintech",74,over70_with_suffix
https://sintech.vn/collections/fan-case-1,"Fan case giá rẻ cho PC gaming, văn phòng | Mát hơn, gọn hơn – Sintech",79,over70_with_suffix
https://sintech.vn/collections/laptop-hoc-tap-sinh-vien,"Laptop học tập sinh viên gọn nhẹ, chính hãng, giá rẻ – Sintech",72,over70_with_suffix
https://sintech.vn/collections/gaming-gear,"Gaming gear: Chính hãng, giá tốt, trả góp từ 0%, giao nhanh – Sintech",79,over70_with_suffix
https://sintech.vn/collections/keo-thom-laptop,"Kèo thơm laptop | Macbook cũ cho văn phòng, gaming deal hời – Sintech",79,over70_with_suffix
https://sintech.vn/collections/man-hinh-msi,"Màn hình MSI chính hãng 2K, 4K giá rẻ gaming, văn phòng – Sintech",75,over70_with_suffix
https://sintech.vn/collections/man-hinh-may-tinh-pc,"Màn hình PC chính hãng, giá tốt | Gaming, đồ họa, văn phòng – Sintech",79,over70_with_suffix
https://sintech.vn/collections/ban-phim-co-day,"Bàn phím có dây chính hãng cho game thủ, gõ êm giá tốt – Sintech",74,over70_with_suffix
https://sintech.vn/collections/vga-amd,"Card màn hình AMD chính hãng, chạy game mượt, giá tốt – Sintech",73,over70_with_suffix
https://sintech.vn/collections/man-hinh-100hz-144hz,"Màn hình 100Hz - 144Hz chính hãng giá tốt, hiển thị mượt hơn – Sintech",80,over70_with_suffix
https://sintech.vn/collections/phan-mem-ban-quyen,"Phần mềm bản quyền Windows, Office, Kaspersky, Microsoft – Sintech",76,over70_with_suffix
https://sintech.vn/collections/case,"Case PC chính hãng, giá rẻ | Case gaming, văn phòng đẹp – Sintech",75,over70_with_suffix
https://sintech.vn/collections/man-hinh-gaming,"Màn hình PC Gaming mượt mà, tầng số quét cao và sắc nét – Sintech",75,over70_with_suffix
https://sintech.vn/collections/ban-phim,"Bàn phím chính hãng, giá rẻ | Từ 165k, dễ chọn theo nhu cầu – Sintech",79,over70_with_suffix
https://sintech.vn/collections/phu-kien-thiet-bi-mang-1,"Phụ Kiện & Thiết Bị Mạng Chính Hãng, Kết Nối Ổn Định – Sintech",72,over70_with_suffix
https://sintech.vn/collections/camera-ngoai-troi,"Camera ngoài trời chính hãng, chống nước, theo dõi dễ dàng – Sintech",78,over70_with_suffix
https://sintech.vn/collections/thiet-bi-thu-wifi-bluetooth,"Thiết Bị Thu WiFi & Bluetooth chính hãng cho laptop, PC – Sintech",75,over70_with_suffix
https://sintech.vn/collections/chuot-co-day,"Chuột có dây chính hãng từ 70k cho văn phòng, gaming – Sintech",72,over70_with_suffix
https://sintech.vn/collections/chuot-gaming,"Chuột gaming chính hãng | Rê chuẩn, bấm chắc, chơi đã – Sintech",73,over70_with_suffix
https://sintech.vn/collections/dich-vu-sua-chua,"Dịch Vụ & Sửa Chữa PC, Laptop Quận 7 uy tín nhanh gọn – Sintech",73,over70_with_suffix
https://sintech.vn/collections/sua-chua-pc-laptop,Sửa chữa PC laptop phụ kiện chính hãng tại Quận 7giá tốt – Sintech,76,over70_with_suffix
https://sintech.vn/collections/phu-kien-linh-kien-laptop,"Phụ kiện & Linh kiện cho laptop chính hãng, giá tốt – Sintech",71,over70_with_suffix
https://sintech.vn/collections/pc-duoi-7-trieu,"PC dưới 7 triệu gọn ngân sách cho học tập, văn phòng – Sintech",72,over70_with_suffix
https://sintech.vn/collections/camera,"Mua camera an ninh chính hãng sắc nét, an toàn giảm đến 60% – Sintech",79,over70_with_suffix
